# {"t_start": 1680777790.2727165, "env_id": "CarnivalNoFrameskip-v4"} 
r,l,t
920.0,560,6.344529
2080.0,1043,16.771322
2460.0,1321,29.35098
2460.0,1321,42.256233
1840.0,1314,55.705395
