# {"t_start": 1680777790.2911682, "env_id": "CarnivalNoFrameskip-v4"} 
r,l,t
2380.0,1081,11.606524
1460.0,545,17.010777
2080.0,1043,26.948454
2400.0,1040,36.935364
1840.0,1316,50.287776
1840.0,1316,63.351838
