# {"t_start": 1680777790.676399, "env_id": "CarnivalNoFrameskip-v4"} 
r,l,t
2120.0,1046,10.884012
980.0,837,19.117983
1400.0,1065,29.213282
2120.0,1046,39.410509
1840.0,1314,52.785063
2220.0,728,60.068012
