# {"t_start": 1680777790.716275, "env_id": "CarnivalNoFrameskip-v4"} 
r,l,t
2380.0,1081,11.181658
2500.0,1140,22.295099
2380.0,1081,32.622734
2120.0,1147,43.915003
2480.0,960,53.806934
920.0,562,59.342174
1460.0,545,64.606483
