# {"t_start": 1680777790.7104914, "env_id": "CarnivalNoFrameskip-v4"} 
r,l,t
1840.0,1316,13.581683
1840.0,1316,26.194876
2080.0,1043,36.215147
2460.0,1321,49.542504
2500.0,1140,61.023102
