# {"t_start": 1680777790.7583253, "env_id": "CarnivalNoFrameskip-v4"} 
r,l,t
2540.0,1060,10.935043
2460.0,1321,23.768908
1540.0,586,29.339733
2400.0,1039,39.458588
2500.0,1140,51.084622
2080.0,1041,61.440566
