# {"t_start": 1680777790.8074226, "env_id": "CarnivalNoFrameskip-v4"} 
r,l,t
2880.0,1193,12.245683
1840.0,1316,24.936713
1460.0,545,30.136957
2480.0,1103,40.854167
1700.0,1175,52.899277
920.0,562,58.539318
