# {"t_start": 1680777790.8923936, "env_id": "CarnivalNoFrameskip-v4"} 
r,l,t
2380.0,1081,11.006207
2280.0,1258,23.249197
2480.0,960,32.406865
920.0,560,37.831271
2540.0,1060,48.604812
1460.0,545,54.163434
2120.0,1147,65.33833
