# {"t_start": 1680777790.3188667, "env_id": "CarnivalNoFrameskip-v4"} 
r,l,t
980.0,835,9.095477
1700.0,1175,20.697803
1460.0,545,25.877315
920.0,562,31.202913
2500.0,1140,42.32743
2400.0,1039,52.98242
2540.0,1060,63.467352
