# {"t_start": 1680777790.3774576, "env_id": "CarnivalNoFrameskip-v4"} 
r,l,t
980.0,837,9.081755
2080.0,1041,19.359619
980.0,837,27.327839
2080.0,1043,37.378024
2400.0,1040,47.785269
920.0,562,53.605921
1400.0,1065,64.058694
