# {"t_start": 1680777790.4122531, "env_id": "CarnivalNoFrameskip-v4"} 
r,l,t
2120.0,1046,11.147957
2500.0,1140,22.265266
2080.0,1041,32.19189
1460.0,545,37.520752
2080.0,1041,47.923926
2120.0,1049,58.593067
