# {"t_start": 1680777790.4477558, "env_id": "CarnivalNoFrameskip-v4"} 
r,l,t
2080.0,1043,11.066539
2400.0,1040,21.254411
1540.0,586,26.79052
2400.0,1040,36.779279
2440.0,953,46.35471
1540.0,588,52.387241
1540.0,588,58.293564
