# {"t_start": 1680777790.4843683, "env_id": "CarnivalNoFrameskip-v4"} 
r,l,t
2400.0,1040,10.974219
2460.0,1321,23.86854
1300.0,830,31.75252
1840.0,1316,44.76089
920.0,562,50.587156
920.0,560,56.181279
