# {"t_start": 1680777790.5749214, "env_id": "CarnivalNoFrameskip-v4"} 
r,l,t
1840.0,1314,13.682193
2480.0,960,22.973563
2540.0,1060,33.121523
1540.0,586,38.730145
1540.0,586,44.624009
2460.0,1321,58.041595
920.0,562,63.522677
