# {"t_start": 1680777790.5783768, "env_id": "CarnivalNoFrameskip-v4"} 
r,l,t
2380.0,1079,11.291124
2500.0,1140,22.395226
2120.0,1046,32.396426
920.0,560,37.864461
2400.0,1040,48.280025
2480.0,960,57.998859
