# {"t_start": 1680777790.6323423, "env_id": "CarnivalNoFrameskip-v4"} 
r,l,t
2540.0,1060,11.060546
2380.0,1079,21.603245
2380.0,1079,31.862414
1700.0,1175,43.428991
2380.0,1079,54.531891
2120.0,1147,65.692325
