# {"t_start": 1680964124.4598763, "env_id": "AssaultNoFrameskip-v4"} 
r,l,t
755.0,668,6.826815
861.0,836,14.957607
892.0,800,22.854407
819.0,747,30.264552
850.0,740,37.484345
735.0,720,44.381017
