# {"t_start": 1680964124.5032103, "env_id": "AssaultNoFrameskip-v4"} 
r,l,t
1050.0,962,9.758313
714.0,753,17.127962
672.0,668,23.668327
1018.0,865,32.240069
766.0,725,39.259446
609.0,674,45.737208
