# {"t_start": 1680964124.860164, "env_id": "AssaultNoFrameskip-v4"} 
r,l,t
798.0,808,7.921941
672.0,709,14.73585
651.0,641,20.982586
892.0,732,28.261239
630.0,508,33.173386
735.0,759,40.605145
860.0,749,47.812785
