# {"t_start": 1680964124.8804078, "env_id": "AssaultNoFrameskip-v4"} 
r,l,t
829.0,794,7.729571
672.0,703,14.445698
944.0,809,22.47416
693.0,645,28.86314
902.0,767,36.283834
975.0,838,44.440827
