# {"t_start": 1680964124.9399226, "env_id": "AssaultNoFrameskip-v4"} 
r,l,t
609.0,674,6.41695
892.0,766,13.821052
798.0,674,20.47649
944.0,798,28.402002
902.0,847,36.653719
756.0,778,44.180396
