# {"t_start": 1680964124.954213, "env_id": "AssaultNoFrameskip-v4"} 
r,l,t
903.0,749,7.189121
861.0,761,14.565759
777.0,651,20.943429
714.0,655,27.377723
672.0,703,34.244749
756.0,766,41.749133
892.0,846,49.938629
