# {"t_start": 1680964125.0011606, "env_id": "AssaultNoFrameskip-v4"} 
r,l,t
924.0,804,7.724258
850.0,718,14.669188
902.0,793,22.459885
1070.0,826,30.692898
819.0,655,37.011784
881.0,798,44.69208
