# {"t_start": 1680964125.0146487, "env_id": "AssaultNoFrameskip-v4"} 
r,l,t
819.0,650,6.076357
819.0,614,12.032588
798.0,708,18.999146
966.0,861,27.492956
955.0,797,35.310354
1123.0,905,44.072311
