# {"t_start": 1680964124.5599582, "env_id": "AssaultNoFrameskip-v4"} 
r,l,t
1164.0,924,9.329574
798.0,720,16.364748
1123.0,905,25.259089
672.0,518,30.344339
881.0,746,37.635774
892.0,832,45.643563
