# {"t_start": 1680964124.5872822, "env_id": "AssaultNoFrameskip-v4"} 
r,l,t
840.0,717,7.2052
850.0,688,13.833366
714.0,662,20.35345
997.0,724,27.476405
850.0,753,34.861034
756.0,630,41.051869
1153.0,981,50.553374
