# {"t_start": 1680964124.6811264, "env_id": "AssaultNoFrameskip-v4"} 
r,l,t
1113.0,872,8.711042
861.0,703,15.516139
756.0,766,23.048857
798.0,697,29.906564
840.0,712,36.808599
1155.0,971,46.310661
