# {"t_start": 1680964124.6568801, "env_id": "AssaultNoFrameskip-v4"} 
r,l,t
588.0,500,4.98394
849.0,785,12.613206
861.0,709,19.568381
987.0,865,28.13714
860.0,728,35.215662
839.0,845,43.423443
