# {"t_start": 1680964124.6915364, "env_id": "AssaultNoFrameskip-v4"} 
r,l,t
934.0,785,7.817864
933.0,793,15.557863
871.0,774,23.169703
912.0,742,30.50945
901.0,771,38.044435
924.0,820,45.951565
