# {"t_start": 1680964124.725217, "env_id": "AssaultNoFrameskip-v4"} 
r,l,t
903.0,725,7.163625
997.0,795,14.911344
735.0,732,22.096158
913.0,803,30.053174
840.0,715,36.984222
965.0,817,44.891973
609.0,590,50.64592
