# {"t_start": 1680964124.8004212, "env_id": "AssaultNoFrameskip-v4"} 
r,l,t
861.0,744,7.280935
735.0,735,14.330496
903.0,744,21.704781
976.0,876,30.472792
798.0,754,37.790066
913.0,843,45.955248
