# {"t_start": 1680964124.8263924, "env_id": "AssaultNoFrameskip-v4"} 
r,l,t
766.0,716,6.933856
892.0,792,14.650183
756.0,719,21.734408
1060.0,881,30.553937
913.0,750,37.833357
955.0,813,45.67043
