# {"t_start": 1680812394.9202914, "env_id": "TimePilotNoFrameskip-v4"} 
r,l,t
400.0,1890,21.955858
500.0,1165,34.990526
500.0,1164,47.974901
500.0,1161,61.057607
500.0,1163,74.088194
500.0,1163,88.154081
500.0,1162,101.803466
