# {"t_start": 1680812394.9764447, "env_id": "TimePilotNoFrameskip-v4"} 
r,l,t
400.0,1892,21.935352
500.0,2045,44.984622
500.0,1161,57.875539
500.0,1161,70.818294
500.0,1164,84.769391
500.0,1160,98.451234
