# {"t_start": 1680812395.6771882, "env_id": "TimePilotNoFrameskip-v4"} 
r,l,t
500.0,2493,27.979801
500.0,1160,40.927769
500.0,1160,53.874279
500.0,1161,67.012089
500.0,1160,80.389436
500.0,1165,94.443217
