# {"t_start": 1680812395.7727845, "env_id": "TimePilotNoFrameskip-v4"} 
r,l,t
400.0,1888,21.046525
500.0,1166,34.11017
500.0,1165,47.122849
500.0,1160,60.176677
500.0,1164,73.237049
500.0,2044,97.740498
