# {"t_start": 1680812395.8143303, "env_id": "TimePilotNoFrameskip-v4"} 
r,l,t
400.0,1890,21.061234
500.0,1159,33.973322
500.0,1162,46.968697
500.0,1165,60.094549
500.0,1163,73.128721
500.0,1166,87.234792
500.0,2042,111.496607
