# {"t_start": 1680812395.8889503, "env_id": "TimePilotNoFrameskip-v4"} 
r,l,t
400.0,1894,21.060334
500.0,1166,34.09422
500.0,2045,57.095126
500.0,1161,70.055088
500.0,1159,83.91238
500.0,1162,97.623882
500.0,1160,111.421628
