# {"t_start": 1680812396.0101345, "env_id": "TimePilotNoFrameskip-v4"} 
r,l,t
500.0,2493,27.644334
500.0,1161,40.620811
500.0,1163,53.629212
500.0,1160,66.729101
500.0,1159,80.110667
500.0,2043,104.553537
