# {"t_start": 1680812396.108029, "env_id": "TimePilotNoFrameskip-v4"} 
r,l,t
400.0,1890,20.768346
500.0,1166,33.825172
500.0,2042,56.743479
500.0,1162,69.709198
500.0,1161,83.600817
500.0,1166,97.406519
500.0,1163,111.247512
