# {"t_start": 1680812395.0887117, "env_id": "TimePilotNoFrameskip-v4"} 
r,l,t
400.0,1890,21.786463
500.0,2042,44.809801
500.0,2045,67.837142
500.0,1161,81.247264
500.0,1166,95.239571
500.0,1166,108.999115
