# {"t_start": 1680812395.1305566, "env_id": "TimePilotNoFrameskip-v4"} 
r,l,t
400.0,1892,21.781349
500.0,1161,34.721655
500.0,2042,57.666053
500.0,1166,70.721576
500.0,1159,84.553365
500.0,1160,98.246657
