# {"t_start": 1680812395.2034986, "env_id": "TimePilotNoFrameskip-v4"} 
r,l,t
400.0,1894,21.744908
500.0,2043,44.757804
500.0,1166,57.73561
500.0,2045,81.269433
500.0,1161,95.20175
500.0,1166,108.951105
