# {"t_start": 1680812395.2850487, "env_id": "TimePilotNoFrameskip-v4"} 
r,l,t
400.0,1888,21.534249
500.0,1159,34.436424
500.0,2043,57.449074
500.0,2042,80.949663
500.0,2043,105.41982
