# {"t_start": 1680812395.3645706, "env_id": "TimePilotNoFrameskip-v4"} 
r,l,t
500.0,2492,28.263924
500.0,1161,41.240067
500.0,1163,54.248496
500.0,1161,67.375279
500.0,2041,91.55292
500.0,1165,105.253867
