# {"t_start": 1680812395.44916, "env_id": "TimePilotNoFrameskip-v4"} 
r,l,t
400.0,1889,21.395891
500.0,1161,34.363979
500.0,2047,57.379424
500.0,1166,70.440951
500.0,1166,84.427989
500.0,1164,98.200188
