# {"t_start": 1680812395.5481048, "env_id": "TimePilotNoFrameskip-v4"} 
r,l,t
400.0,1892,21.363429
500.0,1163,34.363303
500.0,2046,57.353804
500.0,1163,70.363948
500.0,1163,84.292391
500.0,1161,98.030898
