# {"t_start": 1680812395.6234982, "env_id": "TimePilotNoFrameskip-v4"} 
r,l,t
400.0,1888,21.196381
500.0,1159,34.097708
500.0,1160,47.090709
500.0,1164,60.212969
500.0,1161,73.229868
500.0,1163,87.268323
500.0,1162,100.951521
