# {"t_start": 1680962511.6730506, "env_id": "MsPacmanNoFrameskip-v4"} 
r,l,t
990.0,610,7.414803
1080.0,753,15.388434
1080.0,752,23.217508
990.0,609,29.602475
1030.0,667,36.738957
1030.0,667,43.725556
