# {"t_start": 1680962511.7706606, "env_id": "MsPacmanNoFrameskip-v4"} 
r,l,t
1030.0,668,7.995288
1100.0,554,13.701415
1030.0,665,20.744351
1030.0,665,27.656919
990.0,612,34.204607
1030.0,664,41.188479
1100.0,555,46.951812
