# {"t_start": 1680962512.386463, "env_id": "MsPacmanNoFrameskip-v4"} 
r,l,t
1100.0,555,6.069147
1030.0,664,13.027354
1030.0,664,20.069548
1080.0,749,27.915889
1030.0,664,34.990058
990.0,613,41.436823
