# {"t_start": 1680962512.4604087, "env_id": "MsPacmanNoFrameskip-v4"} 
r,l,t
1080.0,748,8.128133
1080.0,754,16.081456
1080.0,753,23.824009
1080.0,748,31.781079
990.0,612,38.236275
1100.0,553,44.083993
