# {"t_start": 1680962512.5406492, "env_id": "MsPacmanNoFrameskip-v4"} 
r,l,t
1030.0,666,7.175939
1030.0,663,14.180532
1030.0,666,21.087838
990.0,613,27.488366
990.0,611,34.014032
1030.0,670,41.031748
