# {"t_start": 1680962512.6577158, "env_id": "MsPacmanNoFrameskip-v4"} 
r,l,t
990.0,614,6.504756
990.0,614,12.930532
1100.0,554,18.778815
1030.0,665,25.645553
1030.0,663,32.695844
1030.0,666,39.686602
