# {"t_start": 1680962512.6856303, "env_id": "MsPacmanNoFrameskip-v4"} 
r,l,t
1100.0,555,5.770543
1030.0,665,12.754396
1030.0,667,19.829343
990.0,608,26.119793
1030.0,663,33.199463
1100.0,552,39.017773
1100.0,556,44.869676
