# {"t_start": 1680962512.7367399, "env_id": "MsPacmanNoFrameskip-v4"} 
r,l,t
990.0,610,6.351487
990.0,614,12.794202
1100.0,551,18.593138
1080.0,750,26.421496
1080.0,749,34.396209
1030.0,670,41.476481
