# {"t_start": 1680962511.8834574, "env_id": "MsPacmanNoFrameskip-v4"} 
r,l,t
1030.0,666,7.832649
1100.0,551,13.487019
1100.0,554,19.385298
990.0,609,25.673936
990.0,614,32.223565
990.0,614,38.696463
1030.0,665,45.755982
