# {"t_start": 1680962511.9140108, "env_id": "MsPacmanNoFrameskip-v4"} 
r,l,t
1080.0,752,8.734769
1080.0,749,16.596085
1100.0,551,22.300468
1030.0,670,29.324182
1030.0,663,36.405097
990.0,608,42.824115
