# {"t_start": 1680962511.9833586, "env_id": "MsPacmanNoFrameskip-v4"} 
r,l,t
1080.0,754,8.704721
1100.0,552,14.464995
1080.0,754,22.323856
1100.0,554,28.118619
990.0,609,34.634692
1030.0,670,41.646368
