# {"t_start": 1680962512.0423496, "env_id": "MsPacmanNoFrameskip-v4"} 
r,l,t
1080.0,748,8.545847
1030.0,663,15.510009
1100.0,552,21.239581
1100.0,551,26.963557
1100.0,552,32.853433
1080.0,751,40.776797
