# {"t_start": 1680962512.2757845, "env_id": "MsPacmanNoFrameskip-v4"} 
r,l,t
1100.0,554,6.147457
990.0,609,12.517312
1030.0,667,19.658319
990.0,609,25.881562
1100.0,550,31.749491
1030.0,669,38.879647
1030.0,669,45.86588
