# {"t_start": 1680962512.2038777, "env_id": "MsPacmanNoFrameskip-v4"} 
r,l,t
990.0,609,6.85446
1030.0,665,13.891378
1100.0,556,19.729755
990.0,614,26.033238
1030.0,670,33.243254
1030.0,668,40.233463
