# {"t_start": 1680962512.2379246, "env_id": "MsPacmanNoFrameskip-v4"} 
r,l,t
990.0,612,6.883872
990.0,611,13.266141
1100.0,555,19.141326
1030.0,667,26.024899
1030.0,667,33.162744
1030.0,665,40.135764
