# {"t_start": 1680962512.3227782, "env_id": "MsPacmanNoFrameskip-v4"} 
r,l,t
1030.0,664,7.357995
1030.0,663,14.358492
1080.0,748,22.147607
1030.0,668,29.173685
990.0,609,35.63727
990.0,611,42.091776
