# {"t_start": 1681401324.345395, "env_id": "CarnivalNoFrameskip-v4"} 
r,l,t
2220.0,1459,14.528471
2200.0,924,23.315642
2200.0,927,32.014473
2080.0,1457,45.621439
2080.0,1462,59.022119
2080.0,1462,72.396683
