# {"t_start": 1681401324.3588204, "env_id": "CarnivalNoFrameskip-v4"} 
r,l,t
1920.0,1460,14.555581
2200.0,923,23.302232
2200.0,924,31.956161
2100.0,1471,45.747977
2100.0,1464,59.128735
2080.0,1456,72.484736
2020.0,1438,85.481981
