# {"t_start": 1681401324.745554, "env_id": "CarnivalNoFrameskip-v4"} 
r,l,t
2220.0,1459,14.130434
2100.0,1464,28.130122
2220.0,1459,41.663121
2080.0,1461,55.228132
2080.0,1459,68.469412
2100.0,1471,81.804118
