# {"t_start": 1681401325.0210092, "env_id": "CarnivalNoFrameskip-v4"} 
r,l,t
2080.0,1462,13.948014
2080.0,1462,27.893493
2200.0,927,36.39603
2100.0,1466,50.122459
2100.0,1464,63.384462
2220.0,1459,76.79141
