# {"t_start": 1681401324.8829408, "env_id": "CarnivalNoFrameskip-v4"} 
r,l,t
2020.0,1438,13.692264
2100.0,1466,27.71357
1820.0,1460,41.275873
2080.0,1456,54.870194
2100.0,1464,68.15322
2560.0,1459,81.351335
