# {"t_start": 1681401324.8922222, "env_id": "CarnivalNoFrameskip-v4"} 
r,l,t
2280.0,1458,13.957443
2080.0,1462,27.918214
2200.0,924,36.413967
2200.0,924,45.101164
2200.0,923,53.621397
2100.0,1471,66.953797
2080.0,1459,80.218863
