# {"t_start": 1681401324.9987566, "env_id": "CarnivalNoFrameskip-v4"} 
r,l,t
2220.0,1459,13.877307
2020.0,1432,27.440911
2080.0,1459,41.00028
2100.0,1469,54.728528
2020.0,1438,67.750895
2200.0,924,76.192033
