# {"t_start": 1681401325.0220006, "env_id": "CarnivalNoFrameskip-v4"} 
r,l,t
2620.0,1456,13.766684
2200.0,924,22.59645
2100.0,1465,36.316224
1920.0,1459,49.936464
2280.0,1458,63.189274
2080.0,1457,76.53472
2200.0,923,84.892966
