# {"t_start": 1681401324.4327266, "env_id": "CarnivalNoFrameskip-v4"} 
r,l,t
2620.0,1462,14.534695
2560.0,1459,28.409745
2620.0,1462,42.001854
2200.0,927,50.601072
2080.0,1457,63.84505
2100.0,1471,77.346516
