# {"t_start": 1681401324.4592035, "env_id": "CarnivalNoFrameskip-v4"} 
r,l,t
2620.0,1456,14.329066
2100.0,1464,28.350446
2560.0,1459,41.900088
2200.0,924,50.470026
2560.0,1459,63.750394
1920.0,1459,77.137351
2200.0,924,85.494478
