# {"t_start": 1681401324.4934597, "env_id": "CarnivalNoFrameskip-v4"} 
r,l,t
2200.0,927,9.318083
2080.0,1457,23.205449
1820.0,1460,36.811575
2080.0,1457,50.393576
2200.0,923,58.81288
2100.0,1470,72.293811
