# {"t_start": 1681401324.5791922, "env_id": "CarnivalNoFrameskip-v4"} 
r,l,t
2080.0,1457,14.243675
2100.0,1466,28.29495
2200.0,929,36.865994
2080.0,1462,50.511379
2100.0,1471,63.884172
2100.0,1469,77.380836
