# {"t_start": 1681401324.5678608, "env_id": "CarnivalNoFrameskip-v4"} 
r,l,t
2080.0,1460,14.347251
2080.0,1459,28.218142
2020.0,1438,41.506348
1820.0,1460,55.121936
1820.0,1460,68.386222
2100.0,1466,81.665357
