# {"t_start": 1681401324.6578393, "env_id": "CarnivalNoFrameskip-v4"} 
r,l,t
2100.0,1465,14.356035
2100.0,1464,28.322859
2620.0,1456,41.807957
2100.0,1469,55.437697
2080.0,1457,68.656446
2080.0,1459,81.838267
