# {"t_start": 1681401324.8966138, "env_id": "CarnivalNoFrameskip-v4"} 
r,l,t
2020.0,1438,13.678597
2100.0,1465,27.668767
2100.0,1465,41.315071
2200.0,923,49.872379
2100.0,1465,63.225438
2080.0,1461,76.613388
