# {"t_start": 1681401324.7503982, "env_id": "CarnivalNoFrameskip-v4"} 
r,l,t
2620.0,1456,14.037498
2620.0,1462,28.006483
2200.0,927,36.589345
2620.0,1456,50.136042
2080.0,1460,63.433802
2560.0,1460,76.84602
