# {"t_start": 1681348882.4902146, "env_id": "AsteroidsNoFrameskip-v4"} 
r,l,t
1080.0,518,5.221883
730.0,326,8.312015
1080.0,518,13.161785
1280.0,809,20.523814
480.0,287,23.047234
830.0,646,28.679137
