# {"t_start": 1681348882.5556035, "env_id": "AsteroidsNoFrameskip-v4"} 
r,l,t
680.0,393,3.982956
730.0,314,6.887591
730.0,326,9.925387
580.0,367,13.347924
730.0,326,16.208733
530.0,341,19.266712
630.0,342,22.317343
