# {"t_start": 1681348882.9951441, "env_id": "AsteroidsNoFrameskip-v4"} 
r,l,t
930.0,695,6.421307
480.0,372,9.965045
580.0,366,13.307596
930.0,293,15.878808
730.0,314,18.625928
730.0,326,21.55113
680.0,334,24.434819
930.0,468,28.567689
