# {"t_start": 1681348883.047578, "env_id": "AsteroidsNoFrameskip-v4"} 
r,l,t
780.0,565,5.141362
830.0,345,8.360505
580.0,367,11.816318
630.0,342,14.860048
1130.0,455,18.94164
830.0,646,24.681853
930.0,337,27.624949
