# {"t_start": 1681348883.0869918, "env_id": "AsteroidsNoFrameskip-v4"} 
r,l,t
680.0,453,4.01371
580.0,405,7.86835
930.0,337,10.968395
1080.0,1036,20.466471
930.0,695,26.585763
