# {"t_start": 1681348883.1516438, "env_id": "AsteroidsNoFrameskip-v4"} 
r,l,t
680.0,393,3.38693
630.0,342,6.556984
980.0,414,10.469843
530.0,341,13.533979
780.0,565,18.642795
480.0,287,21.190574
1130.0,455,25.167718
