# {"t_start": 1681348883.2018456, "env_id": "AsteroidsNoFrameskip-v4"} 
r,l,t
680.0,393,3.337373
480.0,372,6.783042
730.0,326,9.882211
930.0,468,14.148635
830.0,345,17.183133
830.0,491,21.628647
430.0,335,24.502325
530.0,341,27.514396
