# {"t_start": 1681348883.240439, "env_id": "AsteroidsNoFrameskip-v4"} 
r,l,t
930.0,695,6.176063
580.0,367,9.671218
1080.0,518,14.421686
580.0,367,17.644332
