# {"t_start": 1681348882.5804272, "env_id": "AsteroidsNoFrameskip-v4"} 
r,l,t
1280.0,809,7.955612
480.0,287,10.644766
580.0,366,13.957925
480.0,287,16.490654
830.0,491,20.935911
580.0,330,23.80312
580.0,330,26.652397
