# {"t_start": 1681348882.638127, "env_id": "AsteroidsNoFrameskip-v4"} 
r,l,t
480.0,287,2.984232
480.0,372,6.355148
680.0,334,9.453265
830.0,345,12.682315
830.0,646,18.470379
1080.0,1036,27.78995
