# {"t_start": 1681348882.6859677, "env_id": "AsteroidsNoFrameskip-v4"} 
r,l,t
1080.0,1270,12.323472
930.0,337,15.330214
930.0,695,21.572631
580.0,366,24.769924
580.0,366,27.96112
