# {"t_start": 1681348882.7440557, "env_id": "AsteroidsNoFrameskip-v4"} 
r,l,t
980.0,414,3.993323
730.0,314,6.887921
680.0,393,10.629315
1080.0,1036,20.122668
480.0,287,22.650906
930.0,337,25.51102
