# {"t_start": 1681348882.7971077, "env_id": "AsteroidsNoFrameskip-v4"} 
r,l,t
930.0,695,6.619313
980.0,414,10.547617
980.0,414,14.32109
1130.0,455,18.363771
980.0,414,22.130579
780.0,726,28.491554
