# {"t_start": 1681348882.8516462, "env_id": "AsteroidsNoFrameskip-v4"} 
r,l,t
680.0,393,3.687384
1080.0,518,8.597299
430.0,335,11.682851
680.0,393,15.267236
1080.0,1270,26.639436
