# {"t_start": 1681348882.901436, "env_id": "AsteroidsNoFrameskip-v4"} 
r,l,t
680.0,453,4.198416
730.0,314,7.114818
680.0,453,11.407324
780.0,726,17.95633
930.0,337,20.99671
830.0,646,26.671435
