# {"t_start": 1681348882.9456382, "env_id": "AsteroidsNoFrameskip-v4"} 
r,l,t
830.0,345,3.176837
830.0,345,6.327316
1280.0,809,13.943259
480.0,372,17.246527
730.0,314,20.112273
680.0,453,23.995424
680.0,393,27.480897
