# {"t_start": 1681395396.8229227, "env_id": "AsteroidsNoFrameskip-v4"} 
r,l,t
580.0,1076,16.686035
830.0,614,25.702357
730.0,490,32.728192
630.0,411,38.624878
680.0,353,43.450948
680.0,353,48.270103
