# {"t_start": 1681395396.9092116, "env_id": "AsteroidsNoFrameskip-v4"} 
r,l,t
680.0,332,5.337018
430.0,321,10.023588
830.0,614,19.007042
530.0,448,25.670596
430.0,645,35.110852
480.0,297,39.115371
730.0,346,43.99523
680.0,325,48.30932
