# {"t_start": 1681395397.6034515, "env_id": "AsteroidsNoFrameskip-v4"} 
r,l,t
580.0,1076,15.910229
430.0,645,25.400129
580.0,1076,40.858636
580.0,542,48.321249
