# {"t_start": 1681395397.6572409, "env_id": "AsteroidsNoFrameskip-v4"} 
r,l,t
680.0,353,4.864411
680.0,353,10.085086
730.0,490,17.208559
480.0,342,22.204653
430.0,645,31.592815
580.0,1076,46.847112
