# {"t_start": 1681395397.7686512, "env_id": "AsteroidsNoFrameskip-v4"} 
r,l,t
730.0,346,4.648576
480.0,342,9.694169
630.0,653,19.314126
480.0,297,23.694614
430.0,645,33.053186
830.0,854,45.158535
