# {"t_start": 1681395397.8985472, "env_id": "AsteroidsNoFrameskip-v4"} 
r,l,t
880.0,925,13.283181
680.0,353,18.367075
830.0,614,27.380503
680.0,325,32.075282
430.0,321,36.63753
530.0,448,42.864372
580.0,466,49.069683
