# {"t_start": 1681395398.0006151, "env_id": "AsteroidsNoFrameskip-v4"} 
r,l,t
580.0,1076,15.513722
580.0,507,22.868268
580.0,466,29.560401
630.0,467,36.326127
730.0,346,41.125077
