# {"t_start": 1681395398.0804706, "env_id": "AsteroidsNoFrameskip-v4"} 
r,l,t
780.0,474,6.354277
680.0,325,11.061803
230.0,325,15.81179
730.0,509,23.272046
880.0,925,36.781591
630.0,411,42.406463
430.0,321,46.696949
