# {"t_start": 1681395396.8530383, "env_id": "AsteroidsNoFrameskip-v4"} 
r,l,t
680.0,462,7.39306
830.0,854,20.001984
680.0,462,26.834302
730.0,490,33.902179
630.0,411,39.627463
530.0,448,45.893985
