# {"t_start": 1681395397.0184112, "env_id": "AsteroidsNoFrameskip-v4"} 
r,l,t
780.0,474,7.411961
430.0,645,16.966353
830.0,854,29.478775
830.0,614,38.358601
830.0,854,50.139321
