# {"t_start": 1681395396.9754229, "env_id": "AsteroidsNoFrameskip-v4"} 
r,l,t
730.0,490,7.727511
630.0,411,13.739441
630.0,653,23.24725
630.0,411,29.248034
430.0,337,34.14298
480.0,344,38.908669
480.0,344,43.673303
