# {"t_start": 1681395397.12907, "env_id": "AsteroidsNoFrameskip-v4"} 
r,l,t
630.0,411,6.265611
480.0,342,11.337396
530.0,531,19.054327
680.0,353,24.303347
530.0,448,30.645046
630.0,467,37.472783
480.0,408,43.042046
680.0,353,47.85517
