# {"t_start": 1681395397.3806884, "env_id": "AsteroidsNoFrameskip-v4"} 
r,l,t
1030.0,870,13.034715
580.0,466,19.830947
730.0,346,24.862086
630.0,653,34.440771
630.0,653,43.690314
480.0,342,48.143578
