# {"t_start": 1681395397.3960555, "env_id": "AsteroidsNoFrameskip-v4"} 
r,l,t
230.0,325,4.74055
430.0,645,14.259848
780.0,474,21.275841
630.0,467,28.011454
630.0,411,34.015885
580.0,466,40.445344
