# {"t_start": 1681395397.41586, "env_id": "AsteroidsNoFrameskip-v4"} 
r,l,t
730.0,346,5.00336
230.0,325,9.801409
230.0,325,14.495629
430.0,321,19.124152
230.0,325,23.890514
580.0,542,31.682293
630.0,822,43.590242
680.0,462,49.652875
