# {"t_start": 1681395397.4697578, "env_id": "AsteroidsNoFrameskip-v4"} 
r,l,t
780.0,474,6.959967
680.0,462,13.70992
480.0,408,19.679848
780.0,474,26.64019
1030.0,870,39.133036
