# {"t_start": 1681400764.7747335, "env_id": "CarnivalNoFrameskip-v4"} 
r,l,t
2340.0,1462,15.500042
1600.0,1089,26.347214
2340.0,1462,41.076032
1600.0,1091,52.063569
1560.0,1077,62.852644
2440.0,1169,74.348335
