# {"t_start": 1681400764.8145492, "env_id": "CarnivalNoFrameskip-v4"} 
r,l,t
2180.0,1456,15.354524
1920.0,1133,26.710814
1600.0,1089,37.730466
1600.0,1088,48.625144
1600.0,1089,59.6018
2340.0,1459,73.945607
