# {"t_start": 1681400765.1720161, "env_id": "CarnivalNoFrameskip-v4"} 
r,l,t
1600.0,1092,11.382435
1920.0,1135,22.767651
2440.0,1166,34.490369
1560.0,1076,45.329013
1920.0,1133,56.74903
1600.0,1089,67.502143
