# {"t_start": 1681400765.2176216, "env_id": "CarnivalNoFrameskip-v4"} 
r,l,t
1560.0,1078,11.155469
1640.0,928,20.501191
1600.0,1088,31.412398
1520.0,1088,42.387013
1520.0,1087,53.299143
2440.0,1169,64.916009
1640.0,925,74.027551
