# {"t_start": 1681400765.2512527, "env_id": "CarnivalNoFrameskip-v4"} 
r,l,t
1680.0,1459,14.971748
1600.0,1086,25.792522
1640.0,925,35.198097
2440.0,1167,46.899029
1600.0,1092,57.912342
1600.0,1088,68.652919
