# {"t_start": 1681400765.2899873, "env_id": "CarnivalNoFrameskip-v4"} 
r,l,t
2180.0,1456,14.880297
1520.0,1088,25.723365
1920.0,1134,37.256328
2340.0,1459,51.911973
1560.0,1078,62.686188
1560.0,1077,73.222402
