# {"t_start": 1681400765.4540927, "env_id": "CarnivalNoFrameskip-v4"} 
r,l,t
2180.0,1456,14.71633
1920.0,1135,26.113038
1600.0,1089,37.131303
2340.0,1460,51.802215
1640.0,928,61.076581
1600.0,1087,71.725036
