# {"t_start": 1681400765.4720647, "env_id": "CarnivalNoFrameskip-v4"} 
r,l,t
1600.0,1092,11.083346
1600.0,1088,21.977825
2340.0,1462,36.694533
1600.0,1088,47.612587
1640.0,926,56.964436
1560.0,1078,67.621344
1640.0,927,76.790929
