# {"t_start": 1681400764.854363, "env_id": "CarnivalNoFrameskip-v4"} 
r,l,t
1600.0,1091,11.669881
1560.0,1077,22.452869
2440.0,1166,34.197648
1560.0,1077,45.026664
1600.0,1087,55.965952
2440.0,1168,67.531491
