# {"t_start": 1681400764.884464, "env_id": "CarnivalNoFrameskip-v4"} 
r,l,t
1560.0,1077,11.457092
1920.0,1135,22.894818
1600.0,1093,33.861036
1640.0,928,43.233207
2440.0,1169,54.957916
2440.0,1167,66.583801
