# {"t_start": 1681400765.0956423, "env_id": "CarnivalNoFrameskip-v4"} 
r,l,t
1640.0,926,9.639274
1640.0,925,19.054453
1600.0,1092,29.959525
2440.0,1166,41.773067
2440.0,1166,53.494797
1920.0,1135,64.761126
2440.0,1169,76.328935
