# {"t_start": 1681400765.094699, "env_id": "CarnivalNoFrameskip-v4"} 
r,l,t
1920.0,1134,11.894236
1920.0,1133,23.235225
2180.0,1456,37.916988
2440.0,1167,49.561972
1560.0,1077,60.437886
1640.0,925,69.538061
