# {"t_start": 1681400765.0352662, "env_id": "CarnivalNoFrameskip-v4"} 
r,l,t
1600.0,1092,11.518624
1920.0,1134,22.879045
1920.0,1134,34.282888
1520.0,1087,45.217026
1920.0,1134,56.651217
1640.0,927,65.798548
1600.0,1090,76.579898
