# {"t_start": 1681400765.0587091, "env_id": "CarnivalNoFrameskip-v4"} 
r,l,t
2180.0,1456,15.11061
2340.0,1462,29.745942
1400.0,1106,40.924086
2180.0,1456,55.581367
1640.0,926,64.760079
1600.0,1090,75.52039
