# {"t_start": 1681400765.0891964, "env_id": "CarnivalNoFrameskip-v4"} 
r,l,t
1680.0,1459,15.133717
1920.0,1133,26.509421
1680.0,1459,41.183511
1640.0,927,50.433723
1640.0,925,59.792907
2440.0,1169,71.271213
