# {"t_start": 1681400765.117494, "env_id": "CarnivalNoFrameskip-v4"} 
r,l,t
1640.0,928,9.663013
1640.0,928,19.097356
1600.0,1091,30.00194
1920.0,1135,41.445283
1920.0,1133,52.84466
1680.0,1459,67.36661
