# {"t_start": 1680635542.940798, "env_id": "MsPacmanNoFrameskip-v4"} 
r,l,t
1490.0,720,5.09974
1480.0,776,10.41963
1490.0,717,15.255809
1490.0,717,20.001273
1850.0,916,26.141711
1490.0,716,30.927089
1480.0,777,36.112289
