# {"t_start": 1680635542.9858887, "env_id": "MsPacmanNoFrameskip-v4"} 
r,l,t
1490.0,718,5.014917
1480.0,773,10.261229
1480.0,776,15.594913
1850.0,913,21.596279
1850.0,918,27.88632
1850.0,918,33.921763
