# {"t_start": 1680635543.399947, "env_id": "MsPacmanNoFrameskip-v4"} 
r,l,t
1990.0,1046,6.746923
1990.0,1052,13.947134
1990.0,1051,20.992693
1990.0,1046,28.132281
1850.0,916,34.162394
