# {"t_start": 1680635543.4446557, "env_id": "MsPacmanNoFrameskip-v4"} 
r,l,t
1490.0,718,4.556395
1490.0,715,9.283087
1490.0,718,14.284029
1850.0,917,20.386195
1850.0,915,26.547059
1490.0,722,31.426123
1480.0,773,36.525153
