# {"t_start": 1680635543.4893444, "env_id": "MsPacmanNoFrameskip-v4"} 
r,l,t
1850.0,918,5.860863
1850.0,918,12.194395
1480.0,776,17.356642
1490.0,717,22.211328
1490.0,715,26.899756
1490.0,718,31.724692
