# {"t_start": 1680635543.538764, "env_id": "MsPacmanNoFrameskip-v4"} 
r,l,t
1480.0,777,4.866926
1490.0,717,9.784508
1490.0,719,14.658275
1850.0,912,20.651399
1490.0,715,25.495802
1480.0,774,30.666088
1480.0,778,35.816362
