# {"t_start": 1680635543.5820475, "env_id": "MsPacmanNoFrameskip-v4"} 
r,l,t
1850.0,914,5.694101
1850.0,918,12.04476
1480.0,773,17.187134
1990.0,1048,24.214624
1990.0,1047,31.259795
1490.0,722,35.968713
