# {"t_start": 1680635543.6342993, "env_id": "MsPacmanNoFrameskip-v4"} 
r,l,t
1490.0,718,4.366903
1480.0,771,9.584853
1850.0,915,15.790718
1490.0,720,20.538415
1480.0,777,25.880875
1480.0,773,30.991279
