# {"t_start": 1680635543.030026, "env_id": "MsPacmanNoFrameskip-v4"} 
r,l,t
1990.0,1050,7.203324
1990.0,1047,14.297404
1480.0,773,19.503499
1490.0,722,24.354913
1490.0,715,29.22842
1850.0,912,35.196177
