# {"t_start": 1680635543.0766068, "env_id": "MsPacmanNoFrameskip-v4"} 
r,l,t
1990.0,1052,7.19604
1480.0,774,12.492448
1990.0,1052,19.519484
1480.0,776,24.743149
1850.0,913,30.862022
1490.0,722,35.647794
