# {"t_start": 1680635543.1226966, "env_id": "MsPacmanNoFrameskip-v4"} 
r,l,t
1990.0,1046,7.023571
1490.0,715,11.952883
1480.0,774,17.198388
1480.0,773,22.366784
1480.0,774,27.59355
1990.0,1049,34.595778
