# {"t_start": 1680635543.1672592, "env_id": "MsPacmanNoFrameskip-v4"} 
r,l,t
1480.0,776,5.216817
1850.0,913,11.476876
1490.0,719,16.336421
1850.0,913,22.428113
1480.0,772,27.665821
1490.0,721,32.385453
1490.0,721,37.215834
