# {"t_start": 1680635543.223358, "env_id": "MsPacmanNoFrameskip-v4"} 
r,l,t
1850.0,913,6.033041
1490.0,717,10.979672
1480.0,778,16.280927
1850.0,918,22.420529
1490.0,722,27.225253
1490.0,720,32.085797
