# {"t_start": 1680635543.2577238, "env_id": "MsPacmanNoFrameskip-v4"} 
r,l,t
1850.0,916,6.064276
1850.0,915,12.350957
1480.0,777,17.546895
1490.0,719,22.405501
1490.0,719,27.157677
1490.0,717,31.979036
1490.0,722,36.765892
