# {"t_start": 1680635543.3396537, "env_id": "MsPacmanNoFrameskip-v4"} 
r,l,t
1490.0,716,4.630538
1490.0,715,9.357105
1990.0,1046,16.626558
1490.0,720,21.387955
1850.0,913,27.675766
1850.0,915,33.636409
