# {"t_start": 1680635543.3499424, "env_id": "MsPacmanNoFrameskip-v4"} 
r,l,t
1480.0,777,5.053775
1490.0,716,9.944546
1490.0,716,14.798581
1990.0,1047,21.788701
1490.0,716,26.569951
1850.0,917,32.710825
