# {"t_start": 1680563509.6028564, "env_id": "MsPacmanNoFrameskip-v4"} 
r,l,t
1510.0,958,11.003579
1540.0,826,20.450471
1510.0,955,31.592036
1510.0,955,42.729322
1600.0,674,50.665809
1510.0,954,61.816905
