# {"t_start": 1680563509.6389327, "env_id": "MsPacmanNoFrameskip-v4"} 
r,l,t
1510.0,956,10.927181
1540.0,823,20.271366
1540.0,826,29.891241
1600.0,671,37.960379
1600.0,676,45.653433
1600.0,676,53.858074
