# {"t_start": 1680563509.9698124, "env_id": "MsPacmanNoFrameskip-v4"} 
r,l,t
1580.0,662,7.109444
1580.0,668,14.979483
1580.0,667,22.579058
1580.0,662,30.293836
1600.0,674,38.287603
1540.0,825,47.667735
1580.0,667,55.646069
