# {"t_start": 1680563510.0089366, "env_id": "MsPacmanNoFrameskip-v4"} 
r,l,t
1510.0,956,10.557564
1510.0,953,21.528638
1510.0,956,32.712584
1600.0,675,40.593122
1600.0,673,48.330031
1510.0,960,59.503539
