# {"t_start": 1680563510.0431824, "env_id": "MsPacmanNoFrameskip-v4"} 
r,l,t
1600.0,676,7.309945
1600.0,676,15.251276
1540.0,826,24.640656
1510.0,955,35.917293
1510.0,953,46.829136
1510.0,956,58.028914
