# {"t_start": 1680563510.0804505, "env_id": "MsPacmanNoFrameskip-v4"} 
r,l,t
1540.0,827,9.065375
1510.0,955,19.923949
1510.0,957,31.114704
1600.0,670,39.091909
1510.0,953,50.083971
1540.0,824,59.638479
