# {"t_start": 1680563510.1172307, "env_id": "MsPacmanNoFrameskip-v4"} 
r,l,t
1600.0,672,7.153709
1600.0,676,15.097679
1540.0,823,24.45878
1580.0,664,32.154814
1580.0,663,39.97875
1510.0,960,51.189965
1600.0,673,58.985875
