# {"t_start": 1680563510.1532567, "env_id": "MsPacmanNoFrameskip-v4"} 
r,l,t
1510.0,956,10.41315
1540.0,821,19.718573
1600.0,673,27.710479
1510.0,958,38.994826
1540.0,827,48.413697
1540.0,823,58.134909
