# {"t_start": 1680563509.6799386, "env_id": "MsPacmanNoFrameskip-v4"} 
r,l,t
1580.0,666,7.466335
1580.0,663,15.238867
1540.0,823,24.652601
1510.0,960,35.929869
1510.0,953,46.863168
1600.0,670,54.966299
