# {"t_start": 1680563509.7097824, "env_id": "MsPacmanNoFrameskip-v4"} 
r,l,t
1580.0,668,7.473002
1540.0,824,17.068318
1580.0,668,24.703503
1540.0,826,34.46997
1600.0,671,42.219668
1510.0,960,53.663568
1580.0,667,61.246411
