# {"t_start": 1680563509.7454593, "env_id": "MsPacmanNoFrameskip-v4"} 
r,l,t
1580.0,662,7.334407
1510.0,953,18.40942
1540.0,824,27.944595
1540.0,823,37.685133
1540.0,824,47.127298
1580.0,665,55.106376
1580.0,664,62.856612
