# {"t_start": 1680563509.8094516, "env_id": "MsPacmanNoFrameskip-v4"} 
r,l,t
1540.0,826,9.30533
1600.0,671,17.037316
1510.0,957,28.121694
1600.0,671,36.015715
1540.0,822,45.419019
1510.0,959,56.762602
