# {"t_start": 1680563509.8187315, "env_id": "MsPacmanNoFrameskip-v4"} 
r,l,t
1600.0,671,7.42451
1510.0,955,18.459416
1540.0,828,28.11197
1600.0,676,36.080695
1510.0,960,47.13996
1510.0,958,58.352476
