# {"t_start": 1680563509.8596542, "env_id": "MsPacmanNoFrameskip-v4"} 
r,l,t
1600.0,674,7.44644
1600.0,673,15.33291
1540.0,827,24.764184
1510.0,957,36.062486
1510.0,957,47.05666
1510.0,955,58.243293
