# {"t_start": 1680563509.89809, "env_id": "MsPacmanNoFrameskip-v4"} 
r,l,t
1510.0,954,10.627618
1510.0,953,21.600724
1580.0,662,29.266634
1510.0,958,40.551106
1600.0,671,48.261206
1600.0,673,56.325272
