# {"t_start": 1680563510.0676997, "env_id": "MsPacmanNoFrameskip-v4"} 
r,l,t
1540.0,827,9.078051
1510.0,954,19.892871
1510.0,954,31.054204
1580.0,663,38.960194
1510.0,954,49.962642
1600.0,675,57.848007
