# {"t_start": 1680621722.5670543, "env_id": "MsPacmanNoFrameskip-v4"} 
r,l,t
2070.0,924,9.018937
1160.0,686,15.696805
2070.0,921,24.597752
2070.0,921,33.333102
1010.0,588,38.809795
2070.0,920,47.930473
