# {"t_start": 1680621722.6038322, "env_id": "MsPacmanNoFrameskip-v4"} 
r,l,t
2070.0,922,8.943372
1160.0,683,15.535117
1160.0,686,22.28731
1010.0,585,27.869682
1010.0,590,33.465529
1010.0,590,38.938627
2070.0,921,48.022245
