# {"t_start": 1680621723.005397, "env_id": "MsPacmanNoFrameskip-v4"} 
r,l,t
1460.0,710,6.468706
1460.0,716,13.433194
1460.0,715,20.431447
1460.0,710,27.199873
1010.0,588,32.756246
1160.0,685,39.193342
1460.0,715,46.214425
