# {"t_start": 1680621723.039104, "env_id": "MsPacmanNoFrameskip-v4"} 
r,l,t
2070.0,922,8.508502
2070.0,919,17.458942
2070.0,922,26.267789
1010.0,589,31.897257
1010.0,587,37.463803
2070.0,926,46.492347
