# {"t_start": 1680621723.0827274, "env_id": "MsPacmanNoFrameskip-v4"} 
r,l,t
1010.0,590,5.222701
1010.0,590,10.962678
1160.0,686,17.679022
2070.0,921,26.502965
2070.0,919,35.237851
2070.0,922,44.042899
