# {"t_start": 1680621723.0451705, "env_id": "MsPacmanNoFrameskip-v4"} 
r,l,t
1160.0,687,6.228371
2070.0,921,15.174106
2070.0,923,24.120343
1010.0,584,29.554865
2070.0,919,38.263617
1160.0,684,45.004152
