# {"t_start": 1680621723.1435611, "env_id": "MsPacmanNoFrameskip-v4"} 
r,l,t
1010.0,586,5.088209
1010.0,590,10.843927
1160.0,683,17.523524
1460.0,712,24.414519
1460.0,711,31.086687
2070.0,926,39.899485
1010.0,587,45.623119
