# {"t_start": 1680621723.15935, "env_id": "MsPacmanNoFrameskip-v4"} 
r,l,t
2070.0,922,8.390528
1160.0,681,14.931297
1010.0,587,20.65337
2070.0,924,29.416173
1160.0,687,36.039508
1160.0,683,42.614064
