# {"t_start": 1680621722.6399217, "env_id": "MsPacmanNoFrameskip-v4"} 
r,l,t
1460.0,714,6.886396
1460.0,711,13.770494
1160.0,683,20.421186
2070.0,926,29.237958
2070.0,919,38.009409
1010.0,584,43.595451
