# {"t_start": 1680621722.6804733, "env_id": "MsPacmanNoFrameskip-v4"} 
r,l,t
1460.0,716,6.878275
1160.0,684,13.487681
1460.0,716,20.492121
1160.0,686,27.050651
1010.0,585,32.564511
2070.0,926,41.427694
1460.0,715,48.443276
