# {"t_start": 1680621722.705131, "env_id": "MsPacmanNoFrameskip-v4"} 
r,l,t
1460.0,710,6.768597
2070.0,919,15.735909
1160.0,684,22.357874
1160.0,683,28.863986
1160.0,684,35.34388
1460.0,713,42.228041
