# {"t_start": 1680621722.7429647, "env_id": "MsPacmanNoFrameskip-v4"} 
r,l,t
1160.0,686,6.503056
1010.0,585,12.170445
2070.0,923,21.138244
1010.0,585,26.705309
1160.0,682,33.255809
2070.0,925,42.096579
