# {"t_start": 1680621722.775672, "env_id": "MsPacmanNoFrameskip-v4"} 
r,l,t
1010.0,585,5.424037
2070.0,921,14.394104
1160.0,688,21.110161
1010.0,590,26.731867
2070.0,926,35.612498
2070.0,924,44.447963
