# {"t_start": 1680621722.8104298, "env_id": "MsPacmanNoFrameskip-v4"} 
r,l,t
1010.0,588,5.456979
1010.0,587,11.15379
1160.0,687,17.900189
2070.0,923,26.719353
2070.0,923,35.543069
2070.0,921,44.344756
