# {"t_start": 1680621722.9449682, "env_id": "MsPacmanNoFrameskip-v4"} 
r,l,t
2070.0,920,8.560744
2070.0,919,17.51319
1460.0,710,24.408223
2070.0,924,33.208975
1010.0,585,38.644636
1010.0,587,44.396593
