# {"t_start": 1680621722.9610827, "env_id": "MsPacmanNoFrameskip-v4"} 
r,l,t
1160.0,687,6.312415
2070.0,920,15.218267
2070.0,920,24.151585
1460.0,711,30.845402
2070.0,920,39.614841
1010.0,589,45.400796
