# {"t_start": 1681353520.4720974, "env_id": "MsPacmanNoFrameskip-v4"} 
r,l,t
1240.0,1348,12.161712
1250.0,852,19.021642
1240.0,1348,29.753151
1250.0,854,36.583666
1970.0,953,43.559414
2190.0,1320,53.787029
