# {"t_start": 1681353520.5211544, "env_id": "MsPacmanNoFrameskip-v4"} 
r,l,t
1240.0,1342,12.046852
2190.0,1313,22.602983
1250.0,852,29.349689
1250.0,851,36.180407
1250.0,852,42.339494
1240.0,1345,52.753216
