# {"t_start": 1681353520.9569242, "env_id": "MsPacmanNoFrameskip-v4"} 
r,l,t
1250.0,855,7.528361
2190.0,1315,18.280759
2190.0,1317,28.724156
1970.0,952,36.408924
2190.0,1313,46.126599
1250.0,852,52.700328
1250.0,856,59.42066
