# {"t_start": 1681353521.0040646, "env_id": "MsPacmanNoFrameskip-v4"} 
r,l,t
1970.0,954,8.279088
1970.0,958,16.057945
1250.0,851,22.999231
1240.0,1344,33.792072
1240.0,1343,43.828692
2190.0,1320,54.048517
