# {"t_start": 1681353521.058451, "env_id": "MsPacmanNoFrameskip-v4"} 
r,l,t
2190.0,1316,11.274547
1250.0,849,18.085738
1970.0,955,25.702669
2190.0,1318,36.285523
1250.0,855,42.47743
1250.0,851,48.958939
1970.0,957,56.546259
