# {"t_start": 1681353521.0993993, "env_id": "MsPacmanNoFrameskip-v4"} 
r,l,t
1240.0,1342,11.469029
1240.0,1344,22.30032
2190.0,1314,32.767496
1240.0,1345,42.853543
1970.0,954,50.179215
1970.0,953,57.718282
