# {"t_start": 1681353521.1398582, "env_id": "MsPacmanNoFrameskip-v4"} 
r,l,t
1240.0,1342,11.428457
2190.0,1315,22.017558
1250.0,852,28.765511
1240.0,1346,39.110665
1970.0,958,46.396317
1250.0,850,53.01311
