# {"t_start": 1681353521.197498, "env_id": "MsPacmanNoFrameskip-v4"} 
r,l,t
1250.0,855,7.286986
1250.0,851,14.191913
1240.0,1348,25.018699
1250.0,851,31.841385
1970.0,956,39.097404
1970.0,954,46.338775
1970.0,957,53.854908
