# {"t_start": 1681353520.5864422, "env_id": "MsPacmanNoFrameskip-v4"} 
r,l,t
1250.0,854,7.869385
1970.0,953,15.606617
2190.0,1317,26.22241
1970.0,953,33.896977
1250.0,850,40.189653
2190.0,1319,50.260753
2190.0,1319,60.595927
