# {"t_start": 1681353520.6170967, "env_id": "MsPacmanNoFrameskip-v4"} 
r,l,t
1970.0,953,8.639332
2190.0,1315,19.440884
1250.0,856,26.191309
1970.0,958,33.923336
2190.0,1320,43.840751
2190.0,1318,54.054653
