# {"t_start": 1681353520.6776087, "env_id": "MsPacmanNoFrameskip-v4"} 
r,l,t
1970.0,956,8.635368
1970.0,955,16.361391
1250.0,855,23.367757
2190.0,1317,33.885909
2190.0,1317,43.741917
2190.0,1315,53.941294
