# {"t_start": 1681353520.7139108, "env_id": "MsPacmanNoFrameskip-v4"} 
r,l,t
2190.0,1314,11.578515
2190.0,1313,22.15232
1240.0,1342,32.898123
2190.0,1318,42.770449
1970.0,953,50.085181
1970.0,955,57.663818
