# {"t_start": 1681353520.7682235, "env_id": "MsPacmanNoFrameskip-v4"} 
r,l,t
1250.0,855,7.717172
2190.0,1314,18.441967
2190.0,1314,28.863304
1240.0,1343,39.251146
2190.0,1314,49.217003
1970.0,957,56.801881
