# {"t_start": 1681353520.810342, "env_id": "MsPacmanNoFrameskip-v4"} 
r,l,t
1240.0,1342,11.757856
1240.0,1348,22.64116
1240.0,1347,33.361119
1240.0,1342,43.432394
1970.0,956,50.770155
1250.0,853,57.49773
