# {"t_start": 1681353520.8687682, "env_id": "MsPacmanNoFrameskip-v4"} 
r,l,t
2190.0,1316,11.464145
2190.0,1313,22.032424
2190.0,1316,32.522591
1970.0,957,39.721035
1970.0,955,47.004463
2190.0,1320,57.338896
