# {"t_start": 1681353520.905397, "env_id": "MsPacmanNoFrameskip-v4"} 
r,l,t
1970.0,958,8.447145
1970.0,958,16.209527
1250.0,854,23.186956
2190.0,1315,33.691486
2190.0,1313,43.481669
2190.0,1316,53.686586
