# {"t_start": 1680944835.3278997, "env_id": "TimePilotNoFrameskip-v4"} 
r,l,t
3900.0,672,6.076813
4200.0,1044,14.746354
4400.0,1355,25.692926
4400.0,1355,36.596154
4200.0,986,44.362345
4400.0,1354,55.272826
