# {"t_start": 1680944835.3650122, "env_id": "TimePilotNoFrameskip-v4"} 
r,l,t
3900.0,670,6.004542
4200.0,1041,14.652143
4200.0,1044,23.088274
4200.0,983,30.936101
4200.0,988,38.817082
4200.0,988,46.723248
4400.0,1355,57.601597
