# {"t_start": 1680944835.6871736, "env_id": "TimePilotNoFrameskip-v4"} 
r,l,t
1000.0,704,6.043527
4000.0,994,14.184366
4000.0,993,22.1589
4000.0,988,30.118632
4200.0,986,37.995876
4200.0,1043,46.3388
4000.0,993,54.209877
