# {"t_start": 1680944835.7453942, "env_id": "TimePilotNoFrameskip-v4"} 
r,l,t
3900.0,670,5.624929
4400.0,1353,16.887022
4400.0,1356,27.735575
4200.0,987,35.650955
4200.0,985,43.454328
4400.0,1360,54.369985
