# {"t_start": 1680944835.7562156, "env_id": "TimePilotNoFrameskip-v4"} 
r,l,t
1000.0,710,6.090543
4200.0,988,14.115556
4200.0,1044,22.566364
4400.0,1355,33.437582
4400.0,1353,44.270684
4400.0,1356,55.186956
