# {"t_start": 1680944835.7901156, "env_id": "TimePilotNoFrameskip-v4"} 
r,l,t
1000.0,695,5.844689
4400.0,1355,17.104363
4400.0,1357,27.956464
4200.0,982,35.8088
4400.0,1353,46.637259
4200.0,1042,54.969073
