# {"t_start": 1680944835.8212726, "env_id": "TimePilotNoFrameskip-v4"} 
r,l,t
1000.0,706,5.962106
4200.0,988,13.972528
4200.0,1041,22.396989
4000.0,990,30.356214
4000.0,989,38.25343
4400.0,1360,49.150927
4200.0,985,57.048637
