# {"t_start": 1680944835.8621995, "env_id": "TimePilotNoFrameskip-v4"} 
r,l,t
3900.0,670,5.507536
4200.0,1039,14.124017
4200.0,985,22.029444
4400.0,1358,32.954739
4200.0,1045,41.312406
4200.0,1041,49.660918
4200.0,987,57.516924
