# {"t_start": 1680944835.415765, "env_id": "TimePilotNoFrameskip-v4"} 
r,l,t
1000.0,708,6.396569
4000.0,989,14.428754
4200.0,1041,22.847349
4400.0,1360,33.806369
4400.0,1353,44.63756
4200.0,982,52.459742
