# {"t_start": 1680944835.4465888, "env_id": "TimePilotNoFrameskip-v4"} 
r,l,t
1000.0,710,6.399684
4200.0,1042,14.95326
4000.0,994,22.924479
4200.0,1044,31.288386
4200.0,983,39.099295
4400.0,1360,50.011867
