# {"t_start": 1680944835.4872582, "env_id": "TimePilotNoFrameskip-v4"} 
r,l,t
1000.0,704,6.243206
4400.0,1353,17.474679
4200.0,1042,25.773563
4200.0,1041,34.082957
4200.0,1042,42.355716
4000.0,991,50.327491
