# {"t_start": 1680944835.5119865, "env_id": "TimePilotNoFrameskip-v4"} 
r,l,t
1000.0,694,6.096254
4200.0,983,14.111502
4400.0,1357,25.185953
4200.0,983,33.006297
4200.0,1040,41.336935
4400.0,1359,52.227564
