# {"t_start": 1680944835.5633225, "env_id": "TimePilotNoFrameskip-v4"} 
r,l,t
1000.0,705,6.19395
4400.0,1355,17.439988
4200.0,1046,25.772713
4200.0,988,33.5724
4400.0,1360,44.556489
4400.0,1358,55.460664
