# {"t_start": 1680944835.5885732, "env_id": "TimePilotNoFrameskip-v4"} 
r,l,t
1000.0,708,6.224957
4200.0,985,14.180985
4200.0,1045,22.674499
4400.0,1357,33.570569
4400.0,1357,44.492983
4400.0,1355,55.381675
