# {"t_start": 1680944835.599475, "env_id": "TimePilotNoFrameskip-v4"} 
r,l,t
3900.0,668,5.736047
4400.0,1353,16.992107
4000.0,988,24.896051
4400.0,1358,35.822457
4200.0,983,43.574574
4200.0,985,51.50582
