# {"t_start": 1680944835.6544268, "env_id": "TimePilotNoFrameskip-v4"} 
r,l,t
1000.0,695,5.980132
4400.0,1354,17.210293
4400.0,1354,28.04255
4000.0,989,35.992237
4400.0,1354,46.824613
4200.0,987,54.647806
