# {"t_start": 1680665840.0640092, "env_id": "MsPacmanNoFrameskip-v4"} 
r,l,t
530.0,428,5.04636
600.0,524,10.641539
530.0,425,15.100626
530.0,425,19.975688
490.0,510,25.530066
530.0,424,30.49935
600.0,525,36.613932
