# {"t_start": 1680665840.0821507, "env_id": "MsPacmanNoFrameskip-v4"} 
r,l,t
530.0,426,4.964166
600.0,521,10.505275
600.0,524,16.249826
490.0,507,21.967225
490.0,512,27.676946
490.0,512,33.559316
