# {"t_start": 1680665840.4311185, "env_id": "MsPacmanNoFrameskip-v4"} 
r,l,t
620.0,450,4.904159
620.0,456,9.758212
620.0,455,14.508856
620.0,450,19.694028
490.0,510,25.265418
600.0,523,31.302017
