# {"t_start": 1680665840.4550488, "env_id": "MsPacmanNoFrameskip-v4"} 
r,l,t
530.0,426,4.591494
530.0,423,9.169582
530.0,426,13.439955
490.0,511,19.394426
490.0,509,24.913528
530.0,430,29.967774
600.0,521,36.011628
