# {"t_start": 1680665840.4795203, "env_id": "MsPacmanNoFrameskip-v4"} 
r,l,t
490.0,512,5.657017
490.0,512,10.811979
600.0,524,16.679034
530.0,425,21.493343
530.0,423,26.011276
530.0,426,30.940885
