# {"t_start": 1680665840.5278952, "env_id": "MsPacmanNoFrameskip-v4"} 
r,l,t
600.0,525,5.789067
530.0,425,10.134865
530.0,427,14.637237
490.0,506,20.433028
530.0,423,24.967624
600.0,522,31.017463
