# {"t_start": 1680665840.5517879, "env_id": "MsPacmanNoFrameskip-v4"} 
r,l,t
490.0,508,5.49126
490.0,512,10.66931
600.0,521,16.501162
620.0,452,21.666528
620.0,451,26.642025
530.0,430,31.545077
