# {"t_start": 1680665840.610432, "env_id": "MsPacmanNoFrameskip-v4"} 
r,l,t
530.0,426,4.436417
600.0,519,9.93312
490.0,509,15.514296
530.0,428,20.333215
600.0,525,26.051239
600.0,521,32.163862
