# {"t_start": 1680665840.123523, "env_id": "MsPacmanNoFrameskip-v4"} 
r,l,t
620.0,454,5.280849
620.0,451,10.045871
600.0,521,15.63598
530.0,430,20.48256
530.0,423,25.043131
490.0,506,30.907906
