# {"t_start": 1680665840.0579903, "env_id": "MsPacmanNoFrameskip-v4"} 
r,l,t
620.0,456,5.382921
600.0,522,10.886591
620.0,456,15.788549
600.0,524,21.722089
490.0,507,27.394208
530.0,430,32.291666
