# {"t_start": 1680665840.1927829, "env_id": "MsPacmanNoFrameskip-v4"} 
r,l,t
620.0,450,5.142374
530.0,423,9.685499
600.0,522,15.220184
600.0,521,21.148518
600.0,522,26.904181
620.0,453,32.097825
