# {"t_start": 1680665840.241561, "env_id": "MsPacmanNoFrameskip-v4"} 
r,l,t
600.0,524,6.048153
490.0,507,11.129724
530.0,427,15.966326
490.0,507,21.614637
600.0,520,27.439879
530.0,429,32.321538
