# {"t_start": 1680665840.298742, "env_id": "MsPacmanNoFrameskip-v4"} 
r,l,t
490.0,507,5.708345
530.0,425,10.124779
600.0,526,15.910751
490.0,512,21.61586
530.0,430,26.265338
530.0,428,31.246076
