# {"t_start": 1680665840.32897, "env_id": "MsPacmanNoFrameskip-v4"} 
r,l,t
490.0,510,5.764189
490.0,509,10.873894
600.0,525,16.771828
530.0,427,21.607655
530.0,427,26.194909
530.0,425,31.121047
530.0,430,36.231687
