# {"t_start": 1680665840.3463159, "env_id": "MsPacmanNoFrameskip-v4"} 
r,l,t
530.0,424,4.657509
530.0,423,9.240793
620.0,450,13.819345
530.0,428,18.839104
490.0,507,24.371555
490.0,509,30.282008
490.0,508,36.163005
