# {"t_start": 1680665840.3782048, "env_id": "MsPacmanNoFrameskip-v4"} 
r,l,t
600.0,525,5.93917
530.0,424,10.255258
530.0,424,14.726023
620.0,451,19.903578
530.0,424,24.490266
490.0,511,30.40362
