# {"t_start": 1681213340.9967458, "env_id": "SkiingNoFrameskip-v4"} 
r,l,t
-29970.0,4503,35.945767
-29965.0,4502,98.3212
-29985.0,4505,167.004749
-29962.0,4502,205.393481
-29995.0,4507,239.818085
-29995.0,4507,272.703784
