# {"t_start": 1681213341.0268304, "env_id": "SkiingNoFrameskip-v4"} 
r,l,t
-29980.0,4504,35.9478
-29960.0,4501,98.291478
-29965.0,4502,166.909703
-29997.0,4507,205.421996
-29950.0,4500,239.679478
-29955.0,4501,272.453038
