# {"t_start": 1681213341.3372586, "env_id": "SkiingNoFrameskip-v4"} 
r,l,t
-29970.0,4503,35.605728
-29950.0,4500,97.920043
-29970.0,4503,166.575303
-29988.0,4506,205.053409
-29975.0,4504,239.418777
-29997.0,4507,272.279234
