# {"t_start": 1681213341.3718824, "env_id": "SkiingNoFrameskip-v4"} 
r,l,t
-29995.0,4507,35.700166
-29995.0,4507,98.263773
-29985.0,4505,166.797513
-29963.0,4502,205.201128
-29950.0,4500,239.4753
-29970.0,4503,272.274253
