# {"t_start": 1681213341.40488, "env_id": "SkiingNoFrameskip-v4"} 
r,l,t
-29992.0,4506,35.641652
-29963.0,4502,98.035958
-29977.0,4504,166.662642
-29955.0,4501,205.012215
-29950.0,4500,239.274204
-29972.0,4503,272.100301
