# {"t_start": 1681213341.4482987, "env_id": "SkiingNoFrameskip-v4"} 
r,l,t
-29968.0,4503,35.494313
-29995.0,4507,98.076796
-29965.0,4502,166.620852
-29967.0,4502,205.001484
-29960.0,4501,239.283494
-29997.0,4507,272.140373
