# {"t_start": 1681213341.47532, "env_id": "SkiingNoFrameskip-v4"} 
r,l,t
-29970.0,4503,35.46782
-29952.0,4500,97.788425
-29975.0,4504,166.460992
-29983.0,4505,204.91692
-29992.0,4506,239.313544
-29965.0,4502,272.080323
