# {"t_start": 1681213341.4992895, "env_id": "SkiingNoFrameskip-v4"} 
r,l,t
-29953.0,4500,35.356343
-29967.0,4502,97.714903
-29957.0,4501,166.360784
-29973.0,4503,204.777323
-29968.0,4503,239.104556
-29962.0,4502,271.898962
-29960.0,4501,310.731971
