# {"t_start": 1681213341.0644197, "env_id": "SkiingNoFrameskip-v4"} 
r,l,t
-29993.0,4506,35.982412
-29972.0,4503,98.406527
-29993.0,4506,167.051448
-29985.0,4505,205.478653
-29962.0,4502,239.809846
-29997.0,4507,272.679521
