# {"t_start": 1681213341.0982652, "env_id": "SkiingNoFrameskip-v4"} 
r,l,t
-29953.0,4500,35.757364
-29950.0,4500,98.00096
-29972.0,4503,166.761853
-29965.0,4502,205.15002
-29972.0,4503,239.477437
-29973.0,4503,272.299867
-29967.0,4502,311.159628
