# {"t_start": 1681213341.1326606, "env_id": "SkiingNoFrameskip-v4"} 
r,l,t
-29985.0,4505,35.890594
-29962.0,4502,98.256392
-29977.0,4504,166.901524
-29962.0,4502,205.28423
-29958.0,4501,239.573403
-29990.0,4506,272.422066
