# {"t_start": 1681213341.1678395, "env_id": "SkiingNoFrameskip-v4"} 
r,l,t
-29962.0,4502,35.744148
-29963.0,4502,98.122411
-29998.0,4507,166.866767
-29995.0,4507,205.329108
-29997.0,4507,239.763741
-29983.0,4505,272.602787
