# {"t_start": 1681213341.2000768, "env_id": "SkiingNoFrameskip-v4"} 
r,l,t
-29982.0,4505,35.814365
-29975.0,4504,98.282529
-29992.0,4506,166.915541
-29977.0,4504,205.316715
-29977.0,4504,239.698187
-29963.0,4502,272.477921
