# {"t_start": 1681213341.233569, "env_id": "SkiingNoFrameskip-v4"} 
r,l,t
-29957.0,4501,35.651054
-29950.0,4500,97.912476
-29953.0,4500,166.589427
-29983.0,4505,205.04201
-29962.0,4502,239.341609
-29975.0,4504,272.195444
-29968.0,4503,311.070218
