# {"t_start": 1681213341.2698119, "env_id": "SkiingNoFrameskip-v4"} 
r,l,t
-29992.0,4506,35.77722
-29957.0,4501,98.12628
-29957.0,4501,166.691413
-29960.0,4501,205.053241
-29957.0,4501,239.364083
-29988.0,4506,272.234455
-29978.0,4504,311.112321
