# {"t_start": 1681213341.3037348, "env_id": "SkiingNoFrameskip-v4"} 
r,l,t
-29953.0,4500,35.551218
-29993.0,4506,98.058818
-29987.0,4505,166.731534
-29953.0,4500,205.057528
-29982.0,4505,239.452242
-29978.0,4504,272.251645
