# {"t_start": 1681410167.7992272, "env_id": "SkiingNoFrameskip-v4"} 
r,l,t
-9016.0,529,5.478546
-9014.0,529,10.653865
-9034.0,532,15.901278
-9010.0,528,21.141042
-9043.0,533,26.491206
-9043.0,533,31.68949
