# {"t_start": 1681410167.8180811, "env_id": "SkiingNoFrameskip-v4"} 
r,l,t
-9031.0,531,5.507061
-9011.0,528,10.66098
-9014.0,529,15.847697
-9043.0,533,21.215221
-8996.0,526,26.39032
-9003.0,527,31.492291
