# {"t_start": 1681410168.0756652, "env_id": "SkiingNoFrameskip-v4"} 
r,l,t
-9016.0,529,5.202965
-8996.0,526,10.304182
-9016.0,529,15.501661
-9036.0,532,20.817199
-9023.0,530,26.110215
-9043.0,533,31.3174
