# {"t_start": 1681410168.1737714, "env_id": "SkiingNoFrameskip-v4"} 
r,l,t
-9043.0,533,5.207047
-9043.0,533,10.456935
-9034.0,532,15.704694
-9009.0,528,20.966468
-8996.0,526,26.145076
-9016.0,529,31.257192
