# {"t_start": 1681410168.1986706, "env_id": "SkiingNoFrameskip-v4"} 
r,l,t
-9041.0,533,5.181824
-9009.0,528,10.334565
-9023.0,530,15.536304
-9003.0,527,20.740868
-8996.0,526,25.946914
-9021.0,530,31.111491
