# {"t_start": 1681410168.2512236, "env_id": "SkiingNoFrameskip-v4"} 
r,l,t
-9016.0,529,5.027718
-9043.0,533,10.307827
-9014.0,529,15.483323
-9018.0,529,20.751611
-9011.0,528,25.984653
-9043.0,533,31.179714
