# {"t_start": 1681410168.2527335, "env_id": "SkiingNoFrameskip-v4"} 
r,l,t
-9016.0,529,5.026145
-9001.0,527,10.154724
-9023.0,530,15.358297
-9029.0,531,20.664754
-9041.0,533,26.010932
-9014.0,529,31.139549
