# {"t_start": 1681410168.287539, "env_id": "SkiingNoFrameskip-v4"} 
r,l,t
-9004.0,527,4.923961
-9018.0,529,10.121195
-9003.0,527,15.25877
-9024.0,530,20.545262
-9016.0,529,25.817257
-9010.0,528,30.941336
-9011.0,528,36.095922
