# {"t_start": 1681410167.8632033, "env_id": "SkiingNoFrameskip-v4"} 
r,l,t
-9044.0,533,5.51833
-9021.0,530,10.721971
-9044.0,533,15.980446
-9034.0,532,21.322234
-9010.0,528,26.523972
-9043.0,533,31.709059
