# {"t_start": 1681410167.8849819, "env_id": "SkiingNoFrameskip-v4"} 
r,l,t
-9004.0,527,5.325971
-8996.0,526,10.452018
-9021.0,530,15.660681
-9014.0,529,20.917333
-9021.0,530,26.219227
-9024.0,530,31.38722
-9018.0,529,36.54912
