# {"t_start": 1681410167.8740628, "env_id": "SkiingNoFrameskip-v4"} 
r,l,t
-9034.0,532,5.479125
-9010.0,528,10.632077
-9023.0,530,15.826655
-9010.0,528,21.065567
-9007.0,528,26.311157
-9036.0,532,31.49432
