# {"t_start": 1681410167.8977718, "env_id": "SkiingNoFrameskip-v4"} 
r,l,t
-9010.0,528,5.345185
-9009.0,528,10.509693
-9047.0,534,15.8031
-9043.0,533,21.177241
-9043.0,533,26.489487
-9029.0,531,31.641019
