# {"t_start": 1681410167.9827561, "env_id": "SkiingNoFrameskip-v4"} 
r,l,t
-9030.0,531,5.34094
-9023.0,530,10.550236
-9041.0,533,15.825636
-9023.0,530,21.119995
-9023.0,530,26.373266
-9009.0,528,31.475175
