# {"t_start": 1681410167.9763243, "env_id": "SkiingNoFrameskip-v4"} 
r,l,t
-9003.0,527,5.23421
-8996.0,526,10.361056
-9004.0,527,15.523704
-9029.0,531,20.79597
-9010.0,528,26.083535
-9023.0,530,31.225109
-9016.0,529,36.406244
