# {"t_start": 1681410168.0083961, "env_id": "SkiingNoFrameskip-v4"} 
r,l,t
-9041.0,533,5.372151
-9003.0,527,10.497634
-9003.0,527,15.629474
-9011.0,528,20.854015
-9003.0,527,26.096335
-9036.0,532,31.302097
-9027.0,531,36.482399
