# {"t_start": 1681410168.0663664, "env_id": "SkiingNoFrameskip-v4"} 
r,l,t
-9004.0,527,5.144864
-9044.0,533,10.440376
-9038.0,532,15.702157
-9004.0,527,20.908861
-9030.0,531,26.197836
-9027.0,531,31.363981
