# {"t_start": 1680701142.3028727, "env_id": "MsPacmanNoFrameskip-v4"} 
r,l,t
1280.0,732,4.599915
1500.0,796,9.727455
1280.0,729,14.351061
1280.0,729,19.168849
1580.0,712,23.701326
1280.0,728,28.443992
