# {"t_start": 1680701142.3223844, "env_id": "MsPacmanNoFrameskip-v4"} 
r,l,t
1280.0,730,4.544431
1500.0,793,9.609255
1500.0,796,14.750823
1580.0,709,19.431162
1580.0,714,23.947402
1580.0,714,28.642791
