# {"t_start": 1680701142.6634588, "env_id": "MsPacmanNoFrameskip-v4"} 
r,l,t
1580.0,708,3.922451
1580.0,714,8.474316
1580.0,713,12.948393
1580.0,708,17.617834
1580.0,712,22.275427
1500.0,795,27.440417
1580.0,713,32.011153
