# {"t_start": 1680701142.701574, "env_id": "MsPacmanNoFrameskip-v4"} 
r,l,t
1280.0,730,4.165498
1280.0,727,8.761285
1280.0,730,13.288226
1580.0,713,17.968995
1580.0,711,22.574416
1280.0,734,27.351767
