# {"t_start": 1680701142.7371457, "env_id": "MsPacmanNoFrameskip-v4"} 
r,l,t
1580.0,714,3.97531
1580.0,714,8.503893
1500.0,796,13.591331
1280.0,729,18.444579
1280.0,727,23.052822
1280.0,730,27.811158
1580.0,708,32.299546
