# {"t_start": 1680701142.7789996, "env_id": "MsPacmanNoFrameskip-v4"} 
r,l,t
1500.0,797,4.562944
1280.0,729,9.215527
1280.0,731,13.875047
1580.0,708,18.523109
1280.0,727,23.168382
1500.0,794,28.419251
