# {"t_start": 1680701142.8138223, "env_id": "MsPacmanNoFrameskip-v4"} 
r,l,t
1580.0,710,3.828397
1580.0,714,8.378377
1500.0,793,13.385157
1580.0,710,18.070251
1580.0,709,22.632197
1280.0,734,27.41247
1580.0,711,31.979725
