# {"t_start": 1680701142.850428, "env_id": "MsPacmanNoFrameskip-v4"} 
r,l,t
1280.0,730,4.016796
1500.0,791,9.054916
1580.0,711,13.562163
1280.0,732,18.430022
1500.0,797,23.556442
1500.0,793,28.774917
