# {"t_start": 1680701142.2681024, "env_id": "MsPacmanNoFrameskip-v4"} 
r,l,t
1580.0,712,4.407105
1580.0,709,8.850188
1500.0,793,13.896055
1280.0,734,18.819413
1280.0,727,23.462413
1580.0,708,28.071095
