# {"t_start": 1680701142.398363, "env_id": "MsPacmanNoFrameskip-v4"} 
r,l,t
1580.0,714,4.313647
1500.0,794,9.427282
1580.0,714,13.896385
1500.0,796,19.261978
1580.0,709,23.766138
1280.0,734,28.612628
