# {"t_start": 1680701142.4764788, "env_id": "MsPacmanNoFrameskip-v4"} 
r,l,t
1580.0,708,4.109257
1280.0,727,8.819095
1500.0,794,13.902511
1500.0,793,19.225636
1500.0,794,24.3137
1580.0,711,28.955029
