# {"t_start": 1680701142.4786491, "env_id": "MsPacmanNoFrameskip-v4"} 
r,l,t
1500.0,796,4.83962
1580.0,709,9.314947
1280.0,731,13.974663
1580.0,709,18.574786
1500.0,792,23.750421
1280.0,733,28.61271
