# {"t_start": 1680701142.516449, "env_id": "MsPacmanNoFrameskip-v4"} 
r,l,t
1580.0,709,4.096381
1280.0,729,8.81272
1500.0,798,13.937201
1580.0,714,18.602764
1280.0,734,23.339462
1280.0,732,28.142236
