# {"t_start": 1680701142.554309, "env_id": "MsPacmanNoFrameskip-v4"} 
r,l,t
1580.0,712,4.121816
1580.0,711,8.609378
1500.0,797,13.706791
1280.0,731,18.59009
1280.0,731,23.270477
1280.0,729,28.033444
