# {"t_start": 1680701142.5896027, "env_id": "MsPacmanNoFrameskip-v4"} 
r,l,t
1280.0,728,4.247405
1280.0,727,8.843084
1580.0,708,13.246543
1280.0,732,18.036931
1580.0,709,22.632273
1580.0,711,27.243636
1580.0,710,31.820491
