# {"t_start": 1680701142.6264336, "env_id": "MsPacmanNoFrameskip-v4"} 
r,l,t
1500.0,797,4.715449
1280.0,728,9.339015
1280.0,728,13.967117
1580.0,709,18.626036
1280.0,728,23.283993
1580.0,713,27.834339
