# {"t_start": 1680548457.0171065, "env_id": "PongNoFrameskip-v4"} 
r,l,t
-21.0,912,19.614574
-20.0,982,34.498954
-21.0,822,47.802625
-21.0,822,60.5336
-21.0,791,72.904449
-20.0,866,86.525871
