# {"t_start": 1680548457.0209525, "env_id": "PongNoFrameskip-v4"} 
r,l,t
-19.0,1077,22.100643
-21.0,758,33.511091
-20.0,960,49.023274
-21.0,884,62.753617
-21.0,821,75.645201
-21.0,908,89.862506
