# {"t_start": 1680548457.2563398, "env_id": "PongNoFrameskip-v4"} 
r,l,t
-21.0,927,19.611515
-21.0,806,31.586401
-17.0,1153,50.238276
-21.0,821,63.007749
-21.0,832,76.026126
-20.0,945,90.788957
