# {"t_start": 1680548457.2319007, "env_id": "PongNoFrameskip-v4"} 
r,l,t
-21.0,760,17.021361
-21.0,850,29.68896
-20.0,883,44.061535
-20.0,925,58.433611
-20.0,839,71.551642
-20.0,899,85.686158
