# {"t_start": 1680548457.1161325, "env_id": "PongNoFrameskip-v4"} 
r,l,t
-21.0,785,17.545248
-21.0,762,28.878341
-19.0,974,44.600858
-20.0,899,58.611248
-21.0,758,70.412467
-19.0,1014,86.360625
