# {"t_start": 1680548457.1363778, "env_id": "PongNoFrameskip-v4"} 
r,l,t
-19.0,1081,22.074509
-21.0,792,34.033273
-20.0,1006,50.244385
-20.0,898,64.214495
-21.0,818,77.114244
-20.0,882,90.792581
