# {"t_start": 1680548457.1053145, "env_id": "PongNoFrameskip-v4"} 
r,l,t
-20.0,954,20.203003
-20.0,842,32.794057
-21.0,820,46.137635
-21.0,821,58.869677
-19.0,1007,74.725461
-21.0,909,88.880071
