# {"t_start": 1681274817.7055418, "env_id": "CarnivalNoFrameskip-v4"} 
r,l,t
3790.0,240,2.414798
3790.0,249,4.661701
3840.0,238,6.746692
3790.0,242,9.007367
3840.0,236,11.445036
3840.0,236,13.749808
3790.0,241,16.037358
