# {"t_start": 1681274817.739913, "env_id": "CarnivalNoFrameskip-v4"} 
r,l,t
3790.0,242,2.434296
2940.0,295,5.06393
3790.0,242,7.220588
3790.0,240,9.619271
3840.0,237,11.970016
3790.0,242,14.368402
