# {"t_start": 1681274818.0573127, "env_id": "CarnivalNoFrameskip-v4"} 
r,l,t
3790.0,241,2.089551
3790.0,241,4.18931
3790.0,240,6.313699
3840.0,238,8.482311
3840.0,236,10.909961
3840.0,239,13.312181
