# {"t_start": 1681274818.0987244, "env_id": "CarnivalNoFrameskip-v4"} 
r,l,t
3790.0,241,2.049032
3840.0,238,4.102838
3840.0,240,6.214769
3840.0,236,8.351732
3840.0,236,10.812607
2940.0,295,13.881063
