# {"t_start": 1681274818.1377978, "env_id": "CarnivalNoFrameskip-v4"} 
r,l,t
3840.0,238,1.923706
3790.0,241,4.064331
3840.0,238,6.139518
3790.0,250,8.535257
3790.0,249,11.174442
3790.0,242,13.566684
