# {"t_start": 1681274818.1697633, "env_id": "CarnivalNoFrameskip-v4"} 
r,l,t
3840.0,239,1.916191
3840.0,236,3.946468
3790.0,250,6.245156
3790.0,240,8.469898
3790.0,241,11.011545
3840.0,238,13.338943
