# {"t_start": 1681274818.2110088, "env_id": "CarnivalNoFrameskip-v4"} 
r,l,t
3790.0,248,2.032211
3790.0,250,4.269374
3840.0,237,6.3637
3790.0,247,8.760991
3840.0,238,11.170351
3840.0,237,13.462185
