# {"t_start": 1681274818.2482195, "env_id": "CarnivalNoFrameskip-v4"} 
r,l,t
3790.0,248,1.995121
3840.0,238,4.064932
2940.0,295,6.748234
3790.0,240,9.148958
3790.0,241,11.52676
3840.0,237,13.885519
