# {"t_start": 1681274817.7789338, "env_id": "CarnivalNoFrameskip-v4"} 
r,l,t
3790.0,248,2.46389
3840.0,236,4.501603
2940.0,295,7.181853
3840.0,238,9.547455
2940.0,295,12.48316
3790.0,247,14.900817
