# {"t_start": 1681274817.8219666, "env_id": "CarnivalNoFrameskip-v4"} 
r,l,t
3790.0,240,2.29962
3840.0,237,4.328125
3840.0,240,6.454677
3840.0,237,8.595792
3840.0,237,11.089842
3790.0,241,13.507607
3790.0,241,15.792821
