# {"t_start": 1681274817.8492503, "env_id": "CarnivalNoFrameskip-v4"} 
r,l,t
3840.0,237,2.181902
3840.0,238,4.266375
3790.0,242,6.427973
3790.0,241,8.657238
3790.0,242,11.206543
3790.0,240,13.580676
3790.0,241,15.871963
