# {"t_start": 1681274817.891816, "env_id": "CarnivalNoFrameskip-v4"} 
r,l,t
3790.0,239,2.194578
3790.0,250,4.477372
3790.0,241,6.602284
3840.0,240,8.843464
3840.0,240,11.341811
3840.0,238,13.692222
