# {"t_start": 1681274817.9196472, "env_id": "CarnivalNoFrameskip-v4"} 
r,l,t
3840.0,237,2.111776
3840.0,236,4.160746
3790.0,248,6.425142
3790.0,240,8.647693
3840.0,237,11.090355
3790.0,250,13.664659
