# {"t_start": 1681274817.9609468, "env_id": "CarnivalNoFrameskip-v4"} 
r,l,t
3790.0,241,2.186887
3840.0,237,4.214784
3840.0,237,6.280536
3790.0,249,8.649096
3840.0,237,11.119083
3790.0,240,13.495242
3790.0,239,15.736981
