# {"t_start": 1681274817.9960923, "env_id": "CarnivalNoFrameskip-v4"} 
r,l,t
3790.0,248,2.246946
3790.0,242,4.398059
3790.0,241,6.52504
3790.0,248,8.923479
3790.0,239,11.349933
3790.0,239,13.67779
