# {"t_start": 1681274818.0343328, "env_id": "CarnivalNoFrameskip-v4"} 
r,l,t
3840.0,239,2.052159
3840.0,236,4.081215
3840.0,239,6.183835
3790.0,240,8.384397
3790.0,250,11.095415
3790.0,242,13.510343
