# {"t_start": 1681278172.4690356, "env_id": "TimePilotNoFrameskip-v4"} 
r,l,t
4000.0,1140,11.62222
4100.0,961,20.795658
600.0,712,27.590079
4000.0,952,36.776222
4000.0,945,45.548868
3800.0,696,51.938281
