# {"t_start": 1681278172.439755, "env_id": "TimePilotNoFrameskip-v4"} 
r,l,t
4000.0,1142,11.684376
600.0,713,18.479783
4100.0,966,27.751368
600.0,715,34.547993
3800.0,697,41.099987
4000.0,952,49.957437
