# {"t_start": 1681278173.1044643, "env_id": "TimePilotNoFrameskip-v4"} 
r,l,t
3900.0,918,8.86099
3800.0,702,15.442806
600.0,715,22.325575
4000.0,947,31.361724
4000.0,945,40.322921
4000.0,948,49.097842
