# {"t_start": 1681278173.1639493, "env_id": "TimePilotNoFrameskip-v4"} 
r,l,t
4100.0,1409,13.452581
4000.0,947,22.643598
4000.0,949,31.726593
3800.0,696,38.2389
4000.0,945,47.134659
600.0,713,53.544529
