# {"t_start": 1681278173.4170604, "env_id": "TimePilotNoFrameskip-v4"} 
r,l,t
3900.0,914,8.460952
3800.0,702,15.07574
600.0,712,21.899794
4100.0,962,31.152804
4100.0,961,40.299035
4000.0,952,49.14879
3800.0,699,55.361484
