# {"t_start": 1681278173.34834, "env_id": "TimePilotNoFrameskip-v4"} 
r,l,t
800.0,685,6.30983
600.0,710,12.990511
3800.0,699,19.646947
4000.0,950,28.791827
600.0,716,35.662546
600.0,712,42.2592
3800.0,701,48.667302
