# {"t_start": 1681278173.453353, "env_id": "TimePilotNoFrameskip-v4"} 
r,l,t
4000.0,1136,10.573219
4100.0,962,19.76647
4000.0,946,28.829648
4100.0,963,38.010796
3800.0,698,44.501114
3800.0,697,50.903677
