# {"t_start": 1681278173.5187109, "env_id": "TimePilotNoFrameskip-v4"} 
r,l,t
4000.0,1136,10.507574
4000.0,947,19.550476
600.0,713,26.392673
4100.0,964,35.67112
3800.0,702,42.138074
600.0,711,48.645798
