# {"t_start": 1681278172.6092439, "env_id": "TimePilotNoFrameskip-v4"} 
r,l,t
4000.0,1136,11.413869
4000.0,945,20.414286
600.0,713,27.252395
600.0,712,34.05843
600.0,713,40.710209
4100.0,963,49.742275
