# {"t_start": 1681278172.7979686, "env_id": "TimePilotNoFrameskip-v4"} 
r,l,t
4100.0,1408,13.790809
3800.0,697,20.539747
4000.0,949,29.608831
3800.0,697,36.281828
600.0,711,42.859537
4000.0,951,51.681499
