# {"t_start": 1681278172.8295555, "env_id": "TimePilotNoFrameskip-v4"} 
r,l,t
3900.0,913,9.01992
4000.0,947,18.148383
600.0,717,24.966038
3800.0,702,31.559122
4000.0,952,40.67467
4000.0,950,49.496497
