# {"t_start": 1681278172.8219404, "env_id": "TimePilotNoFrameskip-v4"} 
r,l,t
3900.0,916,9.091984
3800.0,699,15.648324
600.0,716,22.543223
4000.0,949,31.591572
4000.0,949,40.645089
4000.0,947,49.410551
