# {"t_start": 1681278172.8529894, "env_id": "TimePilotNoFrameskip-v4"} 
r,l,t
800.0,683,6.744987
4000.0,945,15.788179
4100.0,960,25.060031
4000.0,950,34.175494
3800.0,697,40.722224
3800.0,699,47.2013
3800.0,698,53.513777
