# {"t_start": 1681278173.123637, "env_id": "TimePilotNoFrameskip-v4"} 
r,l,t
4100.0,1409,13.493592
4000.0,946,22.647468
4000.0,946,31.689366
4100.0,961,40.826641
4000.0,946,49.615584
3800.0,701,55.935538
