# {"t_start": 1681278172.9862497, "env_id": "TimePilotNoFrameskip-v4"} 
r,l,t
4000.0,1136,11.03977
4100.0,966,20.30468
4100.0,965,29.554738
4100.0,960,38.686323
3800.0,700,45.199716
600.0,714,51.761054
