# {"t_start": 1681278173.2623348, "env_id": "TimePilotNoFrameskip-v4"} 
r,l,t
800.0,685,6.395703
4000.0,945,15.417649
4000.0,948,24.557127
3800.0,701,31.126891
3800.0,699,37.81166
4000.0,952,46.729387
600.0,712,53.208481
