# {"t_start": 1680664784.0697458, "env_id": "MsPacmanNoFrameskip-v4"} 
r,l,t
420.0,578,3.319487
320.0,398,5.654097
420.0,575,8.901254
420.0,575,12.258682
440.0,852,17.803752
420.0,574,21.692386
