# {"t_start": 1680664784.1098013, "env_id": "MsPacmanNoFrameskip-v4"} 
r,l,t
420.0,576,3.244333
320.0,395,5.519161
320.0,398,7.80544
440.0,849,12.794217
440.0,854,18.356081
