# {"t_start": 1680664784.4741957, "env_id": "MsPacmanNoFrameskip-v4"} 
r,l,t
400.0,458,2.276061
400.0,464,4.758287
400.0,463,7.524246
400.0,458,10.148398
440.0,852,15.486793
320.0,397,18.142674
400.0,463,21.308498
