# {"t_start": 1680664784.5171452, "env_id": "MsPacmanNoFrameskip-v4"} 
r,l,t
420.0,576,2.837055
420.0,573,6.212958
420.0,576,9.508506
440.0,853,14.557997
440.0,851,20.388136
