# {"t_start": 1680664784.5565944, "env_id": "MsPacmanNoFrameskip-v4"} 
r,l,t
440.0,854,4.33184
440.0,854,9.298321
320.0,398,11.662081
420.0,575,15.283577
420.0,573,19.214865
420.0,576,23.087446
