# {"t_start": 1680664784.5959985, "env_id": "MsPacmanNoFrameskip-v4"} 
r,l,t
320.0,399,1.884301
420.0,575,5.091331
420.0,577,8.375286
440.0,848,13.32008
420.0,573,17.210924
320.0,396,19.904977
320.0,400,22.630688
