# {"t_start": 1680664784.6379685, "env_id": "MsPacmanNoFrameskip-v4"} 
r,l,t
440.0,850,4.183204
440.0,854,9.138575
320.0,395,11.500707
400.0,460,14.260232
400.0,459,17.47518
420.0,580,21.500699
