# {"t_start": 1680664784.6728864, "env_id": "MsPacmanNoFrameskip-v4"} 
r,l,t
420.0,576,2.681554
320.0,393,4.930499
440.0,851,9.818051
420.0,578,13.227156
320.0,399,15.928297
320.0,395,18.618597
