# {"t_start": 1680664784.1512108, "env_id": "MsPacmanNoFrameskip-v4"} 
r,l,t
400.0,462,2.637421
400.0,459,5.062993
320.0,395,7.343351
420.0,580,10.8827
420.0,573,14.2398
440.0,848,20.085965
320.0,399,22.707873
