# {"t_start": 1680664784.1919312, "env_id": "MsPacmanNoFrameskip-v4"} 
r,l,t
400.0,464,2.630128
320.0,396,4.737889
400.0,464,7.431454
320.0,398,9.780559
440.0,849,14.802547
420.0,580,18.859921
400.0,463,22.096637
