# {"t_start": 1680664784.2299802, "env_id": "MsPacmanNoFrameskip-v4"} 
r,l,t
400.0,458,2.52016
420.0,573,5.7868
320.0,396,7.986116
320.0,395,10.261325
320.0,396,12.625705
400.0,461,15.507928
400.0,460,18.711298
320.0,397,21.364515
