# {"t_start": 1680664784.2801466, "env_id": "MsPacmanNoFrameskip-v4"} 
r,l,t
320.0,398,2.175584
440.0,849,6.921756
420.0,577,10.248541
440.0,849,15.430981
320.0,394,18.138237
420.0,579,22.21613
