# {"t_start": 1680664784.3144238, "env_id": "MsPacmanNoFrameskip-v4"} 
r,l,t
440.0,849,4.487342
420.0,575,7.887529
320.0,400,10.214628
440.0,854,15.4651
420.0,580,19.528468
420.0,578,23.42014
