# {"t_start": 1680664784.3561888, "env_id": "MsPacmanNoFrameskip-v4"} 
r,l,t
440.0,852,4.496685
440.0,851,9.391003
320.0,399,11.817701
420.0,577,15.445741
420.0,577,19.44719
420.0,575,23.31565
