# {"t_start": 1680664784.3953476, "env_id": "MsPacmanNoFrameskip-v4"} 
r,l,t
420.0,574,2.930685
420.0,573,6.307042
400.0,458,8.864745
420.0,578,12.226109
440.0,849,17.800716
