# {"t_start": 1680664784.450943, "env_id": "MsPacmanNoFrameskip-v4"} 
r,l,t
320.0,399,2.029431
420.0,574,5.207984
420.0,574,8.479371
400.0,459,11.121916
420.0,574,14.624727
440.0,853,20.492325
320.0,397,23.165999
