# {"t_start": 1681398853.0491867, "env_id": "TimePilotNoFrameskip-v4"} 
r,l,t
4100.0,914,9.739571
4200.0,854,18.303451
3900.0,857,27.45887
4200.0,856,36.680704
4000.0,901,46.223371
4000.0,996,56.941421
