# {"t_start": 1681398853.101556, "env_id": "TimePilotNoFrameskip-v4"} 
r,l,t
4100.0,908,9.604169
4000.0,989,19.638835
4200.0,854,28.847655
4200.0,853,37.972176
4200.0,854,46.971781
3900.0,854,56.124236
3900.0,853,65.32507
