# {"t_start": 1681398853.5261745, "env_id": "TimePilotNoFrameskip-v4"} 
r,l,t
4300.0,829,8.391237
4000.0,991,18.409554
4000.0,993,29.125175
4000.0,900,38.741961
4000.0,989,49.289157
4200.0,854,58.475043
