# {"t_start": 1681398853.493657, "env_id": "TimePilotNoFrameskip-v4"} 
r,l,t
3900.0,808,8.137451
4000.0,906,17.231734
4200.0,853,26.312013
3900.0,853,35.535937
3900.0,852,44.6224
4000.0,996,55.24877
4000.0,903,65.014184
