# {"t_start": 1681398853.503157, "env_id": "TimePilotNoFrameskip-v4"} 
r,l,t
4300.0,1128,11.458633
4200.0,851,20.09122
4000.0,903,29.896417
4000.0,994,40.53527
4200.0,857,49.648243
4200.0,853,58.83742
