# {"t_start": 1681398853.547482, "env_id": "TimePilotNoFrameskip-v4"} 
r,l,t
4100.0,908,9.158843
3900.0,853,17.702577
4000.0,990,28.402765
3900.0,854,37.552514
4000.0,902,47.07945
4000.0,901,56.769138
