# {"t_start": 1681398853.6363168, "env_id": "TimePilotNoFrameskip-v4"} 
r,l,t
4100.0,908,9.070306
4000.0,991,19.145549
4200.0,854,28.355861
3900.0,855,37.535499
4000.0,906,47.103629
4200.0,852,56.202098
