# {"t_start": 1681398853.6124804, "env_id": "TimePilotNoFrameskip-v4"} 
r,l,t
4300.0,829,8.305839
4200.0,853,16.754455
3900.0,857,25.895313
4200.0,853,35.103999
4000.0,904,44.760541
4000.0,902,54.39949
4000.0,905,64.134477
