# {"t_start": 1681398853.1303194, "env_id": "TimePilotNoFrameskip-v4"} 
r,l,t
4300.0,828,8.752803
4000.0,901,17.783973
4000.0,993,28.462914
4000.0,901,38.202483
4200.0,852,47.154216
4000.0,995,57.884856
