# {"t_start": 1681398853.2073705, "env_id": "TimePilotNoFrameskip-v4"} 
r,l,t
3900.0,807,8.391149
4000.0,991,18.472359
4200.0,858,27.673712
4000.0,906,37.382175
4000.0,996,48.055874
4000.0,994,58.732168
