# {"t_start": 1681398853.198991, "env_id": "TimePilotNoFrameskip-v4"} 
r,l,t
3900.0,810,8.474387
4000.0,903,17.499836
4200.0,857,26.664723
4000.0,993,37.415827
4000.0,993,48.019946
4000.0,991,58.678776
