# {"t_start": 1681398853.248107, "env_id": "TimePilotNoFrameskip-v4"} 
r,l,t
4300.0,1126,11.674467
4000.0,989,21.910991
3900.0,851,31.072723
4000.0,994,41.708474
4000.0,901,51.265069
4000.0,903,61.017507
