# {"t_start": 1681398853.3111951, "env_id": "TimePilotNoFrameskip-v4"} 
r,l,t
4300.0,829,8.606214
4000.0,990,18.594646
4000.0,990,29.271263
3900.0,852,38.422014
4000.0,990,48.956234
4000.0,905,58.687263
