# {"t_start": 1681398853.346095, "env_id": "TimePilotNoFrameskip-v4"} 
r,l,t
4100.0,908,9.360539
3900.0,857,17.958896
3900.0,856,27.096858
3900.0,851,36.251392
4000.0,904,45.82958
4200.0,855,55.002477
3900.0,856,64.1912
