# {"t_start": 1681398853.3618376, "env_id": "TimePilotNoFrameskip-v4"} 
r,l,t
4300.0,1128,11.599263
4000.0,989,21.84278
4000.0,992,32.524621
4000.0,905,42.16989
4000.0,903,51.801556
4000.0,996,62.462083
