# {"t_start": 1681398853.39918, "env_id": "TimePilotNoFrameskip-v4"} 
r,l,t
3900.0,812,8.308591
4000.0,906,17.398132
4200.0,856,26.521184
4000.0,991,37.253712
4000.0,989,47.775665
4000.0,992,58.447936
