# {"t_start": 1681395663.5651436, "env_id": "MsPacmanNoFrameskip-v4"} 
r,l,t
1440.0,856,11.020027
1440.0,853,21.606905
1090.0,609,28.799651
1200.0,618,36.059905
1200.0,611,43.287255
730.0,504,48.959351
