# {"t_start": 1681395663.5618143, "env_id": "MsPacmanNoFrameskip-v4"} 
r,l,t
1440.0,858,11.072519
1090.0,610,18.626239
1440.0,858,28.909886
1090.0,612,36.100759
730.0,505,41.988661
1200.0,618,49.083957
