# {"t_start": 1681395664.0516248, "env_id": "MsPacmanNoFrameskip-v4"} 
r,l,t
730.0,510,6.298217
730.0,510,12.507788
1090.0,612,20.094762
1200.0,613,27.443891
1200.0,611,34.546654
1200.0,614,41.805187
