# {"t_start": 1681395663.8712575, "env_id": "MsPacmanNoFrameskip-v4"} 
r,l,t
1090.0,613,7.748549
1200.0,613,15.290271
1200.0,615,22.873876
730.0,504,28.819595
1200.0,611,36.000182
1090.0,610,43.193073
1090.0,614,50.16914
