# {"t_start": 1681395664.130405, "env_id": "MsPacmanNoFrameskip-v4"} 
r,l,t
730.0,506,6.121267
730.0,510,12.368286
1090.0,609,19.889876
1440.0,854,30.107002
1440.0,853,40.139655
1200.0,618,47.241451
