# {"t_start": 1681395663.9441578, "env_id": "MsPacmanNoFrameskip-v4"} 
r,l,t
1200.0,614,7.707417
1090.0,607,15.089805
730.0,507,21.441795
1200.0,616,28.718548
1090.0,613,35.955653
1090.0,609,43.120906
730.0,509,48.860123
