# {"t_start": 1681395664.0974143, "env_id": "MsPacmanNoFrameskip-v4"} 
r,l,t
1440.0,852,10.410251
1440.0,854,21.005842
1200.0,612,28.267128
1440.0,855,38.29963
730.0,506,44.255181
730.0,505,50.020362
