# {"t_start": 1681395664.0292835, "env_id": "MsPacmanNoFrameskip-v4"} 
r,l,t
1440.0,852,10.479146
1200.0,613,18.099237
1090.0,610,25.47287
1440.0,856,35.517089
730.0,510,41.48342
1090.0,608,48.45464
