# {"t_start": 1681395663.643057, "env_id": "MsPacmanNoFrameskip-v4"} 
r,l,t
1440.0,852,10.865315
1200.0,611,18.441283
1090.0,610,25.80921
1090.0,609,32.901778
1090.0,610,40.134585
1440.0,855,50.058883
