# {"t_start": 1681395663.6665027, "env_id": "MsPacmanNoFrameskip-v4"} 
r,l,t
1090.0,612,7.919995
730.0,505,14.088028
1200.0,615,21.784415
730.0,505,27.680999
1090.0,608,34.798671
1200.0,617,42.090218
1200.0,617,49.202071
