# {"t_start": 1681395663.6643739, "env_id": "MsPacmanNoFrameskip-v4"} 
r,l,t
730.0,505,6.55206
1200.0,613,14.117463
1090.0,614,21.786516
730.0,510,27.763899
1200.0,618,35.016983
1200.0,616,42.324804
