# {"t_start": 1681395663.6259372, "env_id": "MsPacmanNoFrameskip-v4"} 
r,l,t
730.0,508,6.674834
730.0,507,12.840436
1090.0,613,20.444321
1200.0,615,27.830628
1200.0,615,35.012812
1200.0,613,42.266377
1200.0,618,49.399244
