# {"t_start": 1681395663.6699007, "env_id": "MsPacmanNoFrameskip-v4"} 
r,l,t
1200.0,612,7.918152
1200.0,611,15.414808
1440.0,852,25.824823
1200.0,616,33.033597
730.0,505,38.995402
730.0,507,44.950457
