# {"t_start": 1681395663.9358788, "env_id": "MsPacmanNoFrameskip-v4"} 
r,l,t
1090.0,613,7.683683
1200.0,612,15.194331
1200.0,612,22.730603
1440.0,853,32.730044
1200.0,612,39.965963
730.0,509,45.879343
