# {"t_start": 1681395663.9471815, "env_id": "MsPacmanNoFrameskip-v4"} 
r,l,t
1440.0,852,10.561391
1440.0,858,21.25473
1440.0,857,31.282372
1440.0,852,41.341932
730.0,508,47.1622
