# {"t_start": 1681395663.7869222, "env_id": "MsPacmanNoFrameskip-v4"} 
r,l,t
1200.0,614,7.86393
1200.0,611,15.343311
1200.0,614,22.923227
730.0,509,28.954596
730.0,507,34.788998
1200.0,618,42.145573
1090.0,609,49.13986
