# {"t_start": 1680967198.9920785, "env_id": "SkiingNoFrameskip-v4"} 
r,l,t
-8981.0,524,5.494676
-9000.0,526,10.665399
-8993.0,525,15.720458
-8975.0,523,20.515205
-8990.0,525,25.455589
-8990.0,525,30.470824
