# {"t_start": 1680967199.046221, "env_id": "SkiingNoFrameskip-v4"} 
r,l,t
-8996.0,526,5.502912
-8998.0,526,10.669961
-8976.0,523,15.665001
-8976.0,523,20.461437
-8995.0,526,25.42528
-8970.0,522,30.379363
