# {"t_start": 1680967199.3402874, "env_id": "SkiingNoFrameskip-v4"} 
r,l,t
-9005.0,527,5.237992
-8970.0,522,10.288291
-8970.0,522,15.275219
-8973.0,522,20.051357
-8970.0,522,24.946036
-9001.0,527,30.02812
-8991.0,525,35.045002
