# {"t_start": 1680967199.3801494, "env_id": "SkiingNoFrameskip-v4"} 
r,l,t
-8966.0,521,5.002543
-9006.0,527,10.222278
-9000.0,526,15.303779
-8966.0,521,20.049072
-8995.0,526,25.029498
-8991.0,525,30.046277
