# {"t_start": 1680967199.4167576, "env_id": "SkiingNoFrameskip-v4"} 
r,l,t
-8983.0,524,5.070892
-8963.0,521,10.103189
-8983.0,524,15.153441
-9001.0,527,20.035901
-8988.0,525,24.992893
-9010.0,528,30.076642
