# {"t_start": 1680967199.4439251, "env_id": "SkiingNoFrameskip-v4"} 
r,l,t
-9008.0,528,5.165419
-9008.0,528,10.332697
-8998.0,526,15.370608
-8976.0,523,20.209199
-8963.0,521,25.084002
-8983.0,524,30.079527
