# {"t_start": 1680967199.4401531, "env_id": "SkiingNoFrameskip-v4"} 
r,l,t
-9005.0,527,5.138099
-8976.0,523,10.218118
-8990.0,525,15.271434
-8968.0,522,20.040172
-8963.0,521,24.889282
-8985.0,524,29.930334
