# {"t_start": 1680967199.5177982, "env_id": "SkiingNoFrameskip-v4"} 
r,l,t
-8981.0,524,4.969213
-9008.0,528,10.198163
-8978.0,523,15.194652
-8980.0,523,19.991866
-8973.0,522,24.870991
-9010.0,528,29.94489
