# {"t_start": 1680967199.0402827, "env_id": "SkiingNoFrameskip-v4"} 
r,l,t
-8983.0,524,5.446965
-8978.0,523,10.530561
-8998.0,526,15.613354
-8975.0,523,20.411732
-9008.0,528,25.431301
-9008.0,528,30.533892
