# {"t_start": 1680967199.1152363, "env_id": "SkiingNoFrameskip-v4"} 
r,l,t
-8993.0,525,5.401958
-8973.0,522,10.456448
-8978.0,523,15.476905
-9010.0,528,20.394183
-8963.0,521,25.241312
-8968.0,522,30.22698
-9005.0,527,35.292958
