# {"t_start": 1680967199.140834, "env_id": "SkiingNoFrameskip-v4"} 
r,l,t
-9006.0,527,5.437644
-8985.0,524,10.550336
-9006.0,527,15.621795
-8998.0,526,20.480691
-8975.0,523,25.416434
-9010.0,528,30.479416
