# {"t_start": 1680967199.166365, "env_id": "SkiingNoFrameskip-v4"} 
r,l,t
-8966.0,521,5.216603
-8963.0,521,10.281379
-8985.0,524,15.360048
-8978.0,523,20.143522
-8985.0,524,25.078815
-8986.0,524,30.097715
-8980.0,523,35.118519
