# {"t_start": 1680967199.2135541, "env_id": "SkiingNoFrameskip-v4"} 
r,l,t
-8998.0,526,5.335122
-8975.0,523,10.415034
-8990.0,525,15.468794
-8975.0,523,20.265992
-8971.0,522,25.143164
-9003.0,527,30.212396
