# {"t_start": 1680967199.241568, "env_id": "SkiingNoFrameskip-v4"} 
r,l,t
-8975.0,523,5.210638
-8976.0,523,10.301198
-9011.0,528,15.441459
-9008.0,528,20.32612
-9010.0,528,25.386042
-8996.0,526,30.401704
