# {"t_start": 1680967199.2639773, "env_id": "SkiingNoFrameskip-v4"} 
r,l,t
-8995.0,526,5.284486
-8988.0,525,10.426273
-9005.0,527,15.497751
-8990.0,525,20.329448
-8990.0,525,25.318688
-8976.0,523,30.285882
