# {"t_start": 1680967199.2953668, "env_id": "SkiingNoFrameskip-v4"} 
r,l,t
-8970.0,522,5.125882
-8963.0,521,10.181956
-8966.0,521,15.197088
-8996.0,526,20.044592
-8975.0,523,24.948781
-8988.0,525,29.995621
-8981.0,524,35.027141
