# {"t_start": 1680793411.2737908, "env_id": "AsteroidsNoFrameskip-v4"} 
r,l,t
480.0,414,6.370738
460.0,381,11.392885
180.0,410,16.647174
360.0,377,21.629886
330.0,723,30.561583
330.0,723,40.004279
480.0,414,45.110692
