# {"t_start": 1680793411.3673978, "env_id": "AsteroidsNoFrameskip-v4"} 
r,l,t
480.0,460,6.917197
480.0,697,16.035748
480.0,733,25.348376
480.0,733,34.731651
480.0,411,40.144927
380.0,457,45.754868
