# {"t_start": 1680793412.090837, "env_id": "AsteroidsNoFrameskip-v4"} 
r,l,t
380.0,462,6.232374
380.0,457,12.211167
380.0,457,18.188712
380.0,812,28.341657
380.0,457,34.196023
460.0,521,41.028357
480.0,412,45.972444
