# {"t_start": 1680793412.0979846, "env_id": "AsteroidsNoFrameskip-v4"} 
r,l,t
330.0,502,6.765756
360.0,871,18.314971
460.0,381,23.037658
330.0,502,29.271986
480.0,411,34.503425
480.0,412,39.79752
460.0,381,44.519593
