# {"t_start": 1680793412.2563686, "env_id": "AsteroidsNoFrameskip-v4"} 
r,l,t
580.0,512,6.783704
390.0,910,18.865881
580.0,512,25.030492
460.0,521,31.645319
330.0,549,38.838653
360.0,611,46.422184
