# {"t_start": 1680793412.3092403, "env_id": "AsteroidsNoFrameskip-v4"} 
r,l,t
360.0,611,8.055707
360.0,611,16.039113
480.0,697,24.76325
480.0,733,34.222312
390.0,910,45.833814
