# {"t_start": 1680793412.413546, "env_id": "AsteroidsNoFrameskip-v4"} 
r,l,t
380.0,462,5.909219
480.0,733,15.536341
330.0,723,24.629007
480.0,456,30.51759
390.0,910,42.414581
