# {"t_start": 1680793412.4798656, "env_id": "AsteroidsNoFrameskip-v4"} 
r,l,t
480.0,414,5.164868
360.0,611,13.237293
430.0,409,18.676532
230.0,458,24.104029
380.0,812,34.644604
360.0,611,42.595777
