# {"t_start": 1680793411.4150069, "env_id": "AsteroidsNoFrameskip-v4"} 
r,l,t
580.0,512,7.624664
430.0,409,12.927782
480.0,697,22.160834
360.0,377,26.497156
360.0,611,34.315942
360.0,611,42.370998
