# {"t_start": 1680793411.4933271, "env_id": "AsteroidsNoFrameskip-v4"} 
r,l,t
180.0,410,6.075749
380.0,812,16.855133
430.0,409,22.272613
360.0,611,29.672442
390.0,910,41.572725
480.0,456,47.079082
