# {"t_start": 1680793411.5754063, "env_id": "AsteroidsNoFrameskip-v4"} 
r,l,t
360.0,871,12.197824
340.0,410,17.469534
360.0,871,28.474383
480.0,697,37.568399
360.0,377,42.46152
