# {"t_start": 1680793411.6868172, "env_id": "AsteroidsNoFrameskip-v4"} 
r,l,t
330.0,502,7.177778
390.0,910,19.268243
340.0,410,24.151253
430.0,409,29.314998
340.0,410,34.525814
380.0,513,41.237673
230.0,458,46.796721
