# {"t_start": 1680793411.7468498, "env_id": "AsteroidsNoFrameskip-v4"} 
r,l,t
480.0,697,9.736155
360.0,377,14.526235
330.0,723,23.826367
360.0,377,28.467928
180.0,457,34.295231
460.0,521,41.140269
460.0,521,47.536906
