# {"t_start": 1680793411.8410935, "env_id": "AsteroidsNoFrameskip-v4"} 
r,l,t
360.0,377,5.281246
480.0,733,14.911457
380.0,459,21.022334
360.0,611,28.461368
360.0,611,36.490991
480.0,460,42.374779
460.0,381,46.921335
