# {"t_start": 1680793411.8920932, "env_id": "AsteroidsNoFrameskip-v4"} 
r,l,t
480.0,411,5.70513
330.0,549,12.97093
380.0,462,19.015618
330.0,723,27.877193
330.0,723,37.380732
480.0,733,46.591806
