# {"t_start": 1680793411.9581585, "env_id": "AsteroidsNoFrameskip-v4"} 
r,l,t
380.0,457,6.275422
390.0,910,18.365498
330.0,502,24.440738
480.0,460,30.293713
360.0,377,35.203334
330.0,549,42.31369
480.0,414,47.265335
