# {"t_start": 1681409299.7104063, "env_id": "FreewayNoFrameskip-v4"} 
r,l,t
0.0,2045,23.115303
0.0,2042,45.929588
0.0,2043,69.446103
0.0,2048,93.520463
0.0,2041,117.719144
0.0,2042,141.049368
