# {"t_start": 1681409299.8076203, "env_id": "FreewayNoFrameskip-v4"} 
r,l,t
0.0,2047,23.104162
0.0,2044,45.991168
0.0,2047,69.601983
0.0,2046,93.615448
0.0,2042,117.863838
0.0,2048,141.315722
