# {"t_start": 1681409300.1087573, "env_id": "FreewayNoFrameskip-v4"} 
r,l,t
0.0,2047,22.803265
0.0,2047,45.7853
0.0,2046,69.348451
0.0,2043,93.272799
0.0,2041,117.498722
0.0,2044,140.854977
