# {"t_start": 1681409300.1217003, "env_id": "FreewayNoFrameskip-v4"} 
r,l,t
0.0,2047,22.789814
0.0,2043,45.64006
0.0,2045,69.187442
0.0,2042,93.063628
0.0,2041,117.265783
0.0,2044,140.675739
