# {"t_start": 1681409300.1427538, "env_id": "FreewayNoFrameskip-v4"} 
r,l,t
0.0,2044,22.632772
0.0,2048,45.698153
0.0,2043,69.167671
0.0,2043,93.089922
0.0,2042,117.327373
0.0,2048,140.82199
