# {"t_start": 1681409300.1811442, "env_id": "FreewayNoFrameskip-v4"} 
r,l,t
0.0,2044,22.595906
0.0,2041,45.382691
0.0,2045,68.974535
0.0,2046,92.963661
0.0,2047,117.384925
0.0,2043,140.743085
