# {"t_start": 1681409300.2853017, "env_id": "FreewayNoFrameskip-v4"} 
r,l,t
0.0,2041,22.35556
0.0,2043,45.236815
0.0,2042,68.744319
0.0,2044,92.689486
0.0,2044,116.997437
0.0,2043,140.392607
0.0,2042,163.776565
