# {"t_start": 1681409300.2615724, "env_id": "FreewayNoFrameskip-v4"} 
r,l,t
0.0,2041,22.381859
0.0,2043,45.260084
0.0,2044,68.828019
0.0,2045,92.781432
0.0,2048,117.248372
0.0,2042,140.576273
