# {"t_start": 1681409299.7972915, "env_id": "FreewayNoFrameskip-v4"} 
r,l,t
0.0,2041,22.841896
0.0,2041,45.62924
0.0,2044,69.231176
0.0,2043,93.136852
0.0,2044,117.445246
0.0,2044,140.882956
0.0,2043,164.298278
