# {"t_start": 1681409299.843404, "env_id": "FreewayNoFrameskip-v4"} 
r,l,t
0.0,2046,23.024507
0.0,2043,45.87675
0.0,2045,69.413038
0.0,2043,93.340961
0.0,2042,117.587104
0.0,2047,141.079086
