# {"t_start": 1681409299.851488, "env_id": "FreewayNoFrameskip-v4"} 
r,l,t
0.0,2043,22.883379
0.0,2043,45.751364
0.0,2048,69.404641
0.0,2047,93.450411
0.0,2048,117.908379
0.0,2046,141.307618
