# {"t_start": 1681409299.9978826, "env_id": "FreewayNoFrameskip-v4"} 
r,l,t
0.0,2045,22.827499
0.0,2045,45.763185
0.0,2047,69.365703
0.0,2045,93.338163
0.0,2045,117.706612
0.0,2043,141.056074
