# {"t_start": 1681409299.9762843, "env_id": "FreewayNoFrameskip-v4"} 
r,l,t
0.0,2042,22.715714
0.0,2041,45.490825
0.0,2041,69.008272
0.0,2046,92.99753
0.0,2042,117.223201
0.0,2045,140.70138
0.0,2044,164.152808
