# {"t_start": 1681409300.018418, "env_id": "FreewayNoFrameskip-v4"} 
r,l,t
0.0,2047,22.892486
0.0,2042,45.701856
0.0,2042,69.171851
0.0,2042,93.034092
0.0,2042,117.31163
0.0,2047,140.77763
0.0,2045,164.195279
