# {"t_start": 1681409300.0537245, "env_id": "FreewayNoFrameskip-v4"} 
r,l,t
0.0,2041,22.58698
0.0,2047,45.629174
0.0,2046,69.204659
0.0,2041,93.050257
0.0,2045,117.416434
0.0,2045,140.834841
