# {"t_start": 1681409300.0490808, "env_id": "FreewayNoFrameskip-v4"} 
r,l,t
0.0,2044,22.725936
0.0,2041,45.51528
0.0,2044,69.074994
0.0,2047,93.095727
0.0,2045,117.461193
0.0,2048,140.963687
