# {"t_start": 1680892810.3546789, "env_id": "TimePilotNoFrameskip-v4"} 
r,l,t
1000.0,718,7.112589
800.0,742,14.178335
800.0,709,20.844594
800.0,709,27.648482
900.0,760,35.039154
800.0,708,41.910339
