# {"t_start": 1680812465.2522168, "env_id": "TimePilotNoFrameskip-v4"} 
r,l,t
400.0,1892,23.348213
500.0,2045,47.558412
500.0,1161,60.82783
