# {"t_start": 1680812465.3374262, "env_id": "TimePilotNoFrameskip-v4"} 
r,l,t
400.0,1890,23.223684
500.0,2042,47.378254
