# {"t_start": 1680892810.3892386, "env_id": "TimePilotNoFrameskip-v4"} 
r,l,t
1000.0,716,7.029728
800.0,739,14.037749
800.0,742,21.091984
900.0,757,28.539506
900.0,762,35.848608
900.0,762,43.296555
