# {"t_start": 1680892810.7318406, "env_id": "TimePilotNoFrameskip-v4"} 
r,l,t
900.0,712,6.599134
700.0,744,13.727415
700.0,743,20.796417
700.0,738,27.97616
900.0,760,35.304198
800.0,741,42.546343
