# {"t_start": 1680812466.0730245, "env_id": "TimePilotNoFrameskip-v4"} 
r,l,t
400.0,1888,22.430641
500.0,1166,36.11331
500.0,1165,49.852373
500.0,1160,63.344619
