# {"t_start": 1680812466.2041993, "env_id": "TimePilotNoFrameskip-v4"} 
r,l,t
400.0,1890,22.357222
500.0,1159,35.874866
500.0,1162,49.644791
500.0,1165,63.120972
