# {"t_start": 1680892810.7661712, "env_id": "TimePilotNoFrameskip-v4"} 
r,l,t
1000.0,716,6.653212
800.0,707,13.31973
800.0,710,20.037958
900.0,761,27.383891
900.0,759,34.820703
800.0,714,41.756351
