# {"t_start": 1680812466.3142922, "env_id": "TimePilotNoFrameskip-v4"} 
r,l,t
400.0,1894,22.339384
500.0,1166,35.990001
500.0,2045,59.920846
