# {"t_start": 1680892810.8094835, "env_id": "TimePilotNoFrameskip-v4"} 
r,l,t
700.0,716,6.608936
900.0,762,13.943135
800.0,742,21.017938
800.0,709,27.804292
800.0,707,34.547307
800.0,710,41.455518
