# {"t_start": 1680892810.846665, "env_id": "TimePilotNoFrameskip-v4"} 
r,l,t
700.0,691,6.245022
800.0,709,12.962244
800.0,711,19.74786
900.0,756,27.006696
800.0,707,33.874478
800.0,740,41.09682
800.0,744,48.323699
