# {"t_start": 1680812466.389816, "env_id": "TimePilotNoFrameskip-v4"} 
r,l,t
500.0,2493,29.178883
500.0,1161,43.06907
500.0,1163,56.351782
