# {"t_start": 1680812466.4804156, "env_id": "TimePilotNoFrameskip-v4"} 
r,l,t
400.0,1890,22.079712
500.0,1166,35.76055
500.0,2042,59.602464
