# {"t_start": 1680892810.881086, "env_id": "TimePilotNoFrameskip-v4"} 
r,l,t
700.0,712,6.450189
900.0,762,13.817606
800.0,739,20.840271
700.0,740,28.011488
700.0,739,35.097272
800.0,714,42.056014
