# {"t_start": 1680812466.536228, "env_id": "TimePilotNoFrameskip-v4"} 
r,l,t
400.0,1890,22.025348
500.0,2040,46.147581
500.0,1163,59.453231
