# {"t_start": 1680892810.9082854, "env_id": "TimePilotNoFrameskip-v4"} 
r,l,t
1000.0,716,6.510307
800.0,737,13.488691
900.0,759,20.784424
800.0,712,27.601525
800.0,743,34.831481
800.0,739,42.028471
