# {"t_start": 1680812465.4107862, "env_id": "TimePilotNoFrameskip-v4"} 
r,l,t
400.0,1892,23.189035
500.0,1161,36.747375
500.0,2042,60.614089
