# {"t_start": 1680892810.3905044, "env_id": "TimePilotNoFrameskip-v4"} 
r,l,t
900.0,716,7.026957
700.0,739,14.035724
800.0,739,21.050887
800.0,714,27.930354
800.0,707,34.717615
900.0,756,42.182271
