# {"t_start": 1680812465.4878416, "env_id": "TimePilotNoFrameskip-v4"} 
r,l,t
400.0,1894,23.165031
500.0,2043,47.32378
500.0,1166,60.704026
