# {"t_start": 1680892810.465515, "env_id": "TimePilotNoFrameskip-v4"} 
r,l,t
900.0,718,7.001133
800.0,740,14.032279
700.0,744,21.121629
800.0,742,28.322072
900.0,757,35.626085
800.0,714,42.578371
