# {"t_start": 1680812465.5757465, "env_id": "TimePilotNoFrameskip-v4"} 
r,l,t
400.0,1888,22.927455
500.0,1159,36.465398
500.0,2043,60.369972
