# {"t_start": 1680892810.4842188, "env_id": "TimePilotNoFrameskip-v4"} 
r,l,t
900.0,712,6.846137
800.0,707,13.502844
800.0,740,20.597269
800.0,739,27.716533
800.0,740,34.9096
700.0,741,42.167607
