# {"t_start": 1680892810.5255578, "env_id": "TimePilotNoFrameskip-v4"} 
r,l,t
700.0,690,6.532949
900.0,757,13.791346
800.0,711,20.514606
900.0,757,27.879749
800.0,738,35.062337
800.0,713,41.970159
800.0,713,48.872651
