# {"t_start": 1680812465.655405, "env_id": "TimePilotNoFrameskip-v4"} 
r,l,t
500.0,2492,29.886454
500.0,1161,43.775521
500.0,1163,57.053501
