# {"t_start": 1680812465.7390783, "env_id": "TimePilotNoFrameskip-v4"} 
r,l,t
400.0,1889,22.791633
500.0,1161,36.370901
500.0,2047,60.31902
