# {"t_start": 1680892810.543735, "env_id": "TimePilotNoFrameskip-v4"} 
r,l,t
700.0,711,6.759093
800.0,709,13.476028
800.0,744,20.600888
900.0,762,28.000323
800.0,714,34.893596
800.0,712,41.805472
