# {"t_start": 1680892810.6896486, "env_id": "TimePilotNoFrameskip-v4"} 
r,l,t
700.0,714,6.680322
900.0,759,13.982423
800.0,743,21.08074
800.0,711,27.882412
800.0,711,34.704522
800.0,709,41.604957
800.0,714,48.526609
