# {"t_start": 1680812465.8469727, "env_id": "TimePilotNoFrameskip-v4"} 
r,l,t
400.0,1892,22.753615
500.0,1163,36.364872
500.0,2046,60.297986
