# {"t_start": 1680892810.6555674, "env_id": "TimePilotNoFrameskip-v4"} 
r,l,t
1000.0,714,6.714683
800.0,707,13.390242
700.0,738,20.424336
800.0,712,27.258069
900.0,757,34.609899
900.0,759,42.091205
