# {"t_start": 1680812465.8914351, "env_id": "TimePilotNoFrameskip-v4"} 
r,l,t
400.0,1888,22.61271
500.0,1159,36.148585
500.0,1160,49.889158
500.0,1164,63.338836
