# {"t_start": 1680812465.9750414, "env_id": "TimePilotNoFrameskip-v4"} 
r,l,t
500.0,2493,29.596187
500.0,1160,43.456366
500.0,1160,56.688574
