# {"t_start": 1680892810.6855035, "env_id": "TimePilotNoFrameskip-v4"} 
r,l,t
700.0,691,6.406278
800.0,708,13.090963
800.0,708,19.856709
700.0,739,26.967596
800.0,708,33.829098
900.0,761,41.286861
800.0,741,48.45174
