# {"t_start": 1681199787.6420195, "env_id": "TimePilotNoFrameskip-v4"} 
r,l,t
3900.0,1920,17.824174
800.0,1451,30.93169
800.0,1454,43.770576
3900.0,945,52.020299
3900.0,950,60.382872
3900.0,950,68.654041
