# {"t_start": 1681199787.670857, "env_id": "TimePilotNoFrameskip-v4"} 
r,l,t
3800.0,1096,10.303292
4100.0,1497,23.905499
800.0,1451,36.805802
600.0,890,44.539231
600.0,883,52.284942
3900.0,944,60.591654
