# {"t_start": 1681199787.9928076, "env_id": "TimePilotNoFrameskip-v4"} 
r,l,t
3900.0,1920,17.473371
600.0,883,25.535798
600.0,886,33.291408
3900.0,949,41.600352
3900.0,947,49.899236
600.0,890,57.734787
