# {"t_start": 1681199788.0976214, "env_id": "TimePilotNoFrameskip-v4"} 
r,l,t
800.0,1370,12.452863
3900.0,950,20.980839
800.0,1454,34.015991
600.0,885,41.724263
600.0,883,49.384577
600.0,886,57.166847
4100.0,1496,70.363401
