# {"t_start": 1681199788.0608163, "env_id": "TimePilotNoFrameskip-v4"} 
r,l,t
500.0,1023,9.244592
600.0,885,17.152151
600.0,887,25.240391
3900.0,944,33.572221
600.0,883,41.265494
800.0,1452,54.036184
800.0,1456,66.845739
