# {"t_start": 1681199788.173243, "env_id": "TimePilotNoFrameskip-v4"} 
r,l,t
800.0,1366,12.299318
3900.0,950,20.842288
800.0,1451,33.842634
4100.0,1498,47.00651
4100.0,1497,60.23576
600.0,890,67.957108
