# {"t_start": 1681199788.1405175, "env_id": "TimePilotNoFrameskip-v4"} 
r,l,t
3900.0,1920,17.326724
800.0,1449,30.400082
3900.0,947,38.782379
600.0,888,46.486587
800.0,1455,59.336013
