# {"t_start": 1681199788.1700847, "env_id": "TimePilotNoFrameskip-v4"} 
r,l,t
3800.0,1092,9.740894
4100.0,1498,23.3585
600.0,884,31.208899
4100.0,1499,44.385437
3900.0,946,52.669194
3900.0,945,61.018345
