# {"t_start": 1681199787.716717, "env_id": "TimePilotNoFrameskip-v4"} 
r,l,t
3800.0,1098,10.294266
800.0,1452,23.456823
4100.0,1502,36.845268
800.0,1454,49.556916
3900.0,945,57.906427
600.0,890,65.641143
