# {"t_start": 1681199787.8138254, "env_id": "TimePilotNoFrameskip-v4"} 
r,l,t
3800.0,1092,10.096917
600.0,883,18.071822
800.0,1452,31.141175
800.0,1451,43.921146
800.0,1452,56.706671
4100.0,1499,69.905876
