# {"t_start": 1681199787.7846282, "env_id": "TimePilotNoFrameskip-v4"} 
r,l,t
500.0,1022,9.488491
3900.0,945,17.98407
600.0,887,26.071985
3900.0,945,34.444385
800.0,1450,47.127264
600.0,889,54.924171
600.0,889,62.716489
600.0,886,70.431023
