# {"t_start": 1681199787.828467, "env_id": "TimePilotNoFrameskip-v4"} 
r,l,t
800.0,1365,12.613116
600.0,885,20.562815
800.0,1456,33.621477
3900.0,950,41.929339
600.0,890,49.72739
600.0,888,57.528357
