# {"t_start": 1681199787.850252, "env_id": "TimePilotNoFrameskip-v4"} 
r,l,t
800.0,1368,12.659854
3900.0,947,21.144632
800.0,1455,34.212053
600.0,887,41.934524
600.0,887,49.667953
600.0,885,57.448185
600.0,890,65.163449
