# {"t_start": 1681199787.8908443, "env_id": "TimePilotNoFrameskip-v4"} 
r,l,t
3900.0,1918,17.536479
600.0,883,25.595735
4100.0,1496,38.842016
600.0,888,46.56123
3900.0,945,54.882137
3900.0,947,63.155867
