# {"t_start": 1681199787.9899173, "env_id": "TimePilotNoFrameskip-v4"} 
r,l,t
500.0,1023,9.315419
600.0,884,17.188947
600.0,884,25.255955
4100.0,1497,38.499783
600.0,884,46.19558
3900.0,949,54.552732
800.0,1453,67.330475
