# {"t_start": 1681199787.97265, "env_id": "TimePilotNoFrameskip-v4"} 
r,l,t
3800.0,1092,9.938128
4100.0,1502,23.631905
4100.0,1501,36.965388
4100.0,1496,50.107301
3900.0,948,58.431733
