# {"t_start": 1680703211.0129302, "env_id": "MsPacmanNoFrameskip-v4"} 
r,l,t
1960.0,1098,7.190049
1750.0,822,12.295825
1960.0,1095,19.205202
1960.0,1095,26.091342
2840.0,1242,33.989918
1960.0,1094,41.095759
