# {"t_start": 1680703211.0532992, "env_id": "MsPacmanNoFrameskip-v4"} 
r,l,t
1960.0,1096,7.111583
1750.0,819,12.14456
1750.0,822,17.374247
2840.0,1239,25.150381
2840.0,1244,33.053926
2840.0,1244,41.222406
