# {"t_start": 1680703211.4091563, "env_id": "MsPacmanNoFrameskip-v4"} 
r,l,t
2160.0,788,4.760901
2160.0,794,9.772973
2160.0,793,14.639436
2160.0,788,19.765722
2840.0,1242,27.555486
1750.0,821,32.736026
2160.0,793,37.867227
