# {"t_start": 1680703211.4487195, "env_id": "MsPacmanNoFrameskip-v4"} 
r,l,t
1960.0,1096,6.715819
1960.0,1093,13.529667
1960.0,1096,20.545836
2840.0,1243,28.379136
2840.0,1241,36.199743
