# {"t_start": 1680703211.4861047, "env_id": "MsPacmanNoFrameskip-v4"} 
r,l,t
2840.0,1244,7.638853
2840.0,1244,15.366931
1750.0,822,20.700258
1960.0,1095,27.513901
1960.0,1093,34.380994
1960.0,1096,41.613187
