# {"t_start": 1680703211.5463617, "env_id": "MsPacmanNoFrameskip-v4"} 
r,l,t
1750.0,823,4.929707
1960.0,1095,11.712393
1960.0,1097,18.672037
2840.0,1238,26.457401
1960.0,1093,33.390491
1750.0,820,38.788255
