# {"t_start": 1680703211.5648673, "env_id": "MsPacmanNoFrameskip-v4"} 
r,l,t
2840.0,1240,7.490562
2840.0,1244,15.229332
1750.0,819,20.544265
2160.0,790,25.439284
2160.0,789,30.424249
1960.0,1100,37.496927
