# {"t_start": 1680703211.6011527, "env_id": "MsPacmanNoFrameskip-v4"} 
r,l,t
1960.0,1096,6.564056
1750.0,817,11.564006
2840.0,1241,19.434444
1960.0,1098,26.385341
1750.0,823,31.573974
1750.0,819,36.880853
