# {"t_start": 1680703211.106064, "env_id": "MsPacmanNoFrameskip-v4"} 
r,l,t
2160.0,792,5.104747
2160.0,789,10.053094
1750.0,819,15.123306
1960.0,1100,22.258427
1960.0,1093,29.085219
2840.0,1238,36.928496
1750.0,823,42.351855
