# {"t_start": 1680703211.1370933, "env_id": "MsPacmanNoFrameskip-v4"} 
r,l,t
2160.0,794,5.105326
1750.0,820,10.223635
2160.0,794,15.160218
1750.0,822,20.476497
2840.0,1239,28.279477
1960.0,1100,35.246271
2160.0,793,40.445132
