# {"t_start": 1680703211.1740952, "env_id": "MsPacmanNoFrameskip-v4"} 
r,l,t
2160.0,788,4.995836
1960.0,1093,11.812758
1750.0,820,16.989119
1750.0,819,22.333149
1750.0,820,27.397331
2160.0,791,32.331828
2160.0,790,37.507718
1750.0,821,42.793405
