# {"t_start": 1680703211.213632, "env_id": "MsPacmanNoFrameskip-v4"} 
r,l,t
1750.0,822,5.238944
2840.0,1239,12.955784
1960.0,1097,19.888608
2840.0,1239,27.690703
1750.0,818,32.853082
1960.0,1099,40.040616
