# {"t_start": 1680703211.251365, "env_id": "MsPacmanNoFrameskip-v4"} 
r,l,t
2840.0,1239,7.782632
1960.0,1095,14.593529
1750.0,824,19.851516
2840.0,1244,27.696097
1960.0,1100,34.695163
1960.0,1098,41.917525
