# {"t_start": 1680703211.2931945, "env_id": "MsPacmanNoFrameskip-v4"} 
r,l,t
2840.0,1242,7.796773
2840.0,1241,15.48164
1750.0,823,20.852118
1960.0,1097,27.672033
1960.0,1097,34.614311
1960.0,1095,41.825879
