# {"t_start": 1680703211.3311455, "env_id": "MsPacmanNoFrameskip-v4"} 
r,l,t
1960.0,1094,6.80527
1960.0,1093,13.613603
2160.0,788,18.582802
1960.0,1098,25.540875
2840.0,1239,33.317397
2840.0,1241,41.455247
