# {"t_start": 1680703211.3728576, "env_id": "MsPacmanNoFrameskip-v4"} 
r,l,t
1750.0,823,5.104808
1960.0,1094,11.858019
1960.0,1094,18.770266
2160.0,789,23.774527
1960.0,1094,30.71105
2840.0,1243,38.759953
