# {"t_start": 1680777748.1780748, "env_id": "AsteroidsNoFrameskip-v4"} 
r,l,t
310.0,323,3.97192
210.0,288,7.244815
260.0,250,10.140237
260.0,250,13.276152
310.0,323,17.459951
260.0,249,20.462076
