# {"t_start": 1680777748.2187688, "env_id": "AsteroidsNoFrameskip-v4"} 
r,l,t
160.0,292,3.57706
260.0,293,6.922005
210.0,288,10.33607
260.0,250,13.449968
160.0,287,17.075321
160.0,287,20.635688
