# {"t_start": 1680777748.6267788, "env_id": "AsteroidsNoFrameskip-v4"} 
r,l,t
260.0,293,3.207058
130.0,289,6.460305
210.0,288,9.857874
260.0,293,13.565879
310.0,323,17.612504
310.0,323,21.626545
