# {"t_start": 1680777748.6282506, "env_id": "AsteroidsNoFrameskip-v4"} 
r,l,t
160.0,292,3.165674
260.0,248,5.997948
160.0,292,9.301305
230.0,257,12.515696
310.0,322,16.695761
160.0,287,20.260963
