# {"t_start": 1680777748.6591668, "env_id": "AsteroidsNoFrameskip-v4"} 
r,l,t
160.0,287,3.016853
160.0,287,6.32382
210.0,288,9.695744
260.0,250,12.826518
260.0,248,15.994333
160.0,292,19.558075
260.0,293,23.272378
