# {"t_start": 1680777748.7538853, "env_id": "AsteroidsNoFrameskip-v4"} 
r,l,t
130.0,289,2.974848
260.0,250,5.847279
310.0,322,9.567292
260.0,249,12.667221
260.0,248,15.849628
260.0,295,19.498218
130.0,290,23.132452
