# {"t_start": 1680777748.8080647, "env_id": "AsteroidsNoFrameskip-v4"} 
r,l,t
160.0,292,2.987111
160.0,287,6.233839
260.0,293,9.726827
260.0,293,13.431482
160.0,294,17.179457
160.0,287,20.696409
