# {"t_start": 1680777748.8534422, "env_id": "AsteroidsNoFrameskip-v4"} 
r,l,t
160.0,292,2.94232
260.0,293,6.288271
310.0,322,10.118092
310.0,323,14.233214
130.0,289,17.817477
260.0,293,21.440418
