# {"t_start": 1680777748.266151, "env_id": "AsteroidsNoFrameskip-v4"} 
r,l,t
310.0,323,3.883787
160.0,294,7.236066
260.0,293,10.760336
160.0,287,14.381206
260.0,248,17.524504
260.0,249,20.543806
