# {"t_start": 1680777748.3120754, "env_id": "AsteroidsNoFrameskip-v4"} 
r,l,t
130.0,289,3.417129
260.0,295,6.806128
130.0,289,10.243974
210.0,288,13.839688
260.0,250,17.010767
160.0,287,20.576071
