# {"t_start": 1680777748.358643, "env_id": "AsteroidsNoFrameskip-v4"} 
r,l,t
260.0,293,3.474323
260.0,248,6.303939
260.0,295,9.629159
260.0,293,13.386467
260.0,295,17.137412
260.0,295,20.799907
