# {"t_start": 1680777748.4155986, "env_id": "AsteroidsNoFrameskip-v4"} 
r,l,t
210.0,288,3.281254
260.0,250,6.151957
310.0,322,9.875278
260.0,250,13.005191
160.0,294,16.75514
230.0,257,19.942456
230.0,257,23.13585
