# {"t_start": 1680777748.4110117, "env_id": "AsteroidsNoFrameskip-v4"} 
r,l,t
260.0,250,2.819085
260.0,250,5.647475
130.0,290,8.972048
160.0,287,12.514249
160.0,287,16.337002
310.0,323,20.320851
