# {"t_start": 1680777748.4669552, "env_id": "AsteroidsNoFrameskip-v4"} 
r,l,t
310.0,323,3.682976
310.0,322,7.402389
130.0,289,10.824462
310.0,322,14.931272
310.0,322,18.933085
260.0,250,22.029443
