# {"t_start": 1680777748.5264788, "env_id": "AsteroidsNoFrameskip-v4"} 
r,l,t
260.0,249,2.678929
260.0,248,5.466729
260.0,293,8.858317
310.0,323,12.985161
260.0,250,16.190778
310.0,322,20.158491
