# {"t_start": 1680777748.5852625, "env_id": "AsteroidsNoFrameskip-v4"} 
r,l,t
130.0,289,3.143443
260.0,249,5.985468
260.0,249,8.742852
160.0,294,12.432578
260.0,249,15.666048
230.0,257,18.776646
310.0,323,22.845768
