# {"t_start": 1680797159.71611, "env_id": "CarnivalNoFrameskip-v4"} 
r,l,t
2120.0,1115,12.692083
2140.0,1167,24.829191
2140.0,1166,36.801373
2120.0,1114,48.047947
1700.0,1166,59.747569
1700.0,1166,71.677182
2120.0,1115,83.219191
