# {"t_start": 1680797159.7962573, "env_id": "CarnivalNoFrameskip-v4"} 
r,l,t
1700.0,1167,13.259011
1900.0,1167,25.29965
2420.0,1164,37.235097
2420.0,1164,48.943579
2280.0,1460,63.691334
2420.0,1163,75.80906
