# {"t_start": 1680797160.480444, "env_id": "CarnivalNoFrameskip-v4"} 
r,l,t
1900.0,1168,12.597021
2420.0,1163,24.547873
2420.0,1163,36.492692
2440.0,1457,51.190701
2420.0,1163,62.922283
2280.0,1461,77.96143
