# {"t_start": 1680797160.560252, "env_id": "CarnivalNoFrameskip-v4"} 
r,l,t
2240.0,923,9.895043
2140.0,1168,22.053358
2140.0,1167,34.051809
2240.0,923,43.386774
2280.0,1460,58.05329
1900.0,1166,69.963684
2140.0,1167,82.05703
