# {"t_start": 1680797160.6443489, "env_id": "CarnivalNoFrameskip-v4"} 
r,l,t
1700.0,1165,12.357848
2400.0,1456,27.462451
1700.0,1165,39.351804
2280.0,1461,53.958511
2280.0,1459,68.786662
1700.0,1169,80.91752
