# {"t_start": 1680797160.7069921, "env_id": "CarnivalNoFrameskip-v4"} 
r,l,t
2280.0,1462,15.406311
2280.0,1462,30.402536
1900.0,1167,42.387296
2420.0,1164,54.012926
2400.0,1456,68.784471
1700.0,1165,80.881912
