# {"t_start": 1680797160.8229778, "env_id": "CarnivalNoFrameskip-v4"} 
r,l,t
1900.0,1168,12.254003
2420.0,1164,24.226645
1700.0,1166,36.208399
2120.0,1113,47.431196
2400.0,1456,61.948683
1900.0,1165,74.252225
