# {"t_start": 1680797160.8656387, "env_id": "CarnivalNoFrameskip-v4"} 
r,l,t
2120.0,1115,11.543639
2280.0,1462,26.749606
1940.0,1458,41.587435
1940.0,1164,53.265698
2440.0,1457,68.045932
1700.0,1169,80.09323
