# {"t_start": 1680797159.8267555, "env_id": "CarnivalNoFrameskip-v4"} 
r,l,t
1700.0,1165,13.175478
1940.0,1458,28.315168
1900.0,1167,40.236445
2120.0,1114,51.344213
2280.0,1462,66.146637
2280.0,1462,81.167136
