# {"t_start": 1680797159.9384859, "env_id": "CarnivalNoFrameskip-v4"} 
r,l,t
2140.0,1166,13.091469
2440.0,1457,28.202977
1940.0,1458,43.022041
1700.0,1169,54.706404
2400.0,1456,69.489261
2120.0,1113,80.951005
