# {"t_start": 1680797160.0502057, "env_id": "CarnivalNoFrameskip-v4"} 
r,l,t
2140.0,1168,13.026835
1900.0,1165,25.018651
2140.0,1168,37.022115
1900.0,1167,48.758521
2120.0,1114,59.936707
1700.0,1169,71.936194
2140.0,1167,84.02036
