# {"t_start": 1680797160.103386, "env_id": "CarnivalNoFrameskip-v4"} 
r,l,t
2240.0,923,10.351479
2400.0,1456,25.473943
1900.0,1165,37.517315
1940.0,1458,52.043963
1900.0,1165,63.840914
2140.0,1165,75.929205
