# {"t_start": 1680797160.1414523, "env_id": "CarnivalNoFrameskip-v4"} 
r,l,t
1900.0,1167,12.914016
2120.0,1114,24.375119
1700.0,1166,36.348554
2120.0,1114,47.600647
1940.0,1457,62.200114
1700.0,1168,74.357838
1700.0,1168,86.335371
