# {"t_start": 1680797160.2213578, "env_id": "CarnivalNoFrameskip-v4"} 
r,l,t
2120.0,1114,12.164635
2420.0,1164,24.264218
1900.0,1169,36.269365
2280.0,1462,51.022538
1700.0,1169,62.721464
1700.0,1167,74.970379
