# {"t_start": 1680797160.3373349, "env_id": "CarnivalNoFrameskip-v4"} 
r,l,t
2280.0,1460,15.737107
2280.0,1459,30.69445
1900.0,1168,42.687388
1700.0,1166,54.352589
1700.0,1166,66.205875
2420.0,1164,78.192396
