# {"t_start": 1680797160.4197793, "env_id": "CarnivalNoFrameskip-v4"} 
r,l,t
2420.0,1163,12.548319
2400.0,1456,27.646398
2240.0,923,37.162553
1700.0,1167,48.835454
2120.0,1114,59.972064
2280.0,1459,75.147261
