# {"t_start": 1681007977.7990959, "env_id": "TimePilotNoFrameskip-v4"} 
r,l,t
800.0,784,7.603887
700.0,767,14.333295
700.0,766,21.041581
700.0,763,27.724606
700.0,688,33.604422
700.0,688,39.661579
700.0,764,46.361798
