# {"t_start": 1681007977.8375602, "env_id": "TimePilotNoFrameskip-v4"} 
r,l,t
3900.0,916,8.775582
800.0,824,16.04535
700.0,686,21.95762
700.0,686,28.048545
700.0,766,34.589108
700.0,685,40.585581
