# {"t_start": 1681007978.5414896, "env_id": "TimePilotNoFrameskip-v4"} 
r,l,t
3900.0,1071,9.477833
700.0,685,15.477237
700.0,685,21.393816
700.0,763,28.115107
700.0,685,33.990779
700.0,767,40.742788
