# {"t_start": 1681007978.621595, "env_id": "TimePilotNoFrameskip-v4"} 
r,l,t
800.0,782,6.716888
700.0,768,13.471034
700.0,767,20.21948
700.0,762,26.879094
700.0,766,33.510328
800.0,823,40.780718
