# {"t_start": 1681007978.7042542, "env_id": "TimePilotNoFrameskip-v4"} 
r,l,t
3900.0,914,7.870515
700.0,684,13.93314
700.0,687,19.815504
700.0,767,26.49334
700.0,765,33.169874
700.0,691,39.263357
