# {"t_start": 1681007978.7764492, "env_id": "TimePilotNoFrameskip-v4"} 
r,l,t
800.0,788,6.703393
700.0,768,13.485422
800.0,824,20.671529
700.0,686,26.604973
700.0,684,32.4398
700.0,687,38.473278
700.0,762,45.10568
