# {"t_start": 1681007978.8530636, "env_id": "TimePilotNoFrameskip-v4"} 
r,l,t
3900.0,1071,9.166129
700.0,686,15.201045
700.0,688,21.148893
700.0,762,27.844752
700.0,684,33.711596
800.0,822,40.979479
