# {"t_start": 1681007978.941823, "env_id": "TimePilotNoFrameskip-v4"} 
r,l,t
800.0,784,6.461428
700.0,768,13.239223
800.0,821,20.394186
700.0,764,27.148506
700.0,763,33.715132
700.0,691,39.73486
