# {"t_start": 1681007977.917505, "env_id": "TimePilotNoFrameskip-v4"} 
r,l,t
3900.0,914,8.656078
800.0,821,15.913893
800.0,824,23.098305
700.0,763,29.779314
700.0,768,36.465968
700.0,768,43.180923
