# {"t_start": 1681007977.9960175, "env_id": "TimePilotNoFrameskip-v4"} 
r,l,t
800.0,786,7.438818
700.0,763,14.069914
800.0,821,21.295887
700.0,691,27.286004
700.0,684,33.158396
700.0,762,39.948483
