# {"t_start": 1681007978.0777812, "env_id": "TimePilotNoFrameskip-v4"} 
r,l,t
800.0,788,7.401171
800.0,822,14.686547
700.0,768,21.336116
800.0,824,28.541822
700.0,763,35.219713
700.0,691,41.206821
