# {"t_start": 1681007978.1498024, "env_id": "TimePilotNoFrameskip-v4"} 
r,l,t
800.0,782,7.188428
700.0,684,13.171207
800.0,822,20.411318
800.0,821,27.6932
800.0,822,34.835076
700.0,765,41.522458
