# {"t_start": 1681007978.2315269, "env_id": "TimePilotNoFrameskip-v4"} 
r,l,t
3900.0,1070,9.760689
700.0,763,16.429346
700.0,688,22.455267
700.0,763,29.160643
800.0,820,36.286567
700.0,690,42.288709
