# {"t_start": 1681007978.3074431, "env_id": "TimePilotNoFrameskip-v4"} 
r,l,t
800.0,783,7.064964
700.0,686,13.053843
800.0,826,20.322388
700.0,768,27.015822
700.0,691,32.973466
700.0,689,39.026947
700.0,767,45.72312
