# {"t_start": 1681007978.3859413, "env_id": "TimePilotNoFrameskip-v4"} 
r,l,t
800.0,786,7.049373
700.0,765,13.746915
800.0,825,20.993324
700.0,688,26.961383
700.0,688,32.860751
700.0,686,38.891788
700.0,691,44.910376
