# {"t_start": 1681007978.4661355, "env_id": "TimePilotNoFrameskip-v4"} 
r,l,t
3900.0,912,8.073808
700.0,684,14.135818
700.0,762,20.721996
700.0,689,26.676982
700.0,763,33.344495
700.0,765,40.053838
