# {"t_start": 1681196318.8935943, "env_id": "AsteroidsNoFrameskip-v4"} 
r,l,t
710.0,500,5.530482
480.0,322,8.685678
630.0,315,11.757594
880.0,255,14.191189
930.0,746,21.494507
