# {"t_start": 1681196318.9626184, "env_id": "AsteroidsNoFrameskip-v4"} 
r,l,t
680.0,285,3.217183
730.0,212,5.278497
480.0,322,8.4635
730.0,287,11.251282
760.0,277,13.897913
880.0,623,19.977304
730.0,253,22.407147
