# {"t_start": 1681196319.4667645, "env_id": "AsteroidsNoFrameskip-v4"} 
r,l,t
710.0,500,4.957189
760.0,277,7.66842
710.0,500,12.538442
730.0,330,15.77139
730.0,420,19.792586
730.0,287,22.525065
