# {"t_start": 1681196319.4914489, "env_id": "AsteroidsNoFrameskip-v4"} 
r,l,t
930.0,746,7.45206
930.0,746,14.818175
630.0,315,17.813971
580.0,257,20.225042
760.0,277,22.891453
