# {"t_start": 1681196319.5830386, "env_id": "AsteroidsNoFrameskip-v4"} 
r,l,t
730.0,253,2.270761
580.0,257,4.81675
830.0,475,9.518058
880.0,623,15.679692
760.0,277,18.218259
530.0,459,22.682436
