# {"t_start": 1681196319.6137004, "env_id": "AsteroidsNoFrameskip-v4"} 
r,l,t
530.0,421,3.976378
930.0,746,11.450482
480.0,322,14.548374
730.0,404,18.365586
730.0,212,20.421406
730.0,287,23.16387
