# {"t_start": 1681196319.7061343, "env_id": "AsteroidsNoFrameskip-v4"} 
r,l,t
710.0,500,4.717834
730.0,255,7.201173
730.0,420,11.319945
680.0,279,13.985015
730.0,253,16.448805
480.0,322,19.46182
730.0,330,22.624595
