# {"t_start": 1681196319.7858827, "env_id": "AsteroidsNoFrameskip-v4"} 
r,l,t
830.0,254,2.105081
730.0,404,6.172081
580.0,450,10.612342
880.0,388,14.304158
530.0,421,18.381974
880.0,255,20.850816
730.0,212,22.806876
