# {"t_start": 1681196319.0347843, "env_id": "AsteroidsNoFrameskip-v4"} 
r,l,t
780.0,388,4.214872
530.0,459,8.799054
780.0,388,12.544425
630.0,315,15.635067
880.0,255,18.028367
730.0,287,20.758838
