# {"t_start": 1681196319.0306587, "env_id": "AsteroidsNoFrameskip-v4"} 
r,l,t
830.0,254,2.860446
760.0,277,5.623442
530.0,459,10.132055
480.0,322,13.228128
530.0,459,17.734864
880.0,388,21.459378
