# {"t_start": 1681196319.099155, "env_id": "AsteroidsNoFrameskip-v4"} 
r,l,t
630.0,315,3.387055
880.0,255,5.957812
830.0,475,10.598257
880.0,255,13.026358
610.0,211,15.062558
780.0,629,21.158966
