# {"t_start": 1681196319.1587014, "env_id": "AsteroidsNoFrameskip-v4"} 
r,l,t
880.0,255,2.758929
580.0,257,5.295407
560.0,217,7.395555
930.0,746,14.733455
730.0,287,17.5027
680.0,279,20.13757
530.0,327,23.281954
