# {"t_start": 1681196319.2984676, "env_id": "AsteroidsNoFrameskip-v4"} 
r,l,t
830.0,286,2.910904
730.0,420,7.141465
730.0,253,9.516914
830.0,475,14.191549
830.0,475,18.75059
580.0,257,21.271621
