# {"t_start": 1681196319.2981296, "env_id": "AsteroidsNoFrameskip-v4"} 
r,l,t
580.0,450,4.600877
760.0,277,7.343117
830.0,254,9.747353
680.0,279,12.433716
880.0,255,14.912967
730.0,420,18.962932
530.0,421,22.992095
