# {"t_start": 1681196319.3351552, "env_id": "AsteroidsNoFrameskip-v4"} 
r,l,t
730.0,253,2.5177
580.0,450,7.055519
580.0,450,11.472654
730.0,212,13.448092
580.0,450,17.831088
730.0,330,20.99963
