# {"t_start": 1681196319.390257, "env_id": "AsteroidsNoFrameskip-v4"} 
r,l,t
830.0,254,2.499661
780.0,388,6.390872
530.0,327,9.526192
830.0,254,11.980026
830.0,286,14.733445
680.0,413,18.695239
530.0,327,21.854807
