# {"t_start": 1680943112.7124014, "env_id": "MsPacmanNoFrameskip-v4"} 
r,l,t
2110.0,922,10.235347
1510.0,774,17.858937
2110.0,919,26.746542
2110.0,919,35.653288
1370.0,830,43.383083
2110.0,918,51.932899
1510.0,775,59.255664
