# {"t_start": 1680943112.8370845, "env_id": "MsPacmanNoFrameskip-v4"} 
r,l,t
2110.0,920,10.065165
1510.0,771,17.627432
1510.0,774,25.151803
1370.0,827,33.090094
1370.0,832,40.931108
1370.0,832,48.731432
2110.0,919,57.414205
