# {"t_start": 1680943113.495896, "env_id": "MsPacmanNoFrameskip-v4"} 
r,l,t
1590.0,1170,11.872832
1590.0,1176,23.268372
1590.0,1175,34.705657
1590.0,1170,45.607244
1370.0,830,53.426529
