# {"t_start": 1680943113.557166, "env_id": "MsPacmanNoFrameskip-v4"} 
r,l,t
2110.0,920,9.344809
2110.0,917,18.416549
2110.0,920,27.261211
1370.0,831,35.310006
1370.0,829,43.062952
2110.0,924,51.645812
