# {"t_start": 1680943113.6625168, "env_id": "MsPacmanNoFrameskip-v4"} 
r,l,t
1370.0,832,8.42032
1370.0,832,16.509822
1510.0,774,24.047632
2110.0,919,32.915103
2110.0,917,41.517163
2110.0,920,50.121161
