# {"t_start": 1680943113.7495198, "env_id": "MsPacmanNoFrameskip-v4"} 
r,l,t
1510.0,775,7.642732
2110.0,919,16.779579
2110.0,921,25.710776
1370.0,826,33.695639
2110.0,917,42.270351
1510.0,772,49.425595
1510.0,776,56.800138
