# {"t_start": 1680943113.784823, "env_id": "MsPacmanNoFrameskip-v4"} 
r,l,t
1370.0,828,8.225904
1370.0,832,16.328063
1510.0,771,23.823596
1590.0,1172,35.229161
1590.0,1171,46.142903
2110.0,924,54.827872
