# {"t_start": 1680943113.8814137, "env_id": "MsPacmanNoFrameskip-v4"} 
r,l,t
2110.0,920,9.020929
1510.0,769,16.547028
1370.0,829,24.634362
2110.0,922,33.541148
1510.0,775,40.738624
1510.0,771,48.000932
1370.0,831,55.830075
