# {"t_start": 1680943112.8652782, "env_id": "MsPacmanNoFrameskip-v4"} 
r,l,t
1590.0,1174,12.570727
1590.0,1171,23.870441
1510.0,771,31.350804
2110.0,924,40.086479
2110.0,917,48.752638
1370.0,826,56.550097
