# {"t_start": 1680943112.9066317, "env_id": "MsPacmanNoFrameskip-v4"} 
r,l,t
1590.0,1176,12.579378
1510.0,772,20.130176
1590.0,1176,31.407013
1510.0,774,38.771877
1370.0,827,46.530035
2110.0,924,55.233713
