# {"t_start": 1680943113.0335228, "env_id": "MsPacmanNoFrameskip-v4"} 
r,l,t
1590.0,1170,12.334538
2110.0,917,21.285853
1510.0,772,28.766782
1510.0,771,36.248879
1510.0,772,43.429999
1590.0,1173,54.394964
