# {"t_start": 1680943113.1034057, "env_id": "MsPacmanNoFrameskip-v4"} 
r,l,t
1510.0,774,8.256642
1370.0,827,16.421814
2110.0,921,25.470313
1370.0,827,33.35586
1510.0,770,40.608149
2110.0,923,49.270666
2110.0,923,58.021375
