# {"t_start": 1680943113.2271616, "env_id": "MsPacmanNoFrameskip-v4"} 
r,l,t
1370.0,827,8.756973
2110.0,919,17.826625
1510.0,776,25.346901
1370.0,832,33.300041
2110.0,924,42.035077
2110.0,922,50.642843
