# {"t_start": 1680943113.2503107, "env_id": "MsPacmanNoFrameskip-v4"} 
r,l,t
1370.0,830,8.795223
1370.0,829,16.835392
1510.0,775,24.406058
2110.0,921,33.295876
2110.0,921,41.966123
2110.0,919,50.562539
