# {"t_start": 1680943113.3310833, "env_id": "MsPacmanNoFrameskip-v4"} 
r,l,t
2110.0,918,9.530313
2110.0,917,18.60074
1590.0,1170,29.862675
2110.0,922,38.63028
1370.0,827,46.414654
1370.0,829,54.176764
