# {"t_start": 1680943113.4195285, "env_id": "MsPacmanNoFrameskip-v4"} 
r,l,t
1510.0,775,7.973599
2110.0,918,17.080145
2110.0,918,25.980975
1590.0,1171,37.295253
2110.0,918,45.756441
1370.0,831,53.596632
