# {"t_start": 1681350177.335825, "env_id": "CarnivalNoFrameskip-v4"} 
r,l,t
3790.0,244,2.412052
3840.0,242,4.538325
3790.0,244,6.739019
3790.0,243,8.942983
3840.0,240,11.060833
3790.0,244,13.193928
