# {"t_start": 1681350177.367472, "env_id": "CarnivalNoFrameskip-v4"} 
r,l,t
3840.0,239,2.249151
4440.0,240,4.322757
3840.0,242,6.485817
3840.0,241,8.59924
3840.0,242,10.81599
3840.0,242,12.943127
3840.0,241,15.022967
