# {"t_start": 1681350177.7219207, "env_id": "CarnivalNoFrameskip-v4"} 
r,l,t
3790.0,244,2.027576
4440.0,242,4.152547
3790.0,241,6.266208
3840.0,239,8.355568
4440.0,240,10.500303
3840.0,242,12.625015
