# {"t_start": 1681350177.76059, "env_id": "CarnivalNoFrameskip-v4"} 
r,l,t
3840.0,241,1.909699
3790.0,244,4.08521
3840.0,241,6.199401
3840.0,241,8.347977
4490.0,242,10.51945
3790.0,244,12.706609
