# {"t_start": 1681350177.7946615, "env_id": "CarnivalNoFrameskip-v4"} 
r,l,t
4440.0,244,1.955365
3840.0,239,4.002666
3840.0,242,6.139917
3790.0,242,8.314762
3790.0,244,10.542656
3840.0,241,12.645815
