# {"t_start": 1681350177.8381443, "env_id": "CarnivalNoFrameskip-v4"} 
r,l,t
3840.0,239,1.77912
3840.0,241,3.878932
4440.0,241,6.014257
3840.0,242,8.156799
3840.0,241,10.345129
3840.0,240,12.433104
4490.0,242,14.526022
