# {"t_start": 1681350177.8833141, "env_id": "CarnivalNoFrameskip-v4"} 
r,l,t
3840.0,239,1.733632
4440.0,242,3.863797
3840.0,242,6.007387
3790.0,242,8.166735
3790.0,244,10.397343
4490.0,242,12.538782
