# {"t_start": 1681350177.9141333, "env_id": "CarnivalNoFrameskip-v4"} 
r,l,t
3790.0,244,1.835491
3840.0,241,3.932589
3790.0,244,6.135405
3840.0,241,8.279365
3790.0,242,10.451542
3840.0,241,12.552277
