# {"t_start": 1681350177.4077678, "env_id": "CarnivalNoFrameskip-v4"} 
r,l,t
3790.0,243,2.314716
3840.0,240,4.388278
3790.0,241,6.5067
3840.0,240,8.610667
4490.0,242,10.814432
3790.0,243,12.96457
3790.0,243,15.038639
