# {"t_start": 1681350177.448774, "env_id": "CarnivalNoFrameskip-v4"} 
r,l,t
3840.0,240,2.197458
4440.0,242,4.327096
3840.0,246,6.571825
3790.0,244,8.799607
3790.0,244,10.990199
3790.0,242,13.10888
