# {"t_start": 1681350177.4892962, "env_id": "CarnivalNoFrameskip-v4"} 
r,l,t
3790.0,242,2.208413
3840.0,242,4.332225
3790.0,244,6.531479
3790.0,241,8.677245
3790.0,241,10.818121
4440.0,242,12.949988
