# {"t_start": 1681350177.5253055, "env_id": "CarnivalNoFrameskip-v4"} 
r,l,t
4440.0,241,2.144398
4440.0,240,4.221171
3840.0,239,6.303046
3790.0,242,8.447994
3840.0,240,10.62545
3840.0,242,12.745778
3840.0,241,14.814649
