# {"t_start": 1681350177.5713534, "env_id": "CarnivalNoFrameskip-v4"} 
r,l,t
3790.0,244,2.17798
4440.0,241,4.273275
4440.0,241,6.386718
4490.0,242,8.567952
4440.0,241,10.708455
3790.0,243,12.86846
