# {"t_start": 1681350177.6038833, "env_id": "CarnivalNoFrameskip-v4"} 
r,l,t
3840.0,239,2.01284
3790.0,244,4.192595
3790.0,243,6.355349
3840.0,239,8.445061
3790.0,242,10.64626
3840.0,243,12.792537
