# {"t_start": 1681350177.6443675, "env_id": "CarnivalNoFrameskip-v4"} 
r,l,t
4440.0,244,2.105394
4440.0,240,4.176953
4440.0,244,6.376291
3790.0,243,8.575568
3840.0,242,10.753541
3790.0,244,12.88579
