# {"t_start": 1681350177.680132, "env_id": "CarnivalNoFrameskip-v4"} 
r,l,t
3790.0,244,2.068896
3790.0,244,4.227241
3790.0,243,6.420204
4440.0,242,8.598433
4440.0,240,10.716561
4440.0,244,12.849076
