# {"t_start": 1680799959.3226638, "env_id": "AssaultNoFrameskip-v4"} 
r,l,t
630.0,1438,16.171761
294.0,3230,50.837161
567.0,1120,62.717981
630.0,1314,76.632193
693.0,1472,92.157682
