# {"t_start": 1680800636.191682, "env_id": "AssaultNoFrameskip-v4"} 
r,l,t
630.0,1847,20.454808
672.0,1492,36.058356
672.0,2161,59.221534
672.0,1521,75.262579
399.0,1123,87.0042
