# {"t_start": 1680810416.974921, "env_id": "AssaultNoFrameskip-v4"} 
r,l,t
693.0,903,6.430243
735.0,853,12.472583
797.0,932,19.049733
871.0,950,25.887775
913.0,1107,34.037824
756.0,888,40.9614
