# {"t_start": 1680799959.3998933, "env_id": "AssaultNoFrameskip-v4"} 
r,l,t
693.0,1490,16.676826
189.0,1503,32.800143
693.0,1771,51.652045
672.0,1337,65.832803
714.0,1314,79.75729
630.0,1282,93.2774
