# {"t_start": 1680810417.030002, "env_id": "AssaultNoFrameskip-v4"} 
r,l,t
787.0,1088,7.722541
986.0,1091,15.580172
735.0,871,21.695504
903.0,854,27.889086
861.0,968,34.995509
546.0,832,41.356444
