# {"t_start": 1680800636.2610323, "env_id": "AssaultNoFrameskip-v4"} 
r,l,t
651.0,1812,19.98521
630.0,1700,37.803843
693.0,1079,49.362236
462.0,961,59.627594
609.0,1856,79.135578
504.0,864,88.123545
