# {"t_start": 1680810417.4560173, "env_id": "AssaultNoFrameskip-v4"} 
r,l,t
777.0,897,5.836255
829.0,1091,13.740349
735.0,867,19.861815
693.0,838,25.86819
714.0,804,31.509845
693.0,850,38.252167
693.0,883,45.022738
