# {"t_start": 1680800636.9492862, "env_id": "AssaultNoFrameskip-v4"} 
r,l,t
378.0,517,5.870296
189.0,507,11.006696
294.0,824,19.462255
378.0,474,24.309111
651.0,1672,42.005058
672.0,1808,61.521276
273.0,483,66.487861
