# {"t_start": 1680799960.0228715, "env_id": "AssaultNoFrameskip-v4"} 
r,l,t
755.0,1128,12.115153
588.0,1392,26.911983
567.0,956,37.391218
378.0,672,44.459229
766.0,1430,59.437446
231.0,389,63.47924
672.0,1119,75.335506
756.0,1639,92.720026
