# {"t_start": 1680810417.5055394, "env_id": "AssaultNoFrameskip-v4"} 
r,l,t
714.0,933,6.115591
703.0,898,12.556118
693.0,773,17.992524
714.0,931,24.656196
840.0,1104,32.57436
819.0,900,39.687112
