# {"t_start": 1680800637.0274994, "env_id": "AssaultNoFrameskip-v4"} 
r,l,t
462.0,631,7.184373
357.0,613,13.307497
630.0,1377,27.545175
189.0,506,32.785467
588.0,1824,52.31361
441.0,675,59.480459
672.0,1968,80.020567
