# {"t_start": 1680810417.5537362, "env_id": "AssaultNoFrameskip-v4"} 
r,l,t
787.0,972,6.375197
871.0,863,12.560823
693.0,909,18.892604
860.0,1134,27.148407
724.0,835,33.155606
756.0,835,39.718306
