# {"t_start": 1680800637.1045096, "env_id": "AssaultNoFrameskip-v4"} 
r,l,t
651.0,1539,16.412112
231.0,695,23.458319
525.0,882,32.707989
651.0,1164,45.069083
735.0,1905,65.451263
609.0,1378,79.736724
336.0,577,85.796142
