# {"t_start": 1680799960.1603897, "env_id": "AssaultNoFrameskip-v4"} 
r,l,t
693.0,1290,13.74552
630.0,1127,25.571393
693.0,963,36.306277
703.0,1453,51.522352
693.0,1065,62.772778
693.0,1287,76.438269
189.0,593,82.572891
