# {"t_start": 1680799960.2084208, "env_id": "AssaultNoFrameskip-v4"} 
r,l,t
483.0,4802,51.522241
525.0,1062,62.708087
609.0,1120,74.578222
756.0,1138,86.617863
