# {"t_start": 1680800637.1803052, "env_id": "AssaultNoFrameskip-v4"} 
r,l,t
693.0,1847,19.467272
630.0,1446,34.570633
273.0,628,41.202057
630.0,1952,62.283836
378.0,823,70.754172
672.0,1321,84.494899
