# {"t_start": 1680810417.6047153, "env_id": "AssaultNoFrameskip-v4"} 
r,l,t
693.0,720,4.359096
777.0,900,10.884295
819.0,938,17.54525
850.0,967,24.431849
734.0,859,30.385011
777.0,854,37.036729
693.0,800,43.225455
