# {"t_start": 1680799960.2910411, "env_id": "AssaultNoFrameskip-v4"} 
r,l,t
777.0,1061,11.160427
693.0,1124,22.98596
693.0,1098,34.991875
168.0,346,38.709912
651.0,1160,50.813756
525.0,862,59.857072
567.0,1378,74.521725
714.0,1316,88.339283
