# {"t_start": 1680800637.330507, "env_id": "AssaultNoFrameskip-v4"} 
r,l,t
525.0,837,8.869565
630.0,1952,29.133311
630.0,1986,50.390734
525.0,892,59.907787
483.0,1243,72.893357
399.0,642,79.415922
