# {"t_start": 1680810417.6419969, "env_id": "AssaultNoFrameskip-v4"} 
r,l,t
787.0,952,6.12768
777.0,925,12.825248
766.0,851,18.697875
913.0,968,25.714056
693.0,773,31.137579
944.0,1042,39.305589
