# {"t_start": 1680799960.3492317, "env_id": "AssaultNoFrameskip-v4"} 
r,l,t
273.0,796,8.253245
462.0,1110,19.969019
357.0,553,25.772176
189.0,1756,44.880067
609.0,1224,57.645151
693.0,1173,70.135258
714.0,1187,82.600164
