# {"t_start": 1680800637.3951952, "env_id": "AssaultNoFrameskip-v4"} 
r,l,t
651.0,1162,12.250166
588.0,1334,25.882855
672.0,2105,48.370589
819.0,2036,70.007783
651.0,1710,87.896818
