# {"t_start": 1680810417.701028, "env_id": "AssaultNoFrameskip-v4"} 
r,l,t
966.0,1154,7.578991
630.0,885,13.866957
734.0,938,20.525287
693.0,743,25.82656
798.0,934,32.505963
871.0,1100,41.02399
