# {"t_start": 1680810417.0709798, "env_id": "AssaultNoFrameskip-v4"} 
r,l,t
777.0,744,5.039249
714.0,774,10.656974
797.0,796,16.384245
756.0,843,22.382786
777.0,900,28.723314
840.0,1094,37.001738
735.0,871,43.643849
