# {"t_start": 1680800636.3518188, "env_id": "AssaultNoFrameskip-v4"} 
r,l,t
294.0,610,7.618687
399.0,529,12.932238
441.0,772,20.757231
651.0,1961,41.39895
756.0,1525,57.70235
672.0,2332,82.2666
