# {"t_start": 1680799959.463469, "env_id": "AssaultNoFrameskip-v4"} 
r,l,t
588.0,994,11.266784
189.0,828,20.044728
651.0,1124,32.10864
315.0,1729,50.544959
525.0,802,58.927074
798.0,1399,73.734055
693.0,1230,86.839338
