# {"t_start": 1680810417.1208603, "env_id": "AssaultNoFrameskip-v4"} 
r,l,t
819.0,1038,7.343408
735.0,991,14.375693
734.0,938,21.029963
756.0,806,26.799872
651.0,799,32.455212
672.0,836,38.959535
714.0,764,44.880049
