# {"t_start": 1680800636.4271927, "env_id": "AssaultNoFrameskip-v4"} 
r,l,t
693.0,1874,20.496013
525.0,752,28.298048
399.0,529,33.799565
567.0,1094,45.382567
483.0,1243,58.671655
546.0,1372,73.190785
