# {"t_start": 1680799959.5121837, "env_id": "AssaultNoFrameskip-v4"} 
r,l,t
651.0,1318,14.741257
546.0,793,22.943003
651.0,1481,39.206503
672.0,1299,52.820916
546.0,1307,66.60594
273.0,442,71.241838
651.0,1393,86.005147
