# {"t_start": 1680799959.6423898, "env_id": "AssaultNoFrameskip-v4"} 
r,l,t
651.0,1430,15.749166
504.0,826,24.383587
462.0,766,32.821032
357.0,734,40.740278
630.0,1253,53.839256
787.0,1263,67.198644
756.0,1223,80.106269
