# {"t_start": 1680800636.501434, "env_id": "AssaultNoFrameskip-v4"} 
r,l,t
693.0,2556,27.631635
441.0,666,34.499284
378.0,613,40.989502
483.0,652,47.80354
693.0,2505,74.55291
630.0,1174,86.803148
