# {"t_start": 1680810417.1653185, "env_id": "AssaultNoFrameskip-v4"} 
r,l,t
703.0,898,6.146147
798.0,715,11.257401
735.0,866,17.449768
819.0,1002,24.550661
1595.0,1953,39.193174
