# {"t_start": 1680800636.602637, "env_id": "AssaultNoFrameskip-v4"} 
r,l,t
567.0,1308,14.462261
399.0,889,23.590911
441.0,626,30.11155
462.0,657,36.851099
399.0,572,42.997049
630.0,1265,56.423059
357.0,513,62.040969
315.0,477,66.947128
462.0,1104,78.329675
504.0,710,85.701505
