# {"t_start": 1680810417.2139513, "env_id": "AssaultNoFrameskip-v4"} 
r,l,t
787.0,900,6.149202
871.0,863,12.289959
798.0,990,19.298121
745.0,780,24.904688
714.0,908,31.303838
714.0,817,37.61817
871.0,970,45.235886
