# {"t_start": 1680799959.6419997, "env_id": "AssaultNoFrameskip-v4"} 
r,l,t
252.0,536,6.237205
504.0,1435,21.363366
420.0,770,29.615824
357.0,553,35.641315
693.0,962,45.867228
693.0,1257,59.023684
651.0,1074,70.422504
504.0,1375,85.010467
