# {"t_start": 1680800636.6309977, "env_id": "AssaultNoFrameskip-v4"} 
r,l,t
315.0,596,7.131864
651.0,2061,28.396908
483.0,1983,49.555719
546.0,1473,65.269834
630.0,2340,89.799327
