# {"t_start": 1680810417.2635639, "env_id": "AssaultNoFrameskip-v4"} 
r,l,t
839.0,899,6.074881
798.0,957,13.025045
840.0,1030,20.32778
818.0,961,27.203434
703.0,712,32.218094
777.0,916,39.31232
