# {"t_start": 1680799959.7279682, "env_id": "AssaultNoFrameskip-v4"} 
r,l,t
609.0,1536,16.844317
672.0,1150,29.031999
745.0,1395,44.180209
756.0,1541,60.343272
672.0,1254,73.581437
672.0,1066,84.95768
