# {"t_start": 1680799959.8004708, "env_id": "AssaultNoFrameskip-v4"} 
r,l,t
651.0,1506,16.460335
651.0,1382,31.288443
357.0,1312,45.384748
462.0,1334,59.294525
714.0,1583,76.20956
