# {"t_start": 1680800636.717774, "env_id": "AssaultNoFrameskip-v4"} 
r,l,t
651.0,1961,21.105507
630.0,2145,43.799246
483.0,694,51.252119
693.0,1847,70.800453
630.0,1845,90.167014
