# {"t_start": 1680810417.3119578, "env_id": "AssaultNoFrameskip-v4"} 
r,l,t
808.0,905,6.119914
745.0,905,12.57192
861.0,850,18.516819
693.0,844,24.562363
735.0,861,30.553494
798.0,972,38.32157
