# {"t_start": 1680799959.8832636, "env_id": "AssaultNoFrameskip-v4"} 
r,l,t
546.0,864,9.479107
756.0,1345,23.63773
630.0,1165,36.501396
693.0,1083,47.919029
703.0,1248,60.970739
462.0,793,69.372209
630.0,1410,84.246467
