# {"t_start": 1680810417.3599985, "env_id": "AssaultNoFrameskip-v4"} 
r,l,t
735.0,784,5.212543
756.0,838,11.153344
1113.0,1213,19.782198
766.0,863,26.025769
819.0,832,31.901398
693.0,927,39.084467
