# {"t_start": 1680800636.8156283, "env_id": "AssaultNoFrameskip-v4"} 
r,l,t
651.0,2067,22.204609
693.0,2326,46.747483
378.0,573,52.982705
378.0,1021,63.825305
609.0,1299,77.26737
