# {"t_start": 1680810417.4092562, "env_id": "AssaultNoFrameskip-v4"} 
r,l,t
808.0,893,5.842419
923.0,1208,14.695235
735.0,908,21.037223
819.0,1030,28.313978
787.0,920,35.33543
975.0,948,42.529277
