# {"t_start": 1680800636.8370075, "env_id": "AssaultNoFrameskip-v4"} 
r,l,t
378.0,890,9.891084
525.0,759,17.627806
189.0,730,25.14423
588.0,1188,37.584924
693.0,1182,50.29177
651.0,1378,64.966014
504.0,1090,76.293157
462.0,669,83.280411
