# {"t_start": 1680799959.940173, "env_id": "AssaultNoFrameskip-v4"} 
r,l,t
735.0,1528,16.523003
672.0,1097,28.135979
504.0,1116,40.379807
609.0,704,47.719059
714.0,1220,60.473936
756.0,1304,74.275015
378.0,954,84.387111
630.0,909,93.971563
