# {"t_start": 1680767543.9305966, "env_id": "MsPacmanNoFrameskip-v4"} 
r,l,t
1840.0,678,6.700561
1920.0,889,15.13241
1920.0,888,23.315753
1840.0,677,29.626564
1900.0,725,35.885581
1900.0,725,43.31462
