# {"t_start": 1680767543.9715118, "env_id": "MsPacmanNoFrameskip-v4"} 
r,l,t
1900.0,726,7.213095
1760.0,598,12.792826
1900.0,723,19.592039
1900.0,723,26.256985
1840.0,680,32.048465
1900.0,722,39.131016
1760.0,599,44.982088
