# {"t_start": 1680767544.3263967, "env_id": "MsPacmanNoFrameskip-v4"} 
r,l,t
1760.0,599,5.475283
1900.0,722,12.36535
1900.0,722,19.188061
1920.0,885,27.252649
1900.0,722,33.556499
1840.0,681,40.490265
