# {"t_start": 1680767544.4400644, "env_id": "MsPacmanNoFrameskip-v4"} 
r,l,t
1920.0,884,8.246865
1920.0,890,16.572701
1920.0,889,24.748291
1920.0,884,32.5042
1840.0,680,39.226798
1760.0,597,45.106011
