# {"t_start": 1680767544.4067993, "env_id": "MsPacmanNoFrameskip-v4"} 
r,l,t
1900.0,724,6.732776
1900.0,721,13.597365
1900.0,724,20.239399
1840.0,681,26.53662
1840.0,679,32.339053
1900.0,728,39.538652
