# {"t_start": 1680767544.5263672, "env_id": "MsPacmanNoFrameskip-v4"} 
r,l,t
1840.0,682,6.181345
1840.0,682,12.660039
1760.0,598,18.221273
1900.0,723,24.895648
1900.0,721,31.015062
1900.0,724,38.053303
