# {"t_start": 1680767544.4841378, "env_id": "MsPacmanNoFrameskip-v4"} 
r,l,t
1760.0,599,5.315829
1900.0,723,12.237942
1900.0,725,19.080204
1840.0,676,25.31956
1900.0,721,31.462809
1760.0,596,37.129265
1760.0,600,43.32075
