# {"t_start": 1680767544.5330954, "env_id": "MsPacmanNoFrameskip-v4"} 
r,l,t
1840.0,678,6.098831
1840.0,682,12.570654
1760.0,595,18.119579
1920.0,886,26.331956
1920.0,885,34.051809
1900.0,728,41.428873
