# {"t_start": 1680767544.0115616, "env_id": "MsPacmanNoFrameskip-v4"} 
r,l,t
1900.0,724,7.128493
1760.0,595,12.647938
1760.0,598,18.287138
1840.0,677,24.514164
1840.0,682,30.511136
1840.0,682,36.682414
1900.0,723,44.17713
