# {"t_start": 1680767544.0527182, "env_id": "MsPacmanNoFrameskip-v4"} 
r,l,t
1920.0,888,8.69166
1920.0,885,16.935298
1760.0,595,22.386865
1900.0,728,29.233706
1900.0,721,35.357339
1840.0,676,42.359936
