# {"t_start": 1680767544.1365652, "env_id": "MsPacmanNoFrameskip-v4"} 
r,l,t
1920.0,890,8.647017
1760.0,596,14.217669
1920.0,890,22.38364
1760.0,598,27.956101
1840.0,677,33.766959
1900.0,728,41.120263
