# {"t_start": 1680767544.1561732, "env_id": "MsPacmanNoFrameskip-v4"} 
r,l,t
1920.0,884,8.530439
1900.0,721,15.292323
1760.0,596,20.775779
1760.0,595,26.320488
1760.0,596,31.251352
1920.0,887,40.003566
