# {"t_start": 1680767544.247064, "env_id": "MsPacmanNoFrameskip-v4"} 
r,l,t
1760.0,598,5.526515
1840.0,677,12.036914
1900.0,725,18.899806
1840.0,677,25.055967
1760.0,594,30.219455
1900.0,727,36.926789
1900.0,727,44.344315
