# {"t_start": 1680767544.2999685, "env_id": "MsPacmanNoFrameskip-v4"} 
r,l,t
1840.0,677,6.302447
1900.0,723,13.256772
1760.0,600,18.848012
1840.0,682,25.061455
1900.0,728,31.308568
1900.0,726,38.394999
