# {"t_start": 1680767544.326713, "env_id": "MsPacmanNoFrameskip-v4"} 
r,l,t
1840.0,680,6.343442
1840.0,679,12.753159
1760.0,599,18.365812
1900.0,725,25.057992
1900.0,725,31.247804
1900.0,723,38.286679
