# {"t_start": 1680767544.3636491, "env_id": "MsPacmanNoFrameskip-v4"} 
r,l,t
1900.0,722,6.735975
1900.0,721,13.596179
1920.0,884,21.73683
1900.0,726,28.462933
1840.0,677,34.26184
1840.0,679,41.186781
