# {"t_start": 1680807991.5374942, "env_id": "AsteroidsNoFrameskip-v4"} 
r,l,t
660.0,386,5.617281
530.0,557,12.041298
430.0,344,16.147123
430.0,344,19.957816
530.0,340,23.907256
410.0,374,28.163812
