# {"t_start": 1680800867.5892754, "env_id": "AsteroidsNoFrameskip-v4"} 
r,l,t
210.0,337,5.599159
660.0,429,11.354048
410.0,261,14.584166
410.0,261,18.042936
310.0,281,21.681461
430.0,335,25.97982
