# {"t_start": 1680800441.2445126, "env_id": "AsteroidsNoFrameskip-v4"} 
r,l,t
330.0,455,6.627526
280.0,456,12.181211
