# {"t_start": 1680807991.6382768, "env_id": "AsteroidsNoFrameskip-v4"} 
r,l,t
330.0,409,5.770759
510.0,323,9.557883
530.0,557,16.083591
380.0,374,20.251329
530.0,413,25.107267
530.0,413,29.80894
