# {"t_start": 1680800867.716454, "env_id": "AsteroidsNoFrameskip-v4"} 
r,l,t
660.0,268,4.551042
310.0,389,9.737286
660.0,429,15.157764
440.0,336,19.664755
510.0,311,23.761469
510.0,311,27.673995
