# {"t_start": 1680800441.3480537, "env_id": "AsteroidsNoFrameskip-v4"} 
r,l,t
340.0,411,6.0099
280.0,453,11.545794
