# {"t_start": 1680807992.4751246, "env_id": "AsteroidsNoFrameskip-v4"} 
r,l,t
460.0,337,4.101902
330.0,372,8.452379
430.0,411,13.131795
460.0,337,16.99611
530.0,340,20.957741
530.0,414,25.584472
430.0,411,30.392287
