# {"t_start": 1680800868.5608833, "env_id": "AsteroidsNoFrameskip-v4"} 
r,l,t
390.0,301,4.128199
460.0,367,9.034292
440.0,266,12.390024
390.0,301,16.369652
310.0,281,20.059164
310.0,360,24.591164
440.0,266,27.932175
