# {"t_start": 1680800868.6860223, "env_id": "AsteroidsNoFrameskip-v4"} 
r,l,t
660.0,268,3.581318
390.0,318,7.551519
660.0,268,11.19266
260.0,363,16.026821
310.0,345,20.497488
360.0,336,24.769494
