# {"t_start": 1680807992.5549383, "env_id": "AsteroidsNoFrameskip-v4"} 
r,l,t
330.0,409,4.854836
280.0,457,10.254178
330.0,409,14.948384
480.0,334,18.646137
380.0,342,22.586488
480.0,406,27.285282
