# {"t_start": 1680800868.743918, "env_id": "AsteroidsNoFrameskip-v4"} 
r,l,t
510.0,311,4.073635
510.0,311,8.163084
660.0,429,13.714789
410.0,261,17.207391
390.0,318,21.277546
660.0,268,24.710086
390.0,301,28.504267
