# {"t_start": 1680807992.6462073, "env_id": "AsteroidsNoFrameskip-v4"} 
r,l,t
530.0,413,4.839968
530.0,413,9.670432
530.0,557,16.137599
430.0,344,20.100805
280.0,457,25.239244
330.0,409,30.020704
