# {"t_start": 1680807992.7207186, "env_id": "AsteroidsNoFrameskip-v4"} 
r,l,t
530.0,284,3.305059
430.0,344,7.160202
360.0,334,10.979184
230.0,407,15.763611
280.0,457,20.983619
530.0,324,24.667493
580.0,332,28.523368
