# {"t_start": 1680800868.8405495, "env_id": "AsteroidsNoFrameskip-v4"} 
r,l,t
480.0,373,4.808181
410.0,261,8.240075
610.0,322,12.384852
610.0,313,16.574239
390.0,318,20.661606
340.0,233,23.553276
510.0,338,27.844166
