# {"t_start": 1680807992.836968, "env_id": "AsteroidsNoFrameskip-v4"} 
r,l,t
380.0,393,4.414556
530.0,413,9.278431
510.0,323,12.927139
710.0,557,19.322466
460.0,338,23.29427
480.0,406,27.922304
