# {"t_start": 1680800869.002296, "env_id": "AsteroidsNoFrameskip-v4"} 
r,l,t
330.0,385,4.880691
510.0,311,8.983736
310.0,389,13.850301
240.0,371,18.944504
460.0,428,24.39866
360.0,336,28.664632
