# {"t_start": 1680800869.0251052, "env_id": "AsteroidsNoFrameskip-v4"} 
r,l,t
660.0,268,3.242236
390.0,226,6.034478
310.0,345,10.63793
210.0,337,15.051945
480.0,373,19.993515
310.0,389,24.995434
