# {"t_start": 1680807992.9229414, "env_id": "AsteroidsNoFrameskip-v4"} 
r,l,t
330.0,409,4.48706
380.0,331,8.398107
380.0,342,12.231898
660.0,386,16.700472
530.0,284,19.993817
510.0,323,23.672689
480.0,334,27.428498
