# {"t_start": 1680800867.7668355, "env_id": "AsteroidsNoFrameskip-v4"} 
r,l,t
410.0,294,4.832569
460.0,428,10.577085
310.0,389,15.443436
360.0,336,20.055601
390.0,318,24.085753
610.0,313,28.078375
