# {"t_start": 1680807991.7306957, "env_id": "AsteroidsNoFrameskip-v4"} 
r,l,t
480.0,821,10.690653
460.0,338,14.50559
510.0,323,18.140059
480.0,406,22.797329
280.0,457,28.081872
