# {"t_start": 1680807991.9092278, "env_id": "AsteroidsNoFrameskip-v4"} 
r,l,t
330.0,372,5.039171
530.0,324,8.888803
330.0,372,13.077045
530.0,557,19.472931
380.0,374,23.865231
480.0,406,28.554549
