# {"t_start": 1680800867.9253063, "env_id": "AsteroidsNoFrameskip-v4"} 
r,l,t
460.0,367,5.61418
340.0,233,8.532825
460.0,367,13.443895
660.0,429,19.098096
440.0,336,23.527803
360.0,336,27.803325
