# {"t_start": 1680800867.9894452, "env_id": "AsteroidsNoFrameskip-v4"} 
r,l,t
390.0,301,4.699673
390.0,318,8.876339
340.0,233,11.83972
310.0,389,17.030926
340.0,233,20.057404
290.0,268,23.4353
240.0,371,28.136916
