# {"t_start": 1680807991.9269907, "env_id": "AsteroidsNoFrameskip-v4"} 
r,l,t
460.0,337,4.650006
280.0,457,10.045245
530.0,324,13.638157
510.0,323,17.368242
530.0,324,21.148087
460.0,339,24.979257
