# {"t_start": 1680807992.1458166, "env_id": "AsteroidsNoFrameskip-v4"} 
r,l,t
530.0,557,7.031211
380.0,374,11.315472
360.0,334,15.229607
380.0,374,19.459594
360.0,344,23.437545
530.0,381,27.799438
