# {"t_start": 1680800868.105689, "env_id": "AsteroidsNoFrameskip-v4"} 
r,l,t
660.0,429,6.311659
440.0,336,10.807935
610.0,322,14.795238
440.0,336,19.294125
630.0,475,25.524454
