# {"t_start": 1680800868.1740227, "env_id": "AsteroidsNoFrameskip-v4"} 
r,l,t
440.0,336,4.981327
410.0,261,8.214926
510.0,338,12.79804
510.0,311,16.919177
360.0,336,21.249901
210.0,337,25.596239
440.0,266,28.865597
