# {"t_start": 1680807992.206291, "env_id": "AsteroidsNoFrameskip-v4"} 
r,l,t
380.0,374,4.781219
430.0,344,8.8105
580.0,332,12.587396
530.0,413,17.339891
480.0,406,21.958677
660.0,386,26.4507
