# {"t_start": 1680807992.2262435, "env_id": "AsteroidsNoFrameskip-v4"} 
r,l,t
530.0,340,4.398725
380.0,342,8.370664
530.0,284,11.534768
360.0,334,15.497514
360.0,334,19.115787
430.0,344,23.169923
480.0,406,27.811953
