# {"t_start": 1680800868.262027, "env_id": "AsteroidsNoFrameskip-v4"} 
r,l,t
310.0,281,4.178345
310.0,345,8.701493
480.0,373,13.543584
610.0,322,17.817978
610.0,322,21.902635
410.0,261,25.30528
