# {"t_start": 1680807992.3097131, "env_id": "AsteroidsNoFrameskip-v4"} 
r,l,t
410.0,374,4.678811
280.0,457,10.089433
460.0,337,13.892265
660.0,386,18.27385
380.0,374,22.559868
380.0,342,26.51755
