# {"t_start": 1680800868.3685157, "env_id": "AsteroidsNoFrameskip-v4"} 
r,l,t
430.0,335,4.758022
390.0,318,9.02148
390.0,301,12.826002
210.0,337,17.348673
440.0,336,21.597401
310.0,345,26.042717
