# {"t_start": 1680800868.4519603, "env_id": "AsteroidsNoFrameskip-v4"} 
r,l,t
480.0,373,5.216253
430.0,335,9.714325
430.0,335,13.897083
460.0,428,19.697058
430.0,335,23.891304
260.0,363,28.513521
