# {"t_start": 1680807992.4359324, "env_id": "AsteroidsNoFrameskip-v4"} 
r,l,t
530.0,284,3.590376
410.0,374,7.884643
410.0,374,12.129138
460.0,338,16.076461
410.0,374,20.396642
480.0,334,24.20401
530.0,414,28.916694
