# {"t_start": 1681393490.0115151, "env_id": "AsteroidsNoFrameskip-v4"} 
r,l,t
660.0,879,12.885581
680.0,913,25.666047
660.0,879,37.638465
630.0,422,43.331211
680.0,411,48.854662
