# {"t_start": 1681393490.0207334, "env_id": "AsteroidsNoFrameskip-v4"} 
r,l,t
530.0,331,5.179554
580.0,445,11.115526
680.0,913,23.975565
680.0,418,29.61512
680.0,913,42.088622
680.0,464,48.310728
