# {"t_start": 1681393490.4693224, "env_id": "AsteroidsNoFrameskip-v4"} 
r,l,t
610.0,879,12.431705
430.0,455,18.817022
680.0,419,24.475561
580.0,413,30.031981
580.0,445,35.974119
680.0,913,48.540867
