# {"t_start": 1681393490.6642065, "env_id": "AsteroidsNoFrameskip-v4"} 
r,l,t
430.0,411,5.642772
580.0,877,17.855152
680.0,418,23.643968
680.0,415,29.187426
430.0,503,35.990282
580.0,691,45.342181
480.0,423,51.293645
