# {"t_start": 1681393490.730193, "env_id": "AsteroidsNoFrameskip-v4"} 
r,l,t
680.0,380,5.153168
530.0,450,11.279676
480.0,423,17.078267
580.0,511,24.217277
610.0,879,36.220111
680.0,418,41.835643
