# {"t_start": 1681393490.6393616, "env_id": "AsteroidsNoFrameskip-v4"} 
r,l,t
530.0,331,4.563105
680.0,415,10.114386
580.0,411,15.775848
680.0,464,22.149659
430.0,411,27.824216
680.0,411,33.376126
430.0,503,40.135846
