# {"t_start": 1681393490.6655486, "env_id": "AsteroidsNoFrameskip-v4"} 
r,l,t
530.0,331,4.536942
430.0,455,10.641107
680.0,913,23.503772
680.0,914,35.990949
580.0,877,47.969848
