# {"t_start": 1681393490.7622757, "env_id": "AsteroidsNoFrameskip-v4"} 
r,l,t
610.0,879,12.141704
680.0,418,17.930642
660.0,879,30.039928
680.0,418,35.567307
630.0,646,44.412784
430.0,411,50.129187
