# {"t_start": 1681393490.1105194, "env_id": "AsteroidsNoFrameskip-v4"} 
r,l,t
630.0,422,6.361001
680.0,411,11.959991
680.0,419,17.661614
680.0,411,23.279695
730.0,410,28.905362
430.0,723,38.805189
430.0,723,48.662149
