# {"t_start": 1681393490.2590048, "env_id": "AsteroidsNoFrameskip-v4"} 
r,l,t
680.0,411,6.044307
430.0,455,12.256227
530.0,419,18.045243
580.0,877,30.164804
580.0,691,39.559108
580.0,511,46.448443
