# {"t_start": 1681393490.3008404, "env_id": "AsteroidsNoFrameskip-v4"} 
r,l,t
630.0,646,9.184151
480.0,423,15.049357
610.0,879,27.287352
680.0,419,33.008476
680.0,419,38.63831
430.0,455,44.719243
