# {"t_start": 1681393490.2751074, "env_id": "AsteroidsNoFrameskip-v4"} 
r,l,t
580.0,411,6.029473
580.0,445,12.087013
530.0,331,16.535126
580.0,511,23.677808
680.0,411,29.216564
480.0,423,34.944386
430.0,411,40.446967
