# {"t_start": 1681393490.4162865, "env_id": "AsteroidsNoFrameskip-v4"} 
r,l,t
610.0,879,12.482103
580.0,411,18.155537
580.0,411,23.802129
430.0,503,30.626384
580.0,411,36.102473
760.0,852,47.685749
