# {"t_start": 1681393490.4785848, "env_id": "AsteroidsNoFrameskip-v4"} 
r,l,t
530.0,331,4.726058
660.0,879,16.830933
480.0,420,22.579568
530.0,331,27.154425
630.0,646,35.892379
680.0,427,41.691489
480.0,420,47.283882
