# {"t_start": 1681393490.5260777, "env_id": "AsteroidsNoFrameskip-v4"} 
r,l,t
680.0,380,5.357089
580.0,445,11.401653
680.0,380,16.5326
760.0,852,28.405659
480.0,423,34.120071
580.0,691,43.515962
680.0,418,49.209931
