# {"t_start": 1681393490.5652418, "env_id": "AsteroidsNoFrameskip-v4"} 
r,l,t
580.0,877,12.280709
580.0,877,24.590263
630.0,422,30.234827
430.0,455,36.343609
580.0,445,42.392033
680.0,380,47.384634
