# {"t_start": 1680762206.5533614, "env_id": "CarnivalNoFrameskip-v4"} 
r,l,t
3640.0,205,3.436867
3690.0,202,5.673185
3690.0,203,8.04291
3690.0,203,10.399402
4840.0,217,12.810195
3640.0,212,15.262521
3690.0,203,17.636163
