# {"t_start": 1680762206.6791277, "env_id": "CarnivalNoFrameskip-v4"} 
r,l,t
3690.0,204,3.275018
2640.0,378,7.5864
3690.0,202,9.837864
3690.0,198,12.207523
4840.0,219,14.647828
4840.0,219,17.224014
3690.0,203,19.694664
