# {"t_start": 1680762207.2668564, "env_id": "CarnivalNoFrameskip-v4"} 
r,l,t
3540.0,239,3.152269
2880.0,490,8.640302
2880.0,489,14.310152
3540.0,239,17.225961
4840.0,217,19.754351
