# {"t_start": 1680762207.3646228, "env_id": "CarnivalNoFrameskip-v4"} 
r,l,t
3690.0,204,2.589808
3690.0,201,4.810506
3690.0,204,7.206083
3690.0,202,9.545007
4240.0,210,11.917596
3640.0,207,14.275281
2640.0,378,18.787708
