# {"t_start": 1680762207.454677, "env_id": "CarnivalNoFrameskip-v4"} 
r,l,t
4840.0,219,2.729257
4840.0,219,5.207357
3690.0,202,7.51818
3690.0,203,9.834014
3690.0,201,12.088005
3690.0,204,14.449873
3540.0,239,17.335742
