# {"t_start": 1680762207.5176902, "env_id": "CarnivalNoFrameskip-v4"} 
r,l,t
3690.0,203,2.41452
3690.0,203,4.683746
3640.0,204,7.078789
3740.0,198,9.332987
3690.0,201,11.64299
4490.0,304,15.190828
4140.0,237,17.97626
