# {"t_start": 1680762207.5566173, "env_id": "CarnivalNoFrameskip-v4"} 
r,l,t
3690.0,199,2.308262
4840.0,219,4.848509
2640.0,378,9.118285
3540.0,241,11.913623
2880.0,485,17.67042
