# {"t_start": 1680762207.6552162, "env_id": "CarnivalNoFrameskip-v4"} 
r,l,t
3690.0,204,2.299652
2640.0,376,6.579311
4240.0,210,8.947039
3640.0,205,11.36254
3690.0,203,13.617279
2640.0,378,18.190665
