# {"t_start": 1680762206.7433975, "env_id": "CarnivalNoFrameskip-v4"} 
r,l,t
2880.0,488,6.52998
2880.0,485,12.076649
2640.0,378,16.475257
3640.0,207,18.885437
