# {"t_start": 1680762206.814979, "env_id": "CarnivalNoFrameskip-v4"} 
r,l,t
2880.0,490,6.48678
4490.0,304,9.85912
2880.0,490,15.625929
3690.0,202,18.039387
