# {"t_start": 1680762206.8843544, "env_id": "CarnivalNoFrameskip-v4"} 
r,l,t
3540.0,239,3.534362
3690.0,201,5.80514
4490.0,304,9.198377
2640.0,378,13.622383
4490.0,304,17.144292
