# {"t_start": 1680762206.9304924, "env_id": "CarnivalNoFrameskip-v4"} 
r,l,t
3690.0,202,2.980116
3690.0,198,5.150484
3640.0,204,7.589438
3690.0,198,9.839689
3690.0,198,12.131419
3640.0,206,14.444547
3640.0,206,16.85931
3690.0,204,19.340266
