# {"t_start": 1680762207.0218494, "env_id": "CarnivalNoFrameskip-v4"} 
r,l,t
3690.0,198,2.817972
3690.0,203,5.08497
4140.0,237,7.919003
4840.0,219,10.433512
3640.0,207,12.776372
3640.0,205,15.186294
