# {"t_start": 1680762207.0673203, "env_id": "CarnivalNoFrameskip-v4"} 
r,l,t
4840.0,217,3.084447
4240.0,210,5.439584
3690.0,203,7.768718
3640.0,204,10.128715
3640.0,204,12.378058
3690.0,203,14.725091
3640.0,207,17.207985
4840.0,219,19.7842
