# {"t_start": 1680762207.1315382, "env_id": "CarnivalNoFrameskip-v4"} 
r,l,t
3640.0,212,2.944013
3690.0,201,5.168733
3540.0,239,7.962165
3640.0,205,10.322419
3690.0,198,12.54058
4240.0,210,15.030226
3690.0,199,17.380643
3690.0,203,19.720258
