# {"t_start": 1680762207.2074106, "env_id": "CarnivalNoFrameskip-v4"} 
r,l,t
3690.0,203,2.723913
3640.0,212,5.144828
3640.0,212,7.584056
2880.0,485,13.164274
3640.0,212,15.65114
3690.0,202,18.054058
