# {"t_start": 1680894898.8632917, "env_id": "CarnivalNoFrameskip-v4"} 
r,l,t
340.0,1258,12.251699
2120.0,1451,25.222705
2360.0,1800,40.916008
2360.0,1800,55.776562
940.0,1321,66.483822
