# {"t_start": 1680812492.103556, "env_id": "CarnivalNoFrameskip-v4"} 
r,l,t
0.0,979,12.649895
0.0,979,24.191387
20.0,976,35.493878
