# {"t_start": 1680812492.249407, "env_id": "CarnivalNoFrameskip-v4"} 
r,l,t
20.0,977,12.440596
20.0,976,23.897139
0.0,979,35.294453
