# {"t_start": 1680894898.9446578, "env_id": "CarnivalNoFrameskip-v4"} 
r,l,t
2080.0,1591,15.268373
2120.0,1448,28.112951
2120.0,1451,40.665049
940.0,1318,51.598273
940.0,1323,62.242992
940.0,1323,73.091357
