# {"t_start": 1680894899.563203, "env_id": "CarnivalNoFrameskip-v4"} 
r,l,t
360.0,1021,9.367966
360.0,1016,18.617718
2560.0,1567,32.469718
360.0,1021,41.212881
940.0,1321,52.103048
2120.0,1450,63.869882
2560.0,1567,76.648374
