# {"t_start": 1680812493.136325, "env_id": "CarnivalNoFrameskip-v4"} 
r,l,t
20.0,974,11.473667
0.0,980,23.04067
0.0,979,34.437504
