# {"t_start": 1680894899.6179562, "env_id": "CarnivalNoFrameskip-v4"} 
r,l,t
2080.0,1591,14.594146
340.0,1253,25.689199
2080.0,1591,39.482354
940.0,1322,50.507742
1660.0,1415,61.958842
900.0,1243,72.084141
