# {"t_start": 1680812493.2190282, "env_id": "CarnivalNoFrameskip-v4"} 
r,l,t
20.0,977,11.470798
20.0,974,22.865103
20.0,977,34.224573
