# {"t_start": 1680894899.7146966, "env_id": "CarnivalNoFrameskip-v4"} 
r,l,t
940.0,1323,12.052819
940.0,1323,23.808601
2120.0,1451,36.54381
2360.0,1800,51.563346
340.0,1253,61.658027
2080.0,1591,74.65333
