# {"t_start": 1680812493.2997806, "env_id": "CarnivalNoFrameskip-v4"} 
r,l,t
0.0,980,11.491156
0.0,980,23.039618
0.0,979,34.408986
