# {"t_start": 1680812493.430281, "env_id": "CarnivalNoFrameskip-v4"} 
r,l,t
0.0,980,11.358865
20.0,976,22.803652
0.0,978,34.167788
