# {"t_start": 1680894899.7735555, "env_id": "CarnivalNoFrameskip-v4"} 
r,l,t
2120.0,1452,13.176414
2360.0,1800,29.180446
860.0,729,35.478587
940.0,1317,46.644237
340.0,1253,56.826373
1560.0,1735,70.88395
