# {"t_start": 1680894899.8401432, "env_id": "CarnivalNoFrameskip-v4"} 
r,l,t
1680.0,898,7.925104
940.0,1323,19.938168
2120.0,1448,32.785575
360.0,1023,41.501415
360.0,1022,49.895612
900.0,1243,59.949726
1660.0,1415,71.480586
