# {"t_start": 1680812493.5068674, "env_id": "CarnivalNoFrameskip-v4"} 
r,l,t
20.0,976,11.164339
0.0,980,22.728992
20.0,976,34.036972
