# {"t_start": 1680894899.9690375, "env_id": "CarnivalNoFrameskip-v4"} 
r,l,t
2080.0,1591,14.243303
2120.0,1446,27.052323
1660.0,1415,39.295496
340.0,1258,49.734352
2120.0,1452,61.516408
2120.0,1448,73.368342
