# {"t_start": 1680812493.5786529, "env_id": "CarnivalNoFrameskip-v4"} 
r,l,t
20.0,977,11.112497
20.0,974,22.506111
0.0,977,33.867788
