# {"t_start": 1680812492.304891, "env_id": "CarnivalNoFrameskip-v4"} 
r,l,t
0.0,978,12.419976
20.0,975,23.843438
20.0,976,35.166792
