# {"t_start": 1680894899.0064204, "env_id": "CarnivalNoFrameskip-v4"} 
r,l,t
360.0,1014,9.800836
360.0,1022,19.146275
2120.0,1448,31.916172
900.0,1243,42.619182
340.0,1253,52.946282
940.0,1317,63.62453
2120.0,1452,75.449747
