# {"t_start": 1680894899.0696435, "env_id": "CarnivalNoFrameskip-v4"} 
r,l,t
360.0,1016,9.778636
1560.0,1735,25.401841
360.0,1016,34.362226
2120.0,1451,46.690554
940.0,1318,57.387901
900.0,1243,67.468159
