# {"t_start": 1680812492.4116933, "env_id": "CarnivalNoFrameskip-v4"} 
r,l,t
0.0,980,12.376186
0.0,977,23.856739
0.0,980,35.255097
