# {"t_start": 1680894899.1452262, "env_id": "CarnivalNoFrameskip-v4"} 
r,l,t
360.0,1021,9.784271
340.0,1253,21.119293
1560.0,1735,36.361597
2120.0,1448,48.540679
1560.0,1735,62.626067
1820.0,1068,71.287839
