# {"t_start": 1680812492.5207133, "env_id": "CarnivalNoFrameskip-v4"} 
r,l,t
20.0,974,12.0907
20.0,974,23.501171
0.0,977,34.87593
