# {"t_start": 1680894899.271941, "env_id": "CarnivalNoFrameskip-v4"} 
r,l,t
2120.0,1451,13.648745
940.0,1318,25.363683
860.0,729,31.786119
940.0,1318,43.142218
2120.0,1447,54.980821
900.0,1242,65.058973
900.0,1242,75.148693
