# {"t_start": 1680812492.6292129, "env_id": "CarnivalNoFrameskip-v4"} 
r,l,t
0.0,979,12.124609
20.0,975,23.550667
0.0,978,34.913587
