# {"t_start": 1680894899.2946286, "env_id": "CarnivalNoFrameskip-v4"} 
r,l,t
940.0,1318,12.385186
2360.0,1800,28.481359
2120.0,1453,41.030168
940.0,1323,51.945625
900.0,1243,61.95534
340.0,1258,72.241613
