# {"t_start": 1680812492.7703557, "env_id": "CarnivalNoFrameskip-v4"} 
r,l,t
20.0,975,11.87255
20.0,976,23.313713
0.0,981,34.774333
