# {"t_start": 1680894899.3751454, "env_id": "CarnivalNoFrameskip-v4"} 
r,l,t
940.0,1321,12.351932
1660.0,1415,24.954642
2120.0,1452,37.723194
860.0,729,43.919553
860.0,729,49.777986
2360.0,1800,64.483067
900.0,1243,74.537748
