# {"t_start": 1680812492.9133286, "env_id": "CarnivalNoFrameskip-v4"} 
r,l,t
0.0,978,11.813066
0.0,977,23.298982
0.0,980,34.714217
