# {"t_start": 1680894899.446032, "env_id": "CarnivalNoFrameskip-v4"} 
r,l,t
2360.0,1799,16.622769
340.0,1253,27.745478
360.0,1021,36.609084
340.0,1258,47.234837
940.0,1318,57.98089
1660.0,1415,69.392873
1680.0,898,76.739734
