# {"t_start": 1680812492.9970748, "env_id": "CarnivalNoFrameskip-v4"} 
r,l,t
20.0,975,11.642503
20.0,974,23.051524
20.0,974,34.358644
