# {"t_start": 1680894899.492979, "env_id": "CarnivalNoFrameskip-v4"} 
r,l,t
2120.0,1452,13.456897
2360.0,1799,29.428419
2360.0,1799,44.900199
360.0,1022,53.248845
2360.0,1799,67.820219
