# {"t_start": 1680812493.1045873, "env_id": "CarnivalNoFrameskip-v4"} 
r,l,t
0.0,980,11.682976
20.0,975,23.105969
20.0,975,34.395705
