# {"t_start": 1680733345.0738494, "env_id": "MsPacmanNoFrameskip-v4"} 
r,l,t
980.0,870,6.371057
1500.0,1014,13.10764
980.0,867,18.45735
980.0,867,23.465861
880.0,952,29.725288
980.0,866,36.781888
