# {"t_start": 1680733345.1211483, "env_id": "MsPacmanNoFrameskip-v4"} 
r,l,t
980.0,868,6.280856
1500.0,1011,12.945407
1500.0,1014,19.263948
880.0,949,24.795049
880.0,954,31.484198
880.0,954,39.655321
