# {"t_start": 1680733345.551014, "env_id": "MsPacmanNoFrameskip-v4"} 
r,l,t
1000.0,828,5.434243
1000.0,834,11.07195
1000.0,833,16.347397
1000.0,828,21.162193
880.0,952,26.926975
1500.0,1013,35.095401
1000.0,833,41.864368
