# {"t_start": 1680733345.5053804, "env_id": "MsPacmanNoFrameskip-v4"} 
r,l,t
980.0,868,5.896643
980.0,865,11.59829
980.0,868,17.0732
880.0,953,22.674218
880.0,951,28.785191
980.0,872,35.888346
