# {"t_start": 1680733345.6394808, "env_id": "MsPacmanNoFrameskip-v4"} 
r,l,t
880.0,954,6.455558
880.0,954,12.778189
1500.0,1014,18.955846
980.0,867,23.975749
980.0,865,29.796409
980.0,868,36.941097
1000.0,828,43.534429
