# {"t_start": 1680733345.689195, "env_id": "MsPacmanNoFrameskip-v4"} 
r,l,t
1500.0,1015,6.856815
980.0,867,12.452055
980.0,869,17.841142
880.0,948,23.30529
980.0,865,29.039033
1500.0,1012,37.476131
