# {"t_start": 1680733345.7463105, "env_id": "MsPacmanNoFrameskip-v4"} 
r,l,t
880.0,950,6.271384
880.0,954,12.622021
1500.0,1011,18.758731
1000.0,830,23.550234
1000.0,829,29.093758
980.0,872,36.20398
