# {"t_start": 1680733345.7964895, "env_id": "MsPacmanNoFrameskip-v4"} 
r,l,t
980.0,868,5.60569
1500.0,1009,12.236495
880.0,951,18.200731
980.0,870,23.180436
1500.0,1015,30.132591
1500.0,1011,38.768489
