# {"t_start": 1680733345.1813111, "env_id": "MsPacmanNoFrameskip-v4"} 
r,l,t
1000.0,832,5.853623
1000.0,829,11.421461
1500.0,1011,17.782296
980.0,872,22.870356
980.0,865,28.364904
880.0,948,36.004241
