# {"t_start": 1680733345.230984, "env_id": "MsPacmanNoFrameskip-v4"} 
r,l,t
1000.0,834,5.848187
1500.0,1012,12.602123
1000.0,834,17.79946
1500.0,1014,23.703173
880.0,949,30.122192
980.0,872,37.28152
1000.0,833,43.90852
