# {"t_start": 1680733345.2686327, "env_id": "MsPacmanNoFrameskip-v4"} 
r,l,t
1000.0,828,5.716279
980.0,865,11.548788
1500.0,1012,17.955946
1500.0,1011,23.847028
1500.0,1012,30.780178
1000.0,831,37.75128
