# {"t_start": 1680733345.317463, "env_id": "MsPacmanNoFrameskip-v4"} 
r,l,t
1500.0,1014,7.202896
880.0,949,13.476035
980.0,869,18.728415
880.0,949,24.195788
1500.0,1010,31.235735
980.0,871,38.709192
