# {"t_start": 1680733345.3667512, "env_id": "MsPacmanNoFrameskip-v4"} 
r,l,t
880.0,949,6.62503
980.0,867,12.253745
1500.0,1016,18.679546
880.0,954,24.193614
980.0,872,30.139617
980.0,870,37.303698
