# {"t_start": 1680733345.414071, "env_id": "MsPacmanNoFrameskip-v4"} 
r,l,t
880.0,952,6.640043
880.0,951,12.933262
1500.0,1015,19.133484
980.0,869,24.163658
980.0,869,30.056155
980.0,867,37.19966
