# {"t_start": 1680733345.4591045, "env_id": "MsPacmanNoFrameskip-v4"} 
r,l,t
980.0,866,5.90714
980.0,865,11.614283
1000.0,828,16.866075
980.0,870,21.871694
880.0,949,27.829
880.0,951,35.509209
880.0,950,43.08379
