# {"t_start": 1680733345.4978998, "env_id": "MsPacmanNoFrameskip-v4"} 
r,l,t
1500.0,1015,7.046776
980.0,866,12.612179
980.0,866,17.988372
1000.0,829,22.806464
980.0,866,28.301875
880.0,953,36.060838
