# {"t_start": 1680811744.5282676, "env_id": "TimePilotNoFrameskip-v4"} 
r,l,t
4200.0,2373,34.746517
3900.0,1820,58.730326
4100.0,1782,84.268825
4500.0,2359,256.294369
600.0,958,269.89374
4200.0,2228,300.977524
4300.0,2321,454.200814
600.0,1045,470.132797
4700.0,3020,516.059135
700.0,2032,641.412557
4100.0,1479,663.909601
700.0,1085,679.791095
