# {"t_start": 1680811744.4739466, "env_id": "TimePilotNoFrameskip-v4"} 
r,l,t
4000.0,2226,32.858892
4600.0,2057,60.092108
900.0,1145,76.379598
600.0,1131,228.242106
4600.0,2047,260.095826
4400.0,2013,288.83568
3900.0,1636,311.602809
600.0,1326,449.947029
4700.0,2838,493.627199
4100.0,1850,521.410319
800.0,1114,632.238924
4200.0,2029,663.662539
4900.0,2481,700.365192
900.0,1125,716.848134
