# {"t_start": 1680811744.5534074, "env_id": "TimePilotNoFrameskip-v4"} 
r,l,t
4400.0,1650,25.539636
4200.0,1844,49.109041
4200.0,1532,70.480338
900.0,1562,228.709911
7700.0,2340,264.71524
4300.0,1928,291.808908
800.0,1345,310.699413
4400.0,2176,462.075036
4500.0,2219,496.200668
1000.0,1427,517.649317
3900.0,1432,633.417855
700.0,1199,652.001718
800.0,1048,667.710732
800.0,1175,684.898495
600.0,1124,701.477614
