# {"t_start": 1680811744.566441, "env_id": "TimePilotNoFrameskip-v4"} 
r,l,t
3900.0,1537,24.106746
4200.0,1941,48.876194
4400.0,2074,78.011469
4200.0,2186,247.279705
4200.0,1968,275.915788
1200.0,2092,304.774307
4500.0,2021,453.799734
800.0,1290,473.590961
4500.0,1794,500.862705
3900.0,1599,524.891343
4600.0,1582,643.459774
4200.0,1800,670.710635
4300.0,1695,695.496953
3900.0,1544,718.34769
