# {"t_start": 1680811744.5687606, "env_id": "TimePilotNoFrameskip-v4"} 
r,l,t
4300.0,1742,26.703804
900.0,1029,39.615193
4600.0,2412,72.718048
4800.0,2307,243.257767
900.0,1368,263.685843
4600.0,3165,308.128757
4000.0,1632,451.244521
4400.0,1591,475.67396
1000.0,958,490.160296
600.0,820,502.442135
4400.0,2131,628.564377
1100.0,1592,653.420113
8300.0,2803,695.032027
