# {"t_start": 1680811744.5692694, "env_id": "TimePilotNoFrameskip-v4"} 
r,l,t
3900.0,1506,23.703453
7800.0,2316,53.522777
4100.0,1669,77.182226
800.0,1424,233.930729
3900.0,1180,252.297537
4300.0,1808,278.606901
1000.0,1543,299.756322
400.0,1038,314.746323
800.0,1208,451.420782
5200.0,2858,495.280589
900.0,1245,513.867749
4700.0,1825,635.799327
4100.0,1884,664.736821
4200.0,1870,692.176605
1100.0,1144,709.059583
