# {"t_start": 1680811744.577798, "env_id": "TimePilotNoFrameskip-v4"} 
r,l,t
600.0,1238,20.262783
4100.0,1512,39.320369
900.0,1348,57.145403
4200.0,1678,81.057357
3900.0,2217,250.759513
4300.0,1882,278.223989
900.0,1226,294.990906
11800.0,3827,470.77247
900.0,1454,492.932449
5000.0,2594,625.934832
4400.0,2224,660.639928
800.0,1303,679.760126
4600.0,1824,706.686604
