# {"t_start": 1680811744.5777566, "env_id": "TimePilotNoFrameskip-v4"} 
r,l,t
4500.0,2756,39.581823
3900.0,1421,58.450547
4300.0,1453,79.174803
3900.0,1290,234.018698
900.0,1356,255.220584
3800.0,1348,274.458783
1300.0,1846,300.079142
1000.0,1434,438.681031
4200.0,1820,467.326315
700.0,1261,486.566836
1100.0,1771,513.273362
4200.0,1875,635.969486
900.0,1280,655.757812
600.0,923,669.494307
4900.0,2767,710.326828
