# {"t_start": 1680811744.5249994, "env_id": "TimePilotNoFrameskip-v4"} 
r,l,t
1600.0,2023,30.336593
700.0,1314,47.068356
600.0,926,59.56874
4000.0,1327,78.448911
4000.0,1616,238.47984
4200.0,1621,263.111818
4200.0,1692,287.320452
4500.0,1689,310.588318
3800.0,1569,452.763745
900.0,971,467.558573
8000.0,3119,515.065433
1000.0,1184,626.683497
4300.0,2319,662.791163
1100.0,1620,686.565962
800.0,1321,706.077024
