# {"t_start": 1680811744.5244288, "env_id": "TimePilotNoFrameskip-v4"} 
r,l,t
800.0,1388,22.310879
4200.0,1228,37.65359
4500.0,2371,69.92457
900.0,1365,224.837997
900.0,1082,242.149118
800.0,1041,257.973001
900.0,1084,273.334295
3900.0,1360,292.270734
4600.0,2494,447.113773
4200.0,2103,479.521552
1000.0,1770,506.225238
800.0,1425,527.674214
4800.0,2652,662.660912
4900.0,2543,700.258121
