# {"t_start": 1680811744.5266447, "env_id": "TimePilotNoFrameskip-v4"} 
r,l,t
8200.0,3334,47.21544
4100.0,1938,74.241133
800.0,1358,229.597702
4100.0,2131,262.543733
3900.0,1762,287.766886
4600.0,2844,447.034804
800.0,1585,471.434612
800.0,1282,490.898751
1000.0,2123,522.971788
4700.0,2503,655.633017
3800.0,1419,676.762125
900.0,1412,697.423954
