# {"t_start": 1680811744.5405858, "env_id": "TimePilotNoFrameskip-v4"} 
r,l,t
4300.0,1672,25.820895
4500.0,1544,45.417926
4500.0,2012,73.373262
900.0,1644,233.261218
800.0,929,248.036864
800.0,1698,272.654852
4400.0,1718,296.719429
800.0,1990,443.734197
4500.0,2041,475.501754
4000.0,1355,496.098744
4200.0,1946,525.44615
1100.0,1818,647.696042
4500.0,2061,678.499184
4600.0,2145,710.150059
