# {"t_start": 1680811744.5441582, "env_id": "TimePilotNoFrameskip-v4"} 
r,l,t
4300.0,2079,30.964549
7700.0,2915,70.232996
600.0,1072,85.671202
4000.0,1799,249.201195
600.0,1269,267.57714
900.0,1366,287.197804
1000.0,1283,304.298834
900.0,1629,447.286943
700.0,1628,472.310755
1100.0,1986,502.529112
4100.0,1513,525.280828
900.0,1297,639.322504
4300.0,2052,670.571003
4100.0,1953,699.236687
