# {"t_start": 1680811744.5469112, "env_id": "TimePilotNoFrameskip-v4"} 
r,l,t
900.0,1152,19.093568
4100.0,1564,38.914285
4200.0,2045,66.647004
600.0,1218,84.087336
700.0,918,233.435596
4600.0,1764,260.674242
4700.0,2300,293.006371
600.0,1392,312.773708
1400.0,1711,457.137916
4100.0,1877,485.937152
800.0,1305,505.614608
5000.0,2187,632.794981
1000.0,1425,654.918429
600.0,1105,671.526182
4300.0,1916,699.594573
