# {"t_start": 1680811744.551052, "env_id": "TimePilotNoFrameskip-v4"} 
r,l,t
700.0,1319,21.340873
600.0,937,32.983076
3900.0,1923,58.290007
800.0,1701,82.621464
700.0,1207,236.532485
1300.0,1714,262.712256
4100.0,1760,287.874177
800.0,1038,301.579942
1200.0,1733,445.689722
5000.0,1794,473.415174
4500.0,2682,514.099823
800.0,1409,629.259898
4200.0,1445,651.851399
3900.0,1614,676.00164
4300.0,2077,706.67679
