# {"t_start": 1680811744.5584297, "env_id": "TimePilotNoFrameskip-v4"} 
r,l,t
700.0,1099,18.382892
4600.0,2048,44.447749
4100.0,1178,60.455278
800.0,1055,75.345885
800.0,1088,226.501726
1100.0,1413,248.987374
4600.0,1792,274.961513
4900.0,3141,437.215286
4300.0,1655,463.325071
4200.0,2188,496.915536
800.0,1577,520.586764
5400.0,2658,655.678757
500.0,955,669.90869
4600.0,1937,698.389494
