# {"t_start": 1680800703.2738457, "env_id": "TimePilotNoFrameskip-v4"} 
r,l,t
700.0,837,10.454486
900.0,780,19.171974
800.0,709,26.976392
800.0,709,35.279648
800.0,775,44.27472
800.0,708,52.38182
