# {"t_start": 1680947195.2991753, "env_id": "TimePilotNoFrameskip-v4"} 
r,l,t
300.0,1129,10.840566
400.0,822,18.066083
