# {"t_start": 1680812118.5492702, "env_id": "TimePilotNoFrameskip-v4"} 
r,l,t
500.0,1466,16.770021
500.0,884,26.123477
500.0,1677,44.512433
500.0,1677,62.922441
500.0,1680,81.902729
500.0,1676,100.452175
