# {"t_start": 1680800005.6303527, "env_id": "TimePilotNoFrameskip-v4"} 
r,l,t
4200.0,1079,13.38006
900.0,822,22.490712
4200.0,1473,39.533139
4200.0,1473,56.437866
800.0,712,64.766329
