# {"t_start": 1680800703.3645086, "env_id": "TimePilotNoFrameskip-v4"} 
r,l,t
700.0,835,10.320493
900.0,777,19.013837
900.0,780,27.71751
800.0,772,36.888137
800.0,777,45.793822
800.0,777,54.744709
