# {"t_start": 1680947195.3479674, "env_id": "TimePilotNoFrameskip-v4"} 
r,l,t
300.0,1127,10.748653
400.0,819,17.956247
