# {"t_start": 1680800005.7210913, "env_id": "TimePilotNoFrameskip-v4"} 
r,l,t
4200.0,1077,13.248016
900.0,819,22.324749
900.0,822,31.899798
800.0,709,39.841154
800.0,714,47.920177
800.0,714,56.090259
4200.0,1473,73.487971
