# {"t_start": 1680812118.6444077, "env_id": "TimePilotNoFrameskip-v4"} 
r,l,t
500.0,1464,16.630428
500.0,881,25.941403
500.0,884,35.392933
500.0,1677,54.226887
500.0,1682,72.792092
500.0,1682,91.481529
