# {"t_start": 1680812119.4883723, "env_id": "TimePilotNoFrameskip-v4"} 
r,l,t
500.0,1462,15.721373
500.0,1682,33.728475
500.0,1681,52.657792
500.0,1676,71.192846
500.0,1680,89.726273
500.0,883,99.572864
