# {"t_start": 1680947195.943488, "env_id": "TimePilotNoFrameskip-v4"} 
r,l,t
400.0,1364,12.370363
500.0,1222,23.246774
