# {"t_start": 1680800006.461157, "env_id": "TimePilotNoFrameskip-v4"} 
r,l,t
900.0,832,9.452033
800.0,714,17.581623
800.0,713,25.742343
800.0,708,33.856668
800.0,712,41.772063
900.0,821,51.179391
800.0,713,59.38906
800.0,712,67.728961
