# {"t_start": 1680800704.125325, "env_id": "TimePilotNoFrameskip-v4"} 
r,l,t
1000.0,796,8.977842
800.0,777,17.721406
800.0,776,26.420411
800.0,771,35.570581
800.0,775,44.425359
900.0,779,53.461515
