# {"t_start": 1680947196.0711682, "env_id": "TimePilotNoFrameskip-v4"} 
r,l,t
300.0,1127,10.025991
500.0,1215,20.867517
