# {"t_start": 1680812119.6177807, "env_id": "TimePilotNoFrameskip-v4"} 
r,l,t
500.0,1464,15.655487
500.0,1675,33.494622
500.0,1678,52.450236
500.0,1681,71.017503
500.0,1679,89.539522
500.0,1682,108.570543
