# {"t_start": 1680800006.5111327, "env_id": "TimePilotNoFrameskip-v4"} 
r,l,t
4200.0,1077,12.457517
4200.0,1471,29.223947
4200.0,1474,46.047568
800.0,713,54.224078
800.0,711,62.501199
