# {"t_start": 1680800704.1929717, "env_id": "TimePilotNoFrameskip-v4"} 
r,l,t
700.0,835,9.49183
800.0,707,17.122242
800.0,710,25.145744
800.0,776,34.249205
800.0,774,43.267947
800.0,714,51.428384
900.0,777,60.405064
