# {"t_start": 1680812119.6240926, "env_id": "TimePilotNoFrameskip-v4"} 
r,l,t
500.0,1468,15.732616
500.0,1682,33.745772
500.0,884,43.567982
500.0,1677,62.019534
500.0,1675,80.877443
500.0,1678,99.437029
