# {"t_start": 1680947196.0884209, "env_id": "TimePilotNoFrameskip-v4"} 
r,l,t
300.0,1131,10.087278
500.0,1222,21.020224
