# {"t_start": 1680800006.6091554, "env_id": "TimePilotNoFrameskip-v4"} 
r,l,t
900.0,838,9.451457
800.0,714,17.533512
900.0,822,26.99189
4200.0,1473,43.857472
4200.0,1471,60.816681
4200.0,1474,78.325303
