# {"t_start": 1680800704.2325847, "env_id": "TimePilotNoFrameskip-v4"} 
r,l,t
1000.0,802,8.995331
800.0,777,17.72566
900.0,780,26.460504
800.0,709,34.814408
800.0,707,42.913994
800.0,710,50.958732
800.0,771,59.896394
