# {"t_start": 1680812119.734884, "env_id": "TimePilotNoFrameskip-v4"} 
r,l,t
600.0,915,9.806289
500.0,1677,27.625311
500.0,1679,46.374859
500.0,1676,64.419262
500.0,1675,83.363647
500.0,882,92.922498
500.0,886,103.008378
