# {"t_start": 1680800006.6583362, "env_id": "TimePilotNoFrameskip-v4"} 
r,l,t
3800.0,860,9.653823
4200.0,1473,26.567046
4200.0,1475,43.488244
800.0,708,51.471564
4200.0,1471,68.798033
