# {"t_start": 1680947196.1809542, "env_id": "TimePilotNoFrameskip-v4"} 
r,l,t
400.0,1067,9.378345
500.0,1217,20.205072
