# {"t_start": 1680800704.3263402, "env_id": "TimePilotNoFrameskip-v4"} 
r,l,t
3900.0,854,9.622819
800.0,709,17.351505
800.0,711,25.282436
800.0,771,34.408617
800.0,707,42.505869
900.0,778,51.510945
