# {"t_start": 1680800006.7269406, "env_id": "TimePilotNoFrameskip-v4"} 
r,l,t
900.0,834,9.263858
800.0,714,17.361487
900.0,819,26.754751
800.0,710,34.77304
800.0,709,42.761429
4200.0,1478,59.874323
800.0,711,68.22104
