# {"t_start": 1680947196.2152998, "env_id": "TimePilotNoFrameskip-v4"} 
r,l,t
300.0,1127,9.882156
500.0,1222,20.843268
