# {"t_start": 1680800704.3880494, "env_id": "TimePilotNoFrameskip-v4"} 
r,l,t
1000.0,798,8.766065
800.0,777,17.505421
900.0,777,26.201566
800.0,773,35.390003
800.0,772,44.212068
800.0,714,52.418671
