# {"t_start": 1680812119.824166, "env_id": "TimePilotNoFrameskip-v4"} 
r,l,t
500.0,1464,15.448852
500.0,1682,33.447872
500.0,881,43.239148
500.0,1678,61.674682
500.0,1677,80.592656
500.0,1682,99.23682
