# {"t_start": 1680947196.3076503, "env_id": "TimePilotNoFrameskip-v4"} 
r,l,t
300.0,1127,9.789326
400.0,817,16.960922
