# {"t_start": 1680800006.8484519, "env_id": "TimePilotNoFrameskip-v4"} 
r,l,t
4200.0,1077,12.120324
900.0,817,21.163847
800.0,711,29.376095
4200.0,1476,46.227772
900.0,823,55.709981
900.0,819,65.218592
800.0,713,73.727824
