# {"t_start": 1680800704.478805, "env_id": "TimePilotNoFrameskip-v4"} 
r,l,t
700.0,835,9.205689
900.0,775,17.863725
800.0,774,26.49352
800.0,712,34.918466
900.0,781,43.868494
900.0,777,52.873276
