# {"t_start": 1680812119.9231005, "env_id": "TimePilotNoFrameskip-v4"} 
r,l,t
500.0,1464,15.349558
500.0,879,24.61452
500.0,1679,43.02234
500.0,1680,61.50976
500.0,885,71.479792
500.0,881,81.310778
500.0,1681,100.053187
