# {"t_start": 1680812118.7370055, "env_id": "TimePilotNoFrameskip-v4"} 
r,l,t
500.0,1466,16.580679
500.0,1677,34.439453
500.0,881,44.254029
500.0,1682,62.80386
500.0,1675,81.649863
500.0,1676,100.198057
500.0,885,110.251334
