# {"t_start": 1680947195.4398975, "env_id": "TimePilotNoFrameskip-v4"} 
r,l,t
400.0,1368,12.92952
500.0,1217,23.721805
