# {"t_start": 1680800703.4139729, "env_id": "TimePilotNoFrameskip-v4"} 
r,l,t
1000.0,800,9.775645
800.0,772,18.397121
900.0,777,27.132945
800.0,714,35.528443
800.0,707,43.665781
800.0,771,52.578252
