# {"t_start": 1680800005.8087432, "env_id": "TimePilotNoFrameskip-v4"} 
r,l,t
900.0,836,10.216055
800.0,709,18.209457
900.0,819,27.625589
4200.0,1478,44.566476
4200.0,1471,61.531367
800.0,708,69.900014
