# {"t_start": 1680800005.8768208, "env_id": "TimePilotNoFrameskip-v4"} 
r,l,t
900.0,838,10.18313
900.0,820,19.551844
800.0,714,27.681569
900.0,822,37.040499
800.0,709,45.083599
4200.0,1478,62.206758
800.0,713,70.55197
800.0,712,78.894253
