# {"t_start": 1680800703.544866, "env_id": "TimePilotNoFrameskip-v4"} 
r,l,t
1000.0,802,9.681595
900.0,778,18.440303
800.0,777,27.113048
900.0,780,36.390118
800.0,772,45.193284
800.0,714,53.403885
