# {"t_start": 1680812118.8226118, "env_id": "TimePilotNoFrameskip-v4"} 
r,l,t
500.0,1468,16.534715
500.0,882,25.850742
500.0,1682,44.327678
500.0,884,54.23703
500.0,1677,72.683785
500.0,1682,91.376856
