# {"t_start": 1680947195.481988, "env_id": "TimePilotNoFrameskip-v4"} 
r,l,t
400.0,1370,12.925988
400.0,820,20.054368
