# {"t_start": 1680800005.9737718, "env_id": "TimePilotNoFrameskip-v4"} 
r,l,t
900.0,832,9.939409
4200.0,1471,26.866708
900.0,820,36.177775
900.0,819,45.537321
900.0,820,54.902747
800.0,711,63.224719
800.0,710,71.52467
