# {"t_start": 1680800703.596072, "env_id": "TimePilotNoFrameskip-v4"} 
r,l,t
1000.0,796,9.506155
800.0,707,17.274385
900.0,778,26.115093
900.0,777,35.28633
900.0,778,44.249352
800.0,774,53.159793
