# {"t_start": 1680812118.915395, "env_id": "TimePilotNoFrameskip-v4"} 
r,l,t
500.0,1462,16.293942
500.0,1675,34.150946
500.0,882,43.973333
500.0,881,53.887278
500.0,882,63.349163
500.0,1679,82.235548
500.0,1678,100.898523
