# {"t_start": 1680947195.5835366, "env_id": "TimePilotNoFrameskip-v4"} 
r,l,t
400.0,1364,12.729838
500.0,1215,23.505453
