# {"t_start": 1680800006.0907576, "env_id": "TimePilotNoFrameskip-v4"} 
r,l,t
3800.0,859,10.191775
800.0,709,18.248915
4200.0,1475,35.195419
800.0,709,43.16796
900.0,818,52.528891
4200.0,1477,69.93569
