# {"t_start": 1680800703.698912, "env_id": "TimePilotNoFrameskip-v4"} 
r,l,t
3900.0,853,10.227324
800.0,772,18.863991
800.0,711,26.696178
800.0,772,35.853501
900.0,776,44.737754
800.0,713,52.928135
