# {"t_start": 1680947195.6552439, "env_id": "TimePilotNoFrameskip-v4"} 
r,l,t
400.0,1066,9.874991
500.0,1217,20.698954
