# {"t_start": 1680812119.0142028, "env_id": "TimePilotNoFrameskip-v4"} 
r,l,t
600.0,914,10.501998
500.0,1677,28.293985
500.0,1679,47.074228
500.0,1677,65.140127
500.0,880,75.233505
500.0,1681,93.708059
