# {"t_start": 1680812119.1201549, "env_id": "TimePilotNoFrameskip-v4"} 
r,l,t
500.0,1463,16.121998
500.0,1677,34.017203
500.0,886,43.914648
500.0,1682,62.461807
500.0,1682,81.466327
500.0,1680,100.03799
