# {"t_start": 1680800006.2006452, "env_id": "TimePilotNoFrameskip-v4"} 
r,l,t
900.0,833,9.74612
4200.0,1473,26.692751
900.0,824,36.062764
800.0,714,44.211942
4200.0,1478,61.303145
