# {"t_start": 1680947195.6741765, "env_id": "TimePilotNoFrameskip-v4"} 
r,l,t
300.0,1126,10.39372
500.0,1217,21.296854
