# {"t_start": 1680800703.77514, "env_id": "TimePilotNoFrameskip-v4"} 
r,l,t
1000.0,797,9.35277
800.0,709,17.138577
900.0,782,26.035845
800.0,777,35.207181
800.0,714,43.449468
800.0,712,51.507122
800.0,776,60.548957
