# {"t_start": 1680800006.2041657, "env_id": "TimePilotNoFrameskip-v4"} 
r,l,t
900.0,836,9.821153
800.0,711,17.866443
900.0,823,27.321705
4200.0,1475,44.229411
4200.0,1475,61.26376
4200.0,1473,78.749881
