# {"t_start": 1680800703.863711, "env_id": "TimePilotNoFrameskip-v4"} 
r,l,t
1000.0,800,9.326656
800.0,774,18.010043
900.0,781,26.761608
800.0,711,35.147502
800.0,711,43.325804
800.0,709,51.359637
800.0,714,59.66221
