# {"t_start": 1680947195.7398417, "env_id": "TimePilotNoFrameskip-v4"} 
r,l,t
300.0,1129,10.399367
500.0,1219,21.295082
