# {"t_start": 1680812119.1927488, "env_id": "TimePilotNoFrameskip-v4"} 
r,l,t
500.0,1466,16.126542
500.0,1679,34.052185
500.0,885,43.925796
500.0,1679,62.415574
500.0,1679,81.346759
500.0,1677,99.9027
