# {"t_start": 1680947195.808098, "env_id": "TimePilotNoFrameskip-v4"} 
r,l,t
300.0,1125,10.230627
500.0,1215,21.093542
