# {"t_start": 1680800703.9034958, "env_id": "TimePilotNoFrameskip-v4"} 
r,l,t
700.0,833,9.748798
800.0,707,17.380328
800.0,771,26.18535
800.0,712,34.476974
800.0,772,43.478426
800.0,774,52.348423
