# {"t_start": 1680812119.3189867, "env_id": "TimePilotNoFrameskip-v4"} 
r,l,t
500.0,1462,15.891192
500.0,1675,33.747185
500.0,1676,52.680662
500.0,1680,71.24817
500.0,1677,89.76013
500.0,1679,108.709666
