# {"t_start": 1680800006.2720902, "env_id": "TimePilotNoFrameskip-v4"} 
r,l,t
4200.0,1075,12.661926
4200.0,1471,29.424217
800.0,708,37.519848
4200.0,1476,54.387485
800.0,709,62.614811
800.0,711,70.97474
