# {"t_start": 1680800006.3524992, "env_id": "TimePilotNoFrameskip-v4"} 
r,l,t
3800.0,860,9.958594
4200.0,1472,26.846557
4200.0,1472,43.72828
800.0,709,51.727168
4200.0,1472,69.061033
800.0,713,77.425216
