# {"t_start": 1680947195.8753707, "env_id": "TimePilotNoFrameskip-v4"} 
r,l,t
400.0,1067,9.684036
500.0,1216,20.47935
