# {"t_start": 1680800704.0474188, "env_id": "TimePilotNoFrameskip-v4"} 
r,l,t
3900.0,854,9.902251
800.0,708,17.605124
800.0,708,25.500139
800.0,772,34.622226
800.0,708,42.756382
800.0,776,51.731347
