# {"t_start": 1680812119.3656683, "env_id": "TimePilotNoFrameskip-v4"} 
r,l,t
600.0,915,10.175155
500.0,1676,27.943116
500.0,1676,46.621446
500.0,1677,64.733397
500.0,1676,83.703362
500.0,1681,102.429038
