# {"t_start": 1680791430.0300958, "env_id": "AssaultNoFrameskip-v4"} 
r,l,t
891.0,901,8.516788
1941.0,1790,24.20258
1825.0,1777,40.274469
1039.0,860,48.346307
808.0,787,55.616997
1344.0,1243,65.865656
1300.0,1248,76.613302
1511.0,1410,89.427525
