# {"t_start": 1681012344.478614, "env_id": "AssaultNoFrameskip-v4"} 
r,l,t
2476.0,2292,18.640416
1690.0,1727,31.714921
1469.0,1337,41.333722
1847.0,1505,52.352476
1343.0,1236,61.497613
2225.0,1872,75.01531
