# {"t_start": 1681012344.5207644, "env_id": "AssaultNoFrameskip-v4"} 
r,l,t
1216.0,1130,9.411838
1795.0,1564,21.809442
1794.0,1540,33.162518
1731.0,1545,44.122981
2917.0,2630,63.588756
