# {"t_start": 1680791430.1018476, "env_id": "AssaultNoFrameskip-v4"} 
r,l,t
1636.0,1314,11.903509
2162.0,2049,30.35081
829.0,811,37.446448
2467.0,2269,58.228606
1532.0,1318,69.122465
