# {"t_start": 1681012344.8522425, "env_id": "AssaultNoFrameskip-v4"} 
r,l,t
965.0,871,6.975064
1658.0,1566,19.422779
912.0,941,26.682269
1228.0,1210,35.335228
798.0,759,40.712674
1017.0,1003,47.965552
2056.0,1973,62.524204
839.0,772,68.151494
