# {"t_start": 1680791430.61425, "env_id": "AssaultNoFrameskip-v4"} 
r,l,t
2108.0,1735,14.798324
2656.0,2465,37.32539
1449.0,1229,48.904938
2908.0,2619,71.105809
2130.0,2012,89.599491
