# {"t_start": 1680791430.6979048, "env_id": "AssaultNoFrameskip-v4"} 
r,l,t
2455.0,2146,18.853873
1280.0,1015,27.810191
1311.0,1042,37.1653
1879.0,1677,52.939996
2320.0,2171,70.91574
1280.0,1062,80.758472
964.0,873,88.611946
