# {"t_start": 1681012344.8914173, "env_id": "AssaultNoFrameskip-v4"} 
r,l,t
2571.0,2002,15.968492
1478.0,1199,25.345023
1721.0,1596,36.899173
2635.0,2017,51.528909
2425.0,2235,68.000375
