# {"t_start": 1680791430.71909, "env_id": "AssaultNoFrameskip-v4"} 
r,l,t
2496.0,2318,20.378889
2025.0,1638,34.836867
1617.0,1420,48.393497
2971.0,2672,71.000606
