# {"t_start": 1681012344.9238648, "env_id": "AssaultNoFrameskip-v4"} 
r,l,t
1983.0,1926,15.33413
2246.0,2150,31.651514
1847.0,1470,42.192554
1690.0,1649,54.40994
986.0,927,61.246137
1291.0,1226,70.114879
