# {"t_start": 1680791430.7747493, "env_id": "AssaultNoFrameskip-v4"} 
r,l,t
1131.0,1109,9.556678
976.0,893,17.267589
1932.0,1675,32.132659
1837.0,1528,46.457545
1501.0,1351,58.402802
1133.0,989,66.641439
1972.0,1632,81.192386
