# {"t_start": 1681012344.9661126, "env_id": "AssaultNoFrameskip-v4"} 
r,l,t
1742.0,1597,12.667016
1290.0,1180,22.000501
1741.0,1571,33.551434
986.0,858,39.611988
2047.0,1791,52.795323
850.0,857,58.992815
974.0,1027,66.531811
985.0,899,72.996494
