# {"t_start": 1681012345.0010107, "env_id": "AssaultNoFrameskip-v4"} 
r,l,t
1605.0,1372,10.764151
1322.0,1278,20.998186
1795.0,1564,32.514873
1500.0,1321,41.946786
1941.0,1659,54.237209
954.0,878,60.703871
1690.0,1437,71.12902
