# {"t_start": 1680791430.819698, "env_id": "AssaultNoFrameskip-v4"} 
r,l,t
2646.0,2266,19.853847
1868.0,1806,35.856361
1794.0,1633,51.222414
1795.0,1458,63.370566
1458.0,1377,75.503362
