# {"t_start": 1680791430.9114149, "env_id": "AssaultNoFrameskip-v4"} 
r,l,t
2677.0,2626,22.976385
1542.0,1231,33.673252
2213.0,2019,52.797453
1134.0,1004,61.125651
1984.0,1645,75.280594
