# {"t_start": 1681012345.038597, "env_id": "AssaultNoFrameskip-v4"} 
r,l,t
2225.0,1850,14.59342
2360.0,2103,30.60939
2394.0,2243,46.884192
1795.0,1668,59.190096
1322.0,1389,69.370657
