# {"t_start": 1680791430.1366436, "env_id": "AssaultNoFrameskip-v4"} 
r,l,t
1396.0,1252,11.429343
1165.0,993,20.250098
913.0,752,26.870543
2310.0,2174,46.742311
1184.0,983,55.834347
1742.0,1568,68.651529
1690.0,1509,82.349835
