# {"t_start": 1681012344.5522547, "env_id": "AssaultNoFrameskip-v4"} 
r,l,t
2583.0,2444,19.873175
1668.0,1434,30.504006
1270.0,1257,39.570487
1869.0,1814,52.904615
1511.0,1255,62.195465
1344.0,1176,70.740376
