# {"t_start": 1680791430.2559292, "env_id": "AssaultNoFrameskip-v4"} 
r,l,t
1059.0,878,8.004767
1438.0,1170,18.143685
1290.0,1094,27.938582
1018.0,810,34.955675
2183.0,2065,54.557341
1731.0,1526,67.128757
1741.0,1501,80.418769
