# {"t_start": 1681012344.5921276, "env_id": "AssaultNoFrameskip-v4"} 
r,l,t
1805.0,1606,13.118692
902.0,800,19.383674
1879.0,1558,31.053771
840.0,836,37.125109
2268.0,1961,51.365288
1908.0,1678,63.65808
