# {"t_start": 1680791430.2704506, "env_id": "AssaultNoFrameskip-v4"} 
r,l,t
1521.0,1200,10.941404
1207.0,1135,20.900506
1396.0,1181,31.497824
1163.0,1020,40.598694
1133.0,957,49.545047
1155.0,1067,58.809712
3002.0,2929,84.732304
