# {"t_start": 1681012344.6288142, "env_id": "AssaultNoFrameskip-v4"} 
r,l,t
1795.0,1530,12.40667
1794.0,1679,25.675101
944.0,799,31.364978
1553.0,1305,40.750662
1753.0,1514,51.824446
1164.0,1085,59.840445
1501.0,1346,69.650621
