# {"t_start": 1680791430.3231823, "env_id": "AssaultNoFrameskip-v4"} 
r,l,t
2383.0,2240,20.142596
1165.0,1083,29.790179
1837.0,1757,45.673862
2740.0,2525,67.726829
2036.0,1912,85.141117
