# {"t_start": 1681012344.673502, "env_id": "AssaultNoFrameskip-v4"} 
r,l,t
1596.0,1374,11.123808
1962.0,1723,24.7874
1458.0,1371,34.724089
1826.0,1633,46.44006
1175.0,984,53.727229
1994.0,1888,67.592776
