# {"t_start": 1680791430.399705, "env_id": "AssaultNoFrameskip-v4"} 
r,l,t
1532.0,1193,10.713625
1290.0,1137,20.714822
1722.0,1568,34.431938
1532.0,1318,46.97301
1774.0,1598,60.855644
1827.0,1644,75.039821
944.0,933,83.543889
