# {"t_start": 1681012344.7033272, "env_id": "AssaultNoFrameskip-v4"} 
r,l,t
1720.0,1537,12.399711
1942.0,1627,25.250007
974.0,1027,32.605784
1889.0,1710,44.846211
1386.0,1190,53.755685
2110.0,1708,66.244217
1375.0,1215,75.081492
