# {"t_start": 1681012344.7401845, "env_id": "AssaultNoFrameskip-v4"} 
r,l,t
1280.0,1076,8.752383
1731.0,1835,23.291261
1312.0,1301,32.742805
1175.0,1003,39.925218
2203.0,2011,54.748381
1270.0,1180,63.2587
