# {"t_start": 1680791430.4547095, "env_id": "AssaultNoFrameskip-v4"} 
r,l,t
2761.0,2564,22.984986
1753.0,1427,35.4351
944.0,805,42.894163
1290.0,1091,53.255073
1742.0,1667,67.123502
1575.0,1505,80.487472
