# {"t_start": 1681012344.7796497, "env_id": "AssaultNoFrameskip-v4"} 
r,l,t
1386.0,1240,9.979429
1207.0,985,17.740061
1804.0,1663,30.253223
1016.0,1132,38.51761
1374.0,1371,48.467263
1333.0,1211,57.356041
2582.0,2170,73.22332
