# {"t_start": 1680791430.5098999, "env_id": "AssaultNoFrameskip-v4"} 
r,l,t
1553.0,1360,11.82012
1280.0,1015,21.051913
1984.0,1759,36.675065
787.0,869,44.6685
976.0,923,53.545159
2004.0,1886,69.041651
2646.0,2266,89.649091
