# {"t_start": 1680791430.5415547, "env_id": "AssaultNoFrameskip-v4"} 
r,l,t
2330.0,1925,16.87021
1185.0,1016,25.923473
1511.0,1371,38.387851
1091.0,1019,47.877717
798.0,736,54.675358
1238.0,1023,62.991774
1553.0,1315,74.265801
1008.0,928,82.786153
