# {"t_start": 1681012344.818717, "env_id": "AssaultNoFrameskip-v4"} 
r,l,t
1426.0,1541,12.338674
1206.0,1080,20.929376
1585.0,1320,30.639145
2120.0,2043,45.407512
2109.0,1928,59.745865
