# {"t_start": 1680966227.5698493, "env_id": "TimePilotNoFrameskip-v4"} 
r,l,t
500.0,904,9.340181
500.0,823,17.093222
500.0,822,25.059392
500.0,819,33.007096
500.0,821,40.897485
500.0,821,48.865785
