# {"t_start": 1680966227.6548207, "env_id": "TimePilotNoFrameskip-v4"} 
r,l,t
500.0,906,9.295016
400.0,822,17.039964
500.0,819,24.931249
500.0,819,32.86289
500.0,822,40.781043
500.0,818,48.701446
