# {"t_start": 1680966228.2995996, "env_id": "TimePilotNoFrameskip-v4"} 
r,l,t
500.0,907,8.686543
500.0,818,16.300362
500.0,818,24.164724
500.0,819,32.114544
500.0,818,39.957096
500.0,823,48.008685
400.0,821,55.871552
