# {"t_start": 1680966228.363883, "env_id": "TimePilotNoFrameskip-v4"} 
r,l,t
500.0,902,8.479113
500.0,824,16.268919
500.0,823,24.265214
500.0,818,32.183393
500.0,822,40.103316
400.0,821,48.073338
