# {"t_start": 1680966228.4209342, "env_id": "TimePilotNoFrameskip-v4"} 
r,l,t
500.0,904,8.489694
500.0,817,16.074292
500.0,820,24.006729
500.0,823,32.034107
500.0,821,39.957376
500.0,824,47.983586
