# {"t_start": 1680966228.4645429, "env_id": "TimePilotNoFrameskip-v4"} 
r,l,t
500.0,908,8.551895
500.0,824,16.29764
400.0,822,24.270114
500.0,819,32.233877
500.0,817,40.031709
500.0,820,47.971543
