# {"t_start": 1680966228.5913746, "env_id": "TimePilotNoFrameskip-v4"} 
r,l,t
500.0,907,8.394291
500.0,819,16.041926
500.0,821,23.995349
500.0,818,31.896157
500.0,817,39.704118
400.0,820,47.689914
400.0,824,55.619298
