# {"t_start": 1680966228.6553223, "env_id": "TimePilotNoFrameskip-v4"} 
r,l,t
500.0,904,8.256311
500.0,824,16.041678
400.0,819,23.932208
500.0,820,31.892225
500.0,819,39.755852
500.0,824,47.781718
