# {"t_start": 1680966227.7285419, "env_id": "TimePilotNoFrameskip-v4"} 
r,l,t
500.0,904,9.182413
400.0,819,16.833464
400.0,822,24.79653
500.0,819,32.725256
500.0,824,40.707268
500.0,824,48.770446
