# {"t_start": 1680966227.797614, "env_id": "TimePilotNoFrameskip-v4"} 
r,l,t
500.0,906,9.151805
500.0,819,16.801172
400.0,819,24.698636
500.0,824,32.780135
500.0,817,40.580698
500.0,818,48.509367
400.0,823,56.412723
