# {"t_start": 1680966227.8782763, "env_id": "TimePilotNoFrameskip-v4"} 
r,l,t
500.0,908,9.137667
400.0,820,16.816423
500.0,824,24.820489
400.0,822,32.855353
500.0,819,40.684793
500.0,824,48.710434
