# {"t_start": 1680966227.9066856, "env_id": "TimePilotNoFrameskip-v4"} 
r,l,t
500.0,902,8.935998
500.0,817,16.551022
400.0,820,24.481266
400.0,819,32.422704
400.0,820,40.310625
500.0,821,48.325984
500.0,820,56.196667
