# {"t_start": 1680966228.0280042, "env_id": "TimePilotNoFrameskip-v4"} 
r,l,t
500.0,906,8.922333
500.0,819,16.571528
500.0,821,24.526114
500.0,819,32.458972
400.0,818,40.302416
500.0,823,48.328002
