# {"t_start": 1680966228.0903847, "env_id": "TimePilotNoFrameskip-v4"} 
r,l,t
500.0,903,8.787578
500.0,819,16.441015
400.0,824,24.463441
500.0,824,32.534077
500.0,824,40.499725
500.0,822,48.471735
