# {"t_start": 1680966228.1663225, "env_id": "TimePilotNoFrameskip-v4"} 
r,l,t
500.0,906,8.783871
500.0,821,16.49708
400.0,823,24.494855
500.0,821,32.494077
500.0,821,40.369467
500.0,819,48.302215
