# {"t_start": 1680966228.193974, "env_id": "TimePilotNoFrameskip-v4"} 
r,l,t
500.0,902,8.64949
500.0,817,16.264022
500.0,818,24.155955
500.0,822,32.167455
500.0,819,40.023119
500.0,821,48.038972
500.0,820,55.91001
