# {"t_start": 1681289806.9236283, "env_id": "FreewayNoFrameskip-v4"} 
r,l,t
0.0,2045,23.319259
0.0,2042,46.538459
0.0,2043,69.711526
0.0,2048,93.741295
0.0,2041,117.080605
0.0,2042,140.682436
