# {"t_start": 1681289806.9706626, "env_id": "FreewayNoFrameskip-v4"} 
r,l,t
0.0,2047,23.367038
0.0,2044,46.670176
0.0,2047,69.917102
0.0,2046,93.899993
0.0,2042,117.307002
0.0,2048,140.971719
