# {"t_start": 1681289807.395124, "env_id": "FreewayNoFrameskip-v4"} 
r,l,t
0.0,2047,22.955049
0.0,2047,46.337624
0.0,2046,69.555423
0.0,2043,93.42257
0.0,2041,116.814917
0.0,2044,140.404891
