# {"t_start": 1681289807.453783, "env_id": "FreewayNoFrameskip-v4"} 
r,l,t
0.0,2047,22.895671
0.0,2043,46.138038
0.0,2045,69.324821
0.0,2042,93.152256
0.0,2041,116.504
0.0,2044,140.18837
