# {"t_start": 1681289807.542203, "env_id": "FreewayNoFrameskip-v4"} 
r,l,t
0.0,2044,22.647267
0.0,2048,46.13736
0.0,2043,69.238089
0.0,2043,93.12428
0.0,2042,116.51897
0.0,2048,140.257415
