# {"t_start": 1681289807.588431, "env_id": "FreewayNoFrameskip-v4"} 
r,l,t
0.0,2044,22.601561
0.0,2041,45.797428
0.0,2045,69.046155
0.0,2046,92.96674
0.0,2047,116.585013
0.0,2043,140.160294
