# {"t_start": 1681289807.6602695, "env_id": "FreewayNoFrameskip-v4"} 
r,l,t
0.0,2041,22.403276
0.0,2043,45.669415
0.0,2042,68.845856
0.0,2044,92.702489
0.0,2044,116.180822
0.0,2043,139.873777
0.0,2042,163.303571
