# {"t_start": 1681289807.6985009, "env_id": "FreewayNoFrameskip-v4"} 
r,l,t
0.0,2041,22.367139
0.0,2043,45.630481
0.0,2044,68.866175
0.0,2045,92.747388
0.0,2048,116.409609
0.0,2042,139.978897
