# {"t_start": 1681289807.1539402, "env_id": "FreewayNoFrameskip-v4"} 
r,l,t
0.0,2041,22.908968
0.0,2041,46.080495
0.0,2044,69.352361
0.0,2043,93.167876
0.0,2044,116.640261
0.0,2044,140.382139
0.0,2043,163.846718
