# {"t_start": 1681289807.0683074, "env_id": "FreewayNoFrameskip-v4"} 
r,l,t
0.0,2046,23.222444
0.0,2043,46.471679
0.0,2045,69.666772
0.0,2043,93.534426
0.0,2042,116.935332
0.0,2047,140.679196
