# {"t_start": 1681289807.1476378, "env_id": "FreewayNoFrameskip-v4"} 
r,l,t
0.0,2043,22.991813
0.0,2043,46.283992
0.0,2048,69.588332
0.0,2047,93.595464
0.0,2048,117.227073
0.0,2046,140.830876
