# {"t_start": 1681289807.15019, "env_id": "FreewayNoFrameskip-v4"} 
r,l,t
0.0,2045,23.096387
0.0,2045,46.440964
0.0,2047,69.683481
0.0,2045,93.630083
0.0,2045,117.159537
0.0,2043,140.724692
