# {"t_start": 1681289807.202892, "env_id": "FreewayNoFrameskip-v4"} 
r,l,t
0.0,2042,22.899565
0.0,2041,46.070426
0.0,2041,69.259898
0.0,2046,93.15838
0.0,2042,116.547555
0.0,2045,140.331449
0.0,2044,163.831463
