# {"t_start": 1681289807.237928, "env_id": "FreewayNoFrameskip-v4"} 
r,l,t
0.0,2047,23.10511
0.0,2042,46.300828
0.0,2042,69.432073
0.0,2042,93.202376
0.0,2042,116.651783
0.0,2047,140.403163
0.0,2045,163.89618
