# {"t_start": 1681289807.277729, "env_id": "FreewayNoFrameskip-v4"} 
r,l,t
0.0,2041,22.785784
0.0,2047,46.22833
0.0,2046,69.459223
0.0,2041,93.227684
0.0,2045,116.783078
0.0,2045,140.437536
