# {"t_start": 1681289807.3187187, "env_id": "FreewayNoFrameskip-v4"} 
r,l,t
0.0,2044,22.870849
0.0,2041,46.066847
0.0,2044,69.282841
0.0,2047,93.236034
0.0,2045,116.785272
0.0,2048,140.520674
