# {"t_start": 1681274972.3166883, "env_id": "AsteroidsNoFrameskip-v4"} 
r,l,t
980.0,362,4.348379
730.0,327,7.659127
630.0,292,11.240645
680.0,326,15.214074
680.0,316,19.018725
540.0,229,21.19135
730.0,423,25.141284
