# {"t_start": 1681274972.3682263, "env_id": "AsteroidsNoFrameskip-v4"} 
r,l,t
780.0,293,3.542484
580.0,285,6.384362
780.0,293,9.734711
830.0,333,13.875836
630.0,249,16.823522
680.0,326,20.40419
780.0,340,23.528587
680.0,298,26.264038
