# {"t_start": 1681274972.944017, "env_id": "AsteroidsNoFrameskip-v4"} 
r,l,t
480.0,304,3.118408
480.0,304,6.145034
830.0,333,10.057431
630.0,327,14.100854
680.0,316,17.95649
780.0,317,21.063488
430.0,311,23.910911
580.0,285,26.503943
