# {"t_start": 1681274973.0048206, "env_id": "AsteroidsNoFrameskip-v4"} 
r,l,t
730.0,423,4.238165
630.0,327,7.690493
780.0,331,11.745541
540.0,229,14.580391
680.0,316,18.380334
580.0,285,21.113985
