# {"t_start": 1681274973.007416, "env_id": "AsteroidsNoFrameskip-v4"} 
r,l,t
1300.0,1558,18.115091
480.0,304,21.056705
630.0,292,23.696554
