# {"t_start": 1681274973.0318878, "env_id": "AsteroidsNoFrameskip-v4"} 
r,l,t
780.0,317,3.19561
730.0,374,6.984732
780.0,413,12.071326
780.0,359,16.416923
730.0,423,20.898296
630.0,292,23.564961
