# {"t_start": 1681274973.192927, "env_id": "AsteroidsNoFrameskip-v4"} 
r,l,t
430.0,311,2.95527
580.0,368,6.638242
580.0,477,12.615172
780.0,323,16.524124
