# {"t_start": 1681274973.1988149, "env_id": "AsteroidsNoFrameskip-v4"} 
r,l,t
430.0,311,2.948579
630.0,327,6.242609
580.0,285,9.5822
980.0,362,14.072257
480.0,304,17.765592
430.0,357,21.230597
780.0,340,24.391108
