# {"t_start": 1681274972.4447958, "env_id": "AsteroidsNoFrameskip-v4"} 
r,l,t
430.0,311,3.702908
680.0,316,6.855172
580.0,285,10.115367
630.0,292,13.798537
580.0,285,17.238698
780.0,323,20.676783
580.0,368,24.060443
