# {"t_start": 1681274972.5031266, "env_id": "AsteroidsNoFrameskip-v4"} 
r,l,t
830.0,333,3.894185
630.0,249,6.311037
780.0,331,10.101399
630.0,249,13.211645
430.0,357,17.618033
1320.0,952,26.895418
