# {"t_start": 1681274972.6675105, "env_id": "AsteroidsNoFrameskip-v4"} 
r,l,t
630.0,249,2.821549
630.0,327,6.052664
1030.0,682,14.409327
480.0,304,18.092553
680.0,326,21.299204
780.0,359,24.619739
