# {"t_start": 1681274972.6448352, "env_id": "AsteroidsNoFrameskip-v4"} 
r,l,t
680.0,298,3.338832
780.0,413,7.608299
730.0,423,12.81257
780.0,331,16.856889
780.0,331,20.407279
630.0,327,23.408908
680.0,326,26.426286
