# {"t_start": 1681274972.632685, "env_id": "AsteroidsNoFrameskip-v4"} 
r,l,t
580.0,477,5.148379
680.0,316,8.5821
430.0,311,12.470894
780.0,359,16.813184
630.0,249,19.59175
780.0,413,23.459844
