# {"t_start": 1681274972.7136207, "env_id": "AsteroidsNoFrameskip-v4"} 
r,l,t
730.0,423,4.529681
580.0,477,9.808643
580.0,477,15.821947
730.0,327,19.555295
580.0,477,24.052854
