# {"t_start": 1681274972.8547757, "env_id": "AsteroidsNoFrameskip-v4"} 
r,l,t
430.0,311,3.293169
780.0,293,6.183928
780.0,340,10.23131
430.0,311,14.023144
680.0,298,17.669194
630.0,413,21.780105
780.0,340,24.897369
