# {"t_start": 1681274972.8259413, "env_id": "AsteroidsNoFrameskip-v4"} 
r,l,t
780.0,317,3.401893
680.0,316,6.552447
780.0,317,10.365755
780.0,457,15.950005
780.0,413,20.469601
680.0,326,23.466393
630.0,292,26.138995
