# {"t_start": 1681362002.7310085, "env_id": "SkiingNoFrameskip-v4"} 
r,l,t
-29993.0,4506,35.102322
-29972.0,4503,66.996807
-29993.0,4506,101.74947
-29985.0,4505,138.155589
-29962.0,4502,175.187049
-29997.0,4507,213.796519
