# {"t_start": 1681362002.7756248, "env_id": "SkiingNoFrameskip-v4"} 
r,l,t
-29953.0,4500,34.906271
-29950.0,4500,66.732918
-29972.0,4503,101.455213
-29965.0,4502,137.805022
-29972.0,4503,174.849358
-29973.0,4503,213.423198
-29967.0,4502,252.059114
