# {"t_start": 1681362003.1676314, "env_id": "SkiingNoFrameskip-v4"} 
r,l,t
-29992.0,4506,34.665469
-29963.0,4502,66.53247
-29977.0,4504,101.249126
-29955.0,4501,137.564001
-29950.0,4500,174.556658
-29972.0,4503,213.135647
