# {"t_start": 1681362003.2108872, "env_id": "SkiingNoFrameskip-v4"} 
r,l,t
-29968.0,4503,34.553411
-29995.0,4507,66.543346
-29965.0,4502,101.206298
-29967.0,4502,137.55353
-29960.0,4501,174.568044
-29997.0,4507,213.191867
