# {"t_start": 1681362003.254942, "env_id": "SkiingNoFrameskip-v4"} 
r,l,t
-29970.0,4503,34.510014
-29952.0,4500,66.340414
-29975.0,4504,101.06275
-29983.0,4505,137.450119
-29992.0,4506,174.591799
-29965.0,4502,213.115833
