# {"t_start": 1681362003.2956257, "env_id": "SkiingNoFrameskip-v4"} 
r,l,t
-29953.0,4500,34.386777
-29967.0,4502,66.271438
-29957.0,4501,100.935206
-29973.0,4503,137.31308
-29968.0,4503,174.360728
-29962.0,4502,212.901877
-29960.0,4501,251.513686
