# {"t_start": 1681362003.3391004, "env_id": "SkiingNoFrameskip-v4"} 
r,l,t
-29953.0,4500,34.343586
-29963.0,4502,66.227163
-29972.0,4503,100.929249
-29980.0,4504,137.308072
-29995.0,4507,174.460177
-29958.0,4501,212.989872
