# {"t_start": 1681362003.3826323, "env_id": "SkiingNoFrameskip-v4"} 
r,l,t
-29992.0,4506,34.449709
-29965.0,4502,66.318272
-29993.0,4506,101.07096
-29965.0,4502,137.419593
-29982.0,4505,174.50806
-29968.0,4503,213.070807
