# {"t_start": 1681362002.8182456, "env_id": "SkiingNoFrameskip-v4"} 
r,l,t
-29985.0,4505,34.986687
-29962.0,4502,66.853728
-29977.0,4504,101.571755
-29962.0,4502,137.913014
-29958.0,4501,174.931097
-29990.0,4506,213.552199
