# {"t_start": 1681362002.8634756, "env_id": "SkiingNoFrameskip-v4"} 
r,l,t
-29962.0,4502,34.871886
-29963.0,4502,66.754826
-29998.0,4507,101.527073
-29995.0,4507,137.977544
-29997.0,4507,175.113536
-29983.0,4505,213.68832
