# {"t_start": 1681362002.9069512, "env_id": "SkiingNoFrameskip-v4"} 
r,l,t
-29982.0,4505,34.897006
-29975.0,4504,66.820682
-29992.0,4506,101.572691
-29977.0,4504,137.956128
-29977.0,4504,175.034836
-29963.0,4502,213.572989
