# {"t_start": 1681362002.9505227, "env_id": "SkiingNoFrameskip-v4"} 
r,l,t
-29957.0,4501,34.75822
-29950.0,4500,66.587291
-29953.0,4500,101.249366
-29983.0,4505,137.657106
-29962.0,4502,174.673527
-29975.0,4504,213.281512
-29968.0,4503,251.918138
