# {"t_start": 1681362002.9911473, "env_id": "SkiingNoFrameskip-v4"} 
r,l,t
-29992.0,4506,34.841842
-29957.0,4501,66.681376
-29957.0,4501,101.35328
-29960.0,4501,137.655812
-29957.0,4501,174.693684
-29988.0,4506,213.311468
-29978.0,4504,251.934453
