# {"t_start": 1681362003.0356174, "env_id": "SkiingNoFrameskip-v4"} 
r,l,t
-29953.0,4500,34.646539
-29993.0,4506,66.614874
-29987.0,4505,101.355403
-29953.0,4500,137.645097
-29982.0,4505,174.763535
-29978.0,4504,213.335009
