# {"t_start": 1681362003.079246, "env_id": "SkiingNoFrameskip-v4"} 
r,l,t
-29970.0,4503,34.685606
-29950.0,4500,66.514965
-29970.0,4503,101.212735
-29988.0,4506,137.625205
-29975.0,4504,174.721724
-29997.0,4507,213.350233
