# {"t_start": 1681362003.1238673, "env_id": "SkiingNoFrameskip-v4"} 
r,l,t
-29995.0,4507,34.736407
-29995.0,4507,66.68444
-29985.0,4505,101.413617
-29963.0,4502,137.789361
-29950.0,4500,174.766711
-29970.0,4503,213.330188
