# {"t_start": 1680812442.3602345, "env_id": "AsteroidsNoFrameskip-v4"} 
r,l,t
110.0,471,5.929472
110.0,472,10.802952
110.0,468,15.829709
110.0,468,20.843175
110.0,471,25.772178
110.0,467,30.536778
110.0,474,35.550421
