# {"t_start": 1680891669.140997, "env_id": "AsteroidsNoFrameskip-v4"} 
r,l,t
730.0,294,3.834105
980.0,606,9.841291
730.0,511,14.595724
730.0,511,19.672308
880.0,476,24.275395
830.0,697,30.910639
830.0,471,35.349578
