# {"t_start": 1680812442.49065, "env_id": "AsteroidsNoFrameskip-v4"} 
r,l,t
110.0,469,5.761656
110.0,469,10.550398
110.0,472,15.669246
110.0,468,20.673215
110.0,475,25.702909
110.0,475,30.599772
