# {"t_start": 1680891669.232936, "env_id": "AsteroidsNoFrameskip-v4"} 
r,l,t
830.0,1083,11.639895
630.0,325,14.602068
980.0,606,20.656613
480.0,281,23.25504
730.0,410,27.210129
730.0,410,31.019771
730.0,511,35.847372
