# {"t_start": 1680891669.8818893, "env_id": "AsteroidsNoFrameskip-v4"} 
r,l,t
880.0,762,7.809596
780.0,438,12.054464
730.0,454,16.399201
880.0,762,23.827751
880.0,476,28.360507
830.0,358,31.704196
730.0,454,35.973188
