# {"t_start": 1680812443.201164, "env_id": "AsteroidsNoFrameskip-v4"} 
r,l,t
110.0,467,4.993696
110.0,474,9.910979
110.0,472,15.04851
110.0,467,20.032719
110.0,471,24.954858
140.0,700,32.168445
