# {"t_start": 1680812443.303693, "env_id": "AsteroidsNoFrameskip-v4"} 
r,l,t
110.0,469,4.948733
110.0,466,9.674394
110.0,469,14.741743
110.0,474,19.859774
110.0,470,24.789847
110.0,475,29.685994
