# {"t_start": 1680891669.9960654, "env_id": "AsteroidsNoFrameskip-v4"} 
r,l,t
830.0,1083,10.87765
830.0,519,15.856048
830.0,1083,26.482633
730.0,791,33.897923
