# {"t_start": 1680891670.0200958, "env_id": "AsteroidsNoFrameskip-v4"} 
r,l,t
730.0,410,4.111677
730.0,410,8.154447
980.0,606,13.898027
730.0,511,18.942709
830.0,519,23.985252
830.0,1083,34.295857
