# {"t_start": 1680812443.4421334, "env_id": "AsteroidsNoFrameskip-v4"} 
r,l,t
110.0,475,4.943995
110.0,475,9.855553
110.0,472,14.965263
110.0,468,19.993589
110.0,466,24.818606
110.0,469,29.60265
