# {"t_start": 1680891670.0960867, "env_id": "AsteroidsNoFrameskip-v4"} 
r,l,t
830.0,471,4.658842
730.0,511,9.694831
830.0,648,15.927529
830.0,337,19.176278
830.0,519,24.209915
780.0,660,30.455196
