# {"t_start": 1680812443.475589, "env_id": "AsteroidsNoFrameskip-v4"} 
r,l,t
110.0,474,4.881198
110.0,468,9.661787
110.0,470,14.743914
110.0,467,19.729103
110.0,466,24.535258
110.0,470,29.390668
110.0,475,34.410703
