# {"t_start": 1680891670.1522944, "env_id": "AsteroidsNoFrameskip-v4"} 
r,l,t
830.0,534,5.240426
730.0,410,9.261751
630.0,325,12.363924
830.0,1048,22.533357
780.0,329,25.706205
980.0,786,33.108602
