# {"t_start": 1680812443.5554662, "env_id": "AsteroidsNoFrameskip-v4"} 
r,l,t
110.0,469,4.696475
110.0,475,9.638975
110.0,469,14.694612
110.0,469,19.729106
110.0,468,24.57657
110.0,475,29.490894
