# {"t_start": 1680812443.7200267, "env_id": "AsteroidsNoFrameskip-v4"} 
r,l,t
110.0,469,4.53268
110.0,467,9.283936
110.0,470,14.371134
110.0,471,19.418241
110.0,474,24.438058
110.0,469,29.224925
