# {"t_start": 1680891670.2301335, "env_id": "AsteroidsNoFrameskip-v4"} 
r,l,t
830.0,1083,10.64273
830.0,375,14.16435
880.0,1036,24.347283
730.0,294,27.105509
830.0,471,31.553818
630.0,325,34.541697
