# {"t_start": 1680891669.2989233, "env_id": "AsteroidsNoFrameskip-v4"} 
r,l,t
830.0,415,4.890249
780.0,329,8.101784
630.0,325,11.218327
980.0,786,18.843844
830.0,519,23.867433
830.0,337,27.081068
830.0,471,31.498948
