# {"t_start": 1680812442.4882638, "env_id": "AsteroidsNoFrameskip-v4"} 
r,l,t
140.0,700,8.119549
110.0,468,13.118606
110.0,469,18.209965
110.0,475,23.188708
110.0,466,28.036799
110.0,467,32.795818
