# {"t_start": 1680891669.3840802, "env_id": "AsteroidsNoFrameskip-v4"} 
r,l,t
780.0,438,5.029335
780.0,660,11.545215
780.0,438,15.715489
980.0,606,21.594992
480.0,281,24.26682
980.0,786,31.805285
730.0,454,36.067931
