# {"t_start": 1680812442.5745807, "env_id": "AsteroidsNoFrameskip-v4"} 
r,l,t
110.0,474,5.782527
110.0,470,10.618848
110.0,474,15.774211
110.0,472,20.860294
110.0,468,25.726008
110.0,475,30.603957
