# {"t_start": 1680891669.463965, "env_id": "AsteroidsNoFrameskip-v4"} 
r,l,t
880.0,762,8.227028
830.0,519,13.272394
780.0,660,19.653473
630.0,325,22.731263
780.0,660,29.120847
880.0,628,34.996249
