# {"t_start": 1680812442.6923816, "env_id": "AsteroidsNoFrameskip-v4"} 
r,l,t
110.0,467,5.502534
110.0,466,10.244285
110.0,470,15.319816
110.0,469,20.343824
110.0,470,25.258902
110.0,470,30.137799
110.0,469,35.085716
