# {"t_start": 1680812442.7544851, "env_id": "AsteroidsNoFrameskip-v4"} 
r,l,t
110.0,472,5.560875
110.0,468,10.328239
110.0,470,15.40729
110.0,468,20.409197
110.0,468,25.283582
110.0,474,30.190991
