# {"t_start": 1680891669.4912007, "env_id": "AsteroidsNoFrameskip-v4"} 
r,l,t
980.0,606,6.606027
480.0,281,9.341447
830.0,648,15.575316
480.0,281,18.253652
630.0,356,21.705087
980.0,923,30.559581
