# {"t_start": 1680812442.9037669, "env_id": "AsteroidsNoFrameskip-v4"} 
r,l,t
110.0,468,5.318455
110.0,468,10.100916
110.0,475,15.285675
110.0,475,20.477886
110.0,475,25.441557
110.0,471,30.250468
