# {"t_start": 1680891669.5817819, "env_id": "AsteroidsNoFrameskip-v4"} 
r,l,t
480.0,281,3.254013
730.0,511,8.306107
1080.0,1007,18.098173
730.0,410,22.084769
980.0,786,29.646272
730.0,294,32.397743
730.0,454,36.675799
