# {"t_start": 1680891669.7048583, "env_id": "AsteroidsNoFrameskip-v4"} 
r,l,t
880.0,476,5.114273
880.0,1036,15.226695
830.0,471,19.857872
830.0,648,26.088557
830.0,648,32.302911
730.0,511,37.118576
