# {"t_start": 1680812442.9603329, "env_id": "AsteroidsNoFrameskip-v4"} 
r,l,t
110.0,471,5.329642
110.0,470,10.150611
110.0,474,15.334487
110.0,470,20.377804
110.0,470,25.273591
110.0,468,30.030285
