# {"t_start": 1680812443.049597, "env_id": "AsteroidsNoFrameskip-v4"} 
r,l,t
110.0,467,5.147017
110.0,466,9.889133
110.0,467,14.922643
110.0,471,19.959194
110.0,468,24.858869
110.0,470,29.740311
110.0,469,34.683605
