# {"t_start": 1680891669.7612185, "env_id": "AsteroidsNoFrameskip-v4"} 
r,l,t
830.0,697,7.268978
830.0,519,12.334667
880.0,762,19.731704
730.0,294,22.514351
480.0,281,25.202363
880.0,1036,35.068448
