# {"t_start": 1680812443.177678, "env_id": "AsteroidsNoFrameskip-v4"} 
r,l,t
110.0,474,5.180139
110.0,467,9.932028
110.0,467,14.950014
110.0,468,19.923064
110.0,467,24.799073
110.0,474,29.717983
