# {"t_start": 1680891669.8234262, "env_id": "AsteroidsNoFrameskip-v4"} 
r,l,t
830.0,471,4.931176
830.0,697,11.785755
830.0,697,18.524959
780.0,329,21.693685
830.0,697,28.389438
730.0,791,35.916136
