# {"t_start": 1681398042.0627873, "env_id": "MsPacmanNoFrameskip-v4"} 
r,l,t
1860.0,820,9.865954
2520.0,1161,23.55582
2520.0,1164,37.023392
1480.0,1195,50.808505
1480.0,1200,64.819134
1480.0,1200,78.96698
