# {"t_start": 1681398042.1596239, "env_id": "MsPacmanNoFrameskip-v4"} 
r,l,t
1860.0,924,10.935399
1860.0,921,21.840473
2520.0,1161,35.352816
1860.0,824,44.852112
1860.0,817,54.336583
1480.0,1194,68.296756
