# {"t_start": 1681398042.6215458, "env_id": "MsPacmanNoFrameskip-v4"} 
r,l,t
1860.0,820,9.306992
1860.0,817,18.892331
1860.0,820,28.540581
1480.0,1199,42.365363
1480.0,1197,56.24521
1860.0,824,65.781512
2520.0,1161,79.503227
