# {"t_start": 1681398042.5418532, "env_id": "MsPacmanNoFrameskip-v4"} 
r,l,t
1480.0,1200,13.766933
1480.0,1200,27.963208
2520.0,1164,41.344877
1860.0,819,50.921895
1860.0,817,60.314122
1860.0,820,70.08773
