# {"t_start": 1681398042.568052, "env_id": "MsPacmanNoFrameskip-v4"} 
r,l,t
2520.0,1165,13.301011
1860.0,819,23.126926
1860.0,821,32.643
1480.0,1194,46.361387
1860.0,817,55.873195
2520.0,1162,69.568843
