# {"t_start": 1681398042.6038783, "env_id": "MsPacmanNoFrameskip-v4"} 
r,l,t
1480.0,1196,13.629194
1480.0,1200,27.83661
2520.0,1161,41.161673
1860.0,922,51.982898
1860.0,921,62.625422
1860.0,824,72.438877
