# {"t_start": 1681398042.651152, "env_id": "MsPacmanNoFrameskip-v4"} 
r,l,t
1860.0,820,9.277885
2520.0,1159,22.922408
1480.0,1197,36.792191
1860.0,822,46.247541
2520.0,1165,59.77897
2520.0,1161,73.58504
