# {"t_start": 1681398042.6797912, "env_id": "MsPacmanNoFrameskip-v4"} 
r,l,t
1860.0,920,10.360082
1860.0,922,21.259642
1860.0,818,30.841177
1860.0,923,41.447255
1480.0,1196,55.351026
1480.0,1195,69.374655
1860.0,921,80.12217
