# {"t_start": 1681398042.320029, "env_id": "MsPacmanNoFrameskip-v4"} 
r,l,t
1860.0,926,10.82073
2520.0,1162,24.567694
1860.0,926,35.300975
2520.0,1164,48.670218
1480.0,1195,62.606195
1860.0,824,72.388335
