# {"t_start": 1681398042.1876047, "env_id": "MsPacmanNoFrameskip-v4"} 
r,l,t
1860.0,920,10.846913
1860.0,817,20.535653
2520.0,1162,34.124047
2520.0,1161,47.426883
2520.0,1162,60.969406
1860.0,923,71.937586
