# {"t_start": 1681398042.2742898, "env_id": "MsPacmanNoFrameskip-v4"} 
r,l,t
2520.0,1164,13.562982
1480.0,1195,27.672293
1860.0,821,37.244974
1480.0,1195,51.037833
2520.0,1160,64.518405
1860.0,823,74.377895
