# {"t_start": 1681398042.2659013, "env_id": "MsPacmanNoFrameskip-v4"} 
r,l,t
1480.0,1195,13.936711
1860.0,819,23.779993
2520.0,1166,37.253608
1480.0,1200,51.127276
1860.0,824,60.677687
1860.0,822,70.462638
