# {"t_start": 1681398042.342735, "env_id": "MsPacmanNoFrameskip-v4"} 
r,l,t
1480.0,1198,13.928874
1480.0,1197,28.065902
2520.0,1165,41.476189
1860.0,821,51.072789
1860.0,821,60.558107
1860.0,819,70.319504
1860.0,824,79.880036
