# {"t_start": 1681398042.3635664, "env_id": "MsPacmanNoFrameskip-v4"} 
r,l,t
1860.0,818,9.523293
1860.0,817,19.096466
1860.0,920,29.903219
1860.0,822,39.334268
1480.0,1195,53.291986
1480.0,1197,67.27527
