# {"t_start": 1681398042.416643, "env_id": "MsPacmanNoFrameskip-v4"} 
r,l,t
2520.0,1165,13.45422
1860.0,818,23.244969
1860.0,818,32.723655
1860.0,921,43.354197
1860.0,818,52.87588
1480.0,1199,66.85094
2520.0,1163,80.475192
