# {"t_start": 1681398042.4458714, "env_id": "MsPacmanNoFrameskip-v4"} 
r,l,t
1860.0,920,10.591287
1860.0,926,21.582715
1860.0,925,32.335973
1860.0,920,42.954065
1480.0,1198,56.878769
2520.0,1163,70.609904
