# {"t_start": 1680983913.422135, "env_id": "SkiingNoFrameskip-v4"} 
r,l,t
-8996.0,526,4.923032
-8998.0,526,9.375859
-8976.0,523,13.974159
-8976.0,523,18.55962
-8995.0,526,23.308795
-8970.0,522,27.845946
