# {"t_start": 1680983913.4638839, "env_id": "SkiingNoFrameskip-v4"} 
r,l,t
-8983.0,524,4.821039
-8978.0,523,9.199142
-8998.0,526,13.877263
-8975.0,523,18.465245
-9008.0,528,23.266996
-9008.0,528,27.941418
