# {"t_start": 1680983913.7724628, "env_id": "SkiingNoFrameskip-v4"} 
r,l,t
-8966.0,521,4.423601
-9006.0,527,8.921293
-9000.0,526,13.595136
-8966.0,521,18.133091
-8995.0,526,22.895227
-8991.0,525,27.496644
