# {"t_start": 1680983913.7911975, "env_id": "SkiingNoFrameskip-v4"} 
r,l,t
-8983.0,524,4.495183
-8963.0,521,8.814834
-8983.0,524,13.450576
-9001.0,527,18.138439
-8988.0,525,22.876369
-9010.0,528,27.542426
