# {"t_start": 1680983913.8371928, "env_id": "SkiingNoFrameskip-v4"} 
r,l,t
-9008.0,528,4.566822
-9008.0,528,9.017313
-8998.0,526,13.666014
-8976.0,523,18.276093
-8963.0,521,22.93882
-8983.0,524,27.521501
