# {"t_start": 1680983913.8734581, "env_id": "SkiingNoFrameskip-v4"} 
r,l,t
-9005.0,527,4.503878
-8976.0,523,8.875238
-8990.0,525,13.52334
-8968.0,522,18.080447
-8963.0,521,22.713309
-8985.0,524,27.331742
