# {"t_start": 1680983913.9059412, "env_id": "SkiingNoFrameskip-v4"} 
r,l,t
-8981.0,524,4.379304
-9008.0,528,8.891702
-8978.0,523,13.491744
-8980.0,523,18.077128
-8973.0,522,22.736148
-9010.0,528,27.403692
