# {"t_start": 1680983913.9509237, "env_id": "SkiingNoFrameskip-v4"} 
r,l,t
-8983.0,524,4.334744
-8965.0,521,8.656938
-8988.0,525,13.321206
-8996.0,526,17.979599
-9005.0,527,22.757529
-8978.0,523,27.319682
