# {"t_start": 1680983913.4892275, "env_id": "SkiingNoFrameskip-v4"} 
r,l,t
-8993.0,525,4.83014
-8973.0,522,9.176768
-8978.0,523,13.78307
-9010.0,528,18.49295
-8963.0,521,23.124224
-8968.0,522,27.692769
-9005.0,527,32.379941
