# {"t_start": 1680983913.5320399, "env_id": "SkiingNoFrameskip-v4"} 
r,l,t
-9006.0,527,4.845207
-8985.0,524,9.242414
-9006.0,527,13.921441
-8998.0,526,18.550957
-8975.0,523,23.270049
-9010.0,528,27.928464
