# {"t_start": 1680983913.558596, "env_id": "SkiingNoFrameskip-v4"} 
r,l,t
-8966.0,521,4.637119
-8963.0,521,8.975882
-8985.0,524,13.630909
-8978.0,523,18.228586
-8985.0,524,22.948921
-8986.0,524,27.543563
-8980.0,523,32.193223
