# {"t_start": 1680983913.5977554, "env_id": "SkiingNoFrameskip-v4"} 
r,l,t
-8998.0,526,4.748676
-8975.0,523,9.12244
-8990.0,525,13.768715
-8975.0,523,18.35609
-8971.0,522,23.016728
-9003.0,527,27.670491
