# {"t_start": 1680983913.6288056, "env_id": "SkiingNoFrameskip-v4"} 
r,l,t
-8975.0,523,4.626088
-8976.0,523,9.007238
-9011.0,528,13.73747
-9008.0,528,18.402742
-9010.0,528,23.215863
-8996.0,526,27.854637
