# {"t_start": 1680983913.689728, "env_id": "SkiingNoFrameskip-v4"} 
r,l,t
-8995.0,526,4.655255
-8988.0,525,9.084196
-9005.0,527,13.763947
-8990.0,525,18.361837
-8990.0,525,23.128294
-8976.0,523,27.698944
