# {"t_start": 1680983913.699584, "env_id": "SkiingNoFrameskip-v4"} 
r,l,t
-8970.0,522,4.526215
-8963.0,521,8.867403
-8966.0,521,13.453587
-8996.0,526,18.113609
-8975.0,523,22.806566
-8988.0,525,27.432244
-8981.0,524,32.08379
