# {"t_start": 1680983913.733145, "env_id": "SkiingNoFrameskip-v4"} 
r,l,t
-9005.0,527,4.644117
-8970.0,522,8.987622
-8970.0,522,13.568254
-8973.0,522,18.13644
-8970.0,522,22.81156
-9001.0,527,27.471175
-8991.0,525,32.112998
