# {"t_start": 1681406830.883634, "env_id": "FreewayNoFrameskip-v4"} 
r,l,t
21.0,2044,23.696699
23.0,2043,47.457904
20.0,2046,71.500148
19.0,2043,95.334269
20.0,2048,119.53597
20.0,2048,143.422556
