# {"t_start": 1681406830.8824346, "env_id": "FreewayNoFrameskip-v4"} 
r,l,t
20.0,2045,23.751065
23.0,2042,47.458618
23.0,2043,71.416993
20.0,2048,95.419479
19.0,2041,119.370597
25.0,2042,143.095054
