# {"t_start": 1681406831.22712, "env_id": "FreewayNoFrameskip-v4"} 
r,l,t
21.0,2044,23.354882
19.0,2041,47.037086
21.0,2044,71.03433
26.0,2047,94.99119
22.0,2045,119.108088
20.0,2048,142.995867
