# {"t_start": 1681406831.2875009, "env_id": "FreewayNoFrameskip-v4"} 
r,l,t
21.0,2047,23.43403
21.0,2047,47.327845
20.0,2046,71.346234
22.0,2043,95.151306
19.0,2041,119.132636
23.0,2044,142.889751
