# {"t_start": 1681406831.348087, "env_id": "FreewayNoFrameskip-v4"} 
r,l,t
23.0,2047,23.371012
23.0,2043,47.127753
22.0,2045,71.128723
25.0,2042,94.908236
22.0,2041,118.868854
22.0,2044,142.663776
