# {"t_start": 1681406831.3974137, "env_id": "FreewayNoFrameskip-v4"} 
r,l,t
23.0,2044,23.184251
20.0,2048,47.159955
23.0,2043,71.079608
23.0,2043,94.905463
23.0,2042,118.899652
20.0,2048,142.780348
