# {"t_start": 1681406831.3972242, "env_id": "FreewayNoFrameskip-v4"} 
r,l,t
23.0,2044,23.185026
21.0,2041,46.865775
22.0,2045,70.900818
22.0,2046,94.820576
23.0,2047,118.980874
23.0,2043,142.72827
