# {"t_start": 1681406831.439839, "env_id": "FreewayNoFrameskip-v4"} 
r,l,t
19.0,2041,23.015094
23.0,2043,46.784859
19.0,2042,70.760047
20.0,2044,94.624866
23.0,2044,118.672076
19.0,2043,142.460884
23.0,2042,165.829611
