# {"t_start": 1681406830.9178126, "env_id": "FreewayNoFrameskip-v4"} 
r,l,t
21.0,2047,23.799932
22.0,2044,47.607462
20.0,2047,71.66116
20.0,2046,95.569363
21.0,2042,119.55076
20.0,2048,143.434787
