# {"t_start": 1681406831.002297, "env_id": "FreewayNoFrameskip-v4"} 
r,l,t
19.0,2041,23.451541
19.0,2041,47.138155
22.0,2044,71.196318
23.0,2043,95.022685
22.0,2044,119.06667
23.0,2044,142.90089
23.0,2043,166.307229
