# {"t_start": 1681406831.051995, "env_id": "FreewayNoFrameskip-v4"} 
r,l,t
20.0,2046,23.621073
19.0,2043,47.373566
22.0,2045,71.376107
19.0,2043,95.203418
22.0,2042,119.201418
21.0,2047,143.072075
