# {"t_start": 1681406831.1125948, "env_id": "FreewayNoFrameskip-v4"} 
r,l,t
19.0,2043,23.42767
23.0,2043,47.195461
20.0,2048,71.314221
21.0,2047,95.25575
20.0,2048,119.432428
20.0,2046,143.271426
