# {"t_start": 1681406831.0664535, "env_id": "FreewayNoFrameskip-v4"} 
r,l,t
22.0,2045,23.567146
22.0,2045,47.408255
23.0,2047,71.473498
20.0,2045,95.335436
22.0,2045,119.43058
22.0,2043,143.196934
