# {"t_start": 1681406831.3014212, "env_id": "FreewayNoFrameskip-v4"} 
r,l,t
19.0,2042,23.196817
19.0,2041,46.879501
21.0,2041,70.848724
22.0,2046,94.761947
21.0,2042,118.730558
22.0,2045,142.598615
23.0,2044,166.039629
