# {"t_start": 1681406831.2216237, "env_id": "FreewayNoFrameskip-v4"} 
r,l,t
21.0,2047,23.497473
21.0,2042,47.20364
19.0,2042,71.110402
23.0,2042,94.904809
21.0,2042,118.939556
26.0,2047,142.789626
20.0,2045,166.198116
