# {"t_start": 1681406831.3675902, "env_id": "FreewayNoFrameskip-v4"} 
r,l,t
19.0,2041,23.087341
20.0,2047,47.019453
20.0,2046,71.061193
19.0,2041,94.81241
22.0,2045,118.929633
20.0,2045,142.720926
