# {"t_start": 1680773555.4870615, "env_id": "FreewayNoFrameskip-v4"} 
r,l,t
0.0,2046,26.366449
0.0,2046,52.140904
0.0,2043,77.334759
0.0,2043,100.620748
0.0,2046,124.975385
0.0,2042,148.249629
