# {"t_start": 1680773555.5750227, "env_id": "FreewayNoFrameskip-v4"} 
r,l,t
0.0,2044,26.209399
0.0,2043,51.858643
0.0,2046,77.154086
0.0,2043,100.456617
0.0,2048,124.888096
0.0,2048,148.363342
