# {"t_start": 1680773556.3452103, "env_id": "FreewayNoFrameskip-v4"} 
r,l,t
0.0,2041,25.335132
0.0,2047,51.131194
0.0,2046,76.41861
0.0,2041,99.65528
0.0,2045,123.997728
0.0,2045,147.355196
