# {"t_start": 1680773556.461948, "env_id": "FreewayNoFrameskip-v4"} 
r,l,t
0.0,2044,25.322771
0.0,2041,50.901685
0.0,2044,76.157232
0.0,2047,99.569534
0.0,2045,123.912717
0.0,2048,147.358656
