# {"t_start": 1680773556.5788996, "env_id": "FreewayNoFrameskip-v4"} 
r,l,t
0.0,2047,25.317531
0.0,2047,51.103964
0.0,2046,76.37747
0.0,2043,99.674936
0.0,2041,123.885195
0.0,2044,147.202642
