# {"t_start": 1680773556.6335263, "env_id": "FreewayNoFrameskip-v4"} 
r,l,t
0.0,2047,25.2658
0.0,2043,50.925657
0.0,2045,76.189506
0.0,2042,99.435105
0.0,2041,123.624182
0.0,2044,147.000432
