# {"t_start": 1680773556.714877, "env_id": "FreewayNoFrameskip-v4"} 
r,l,t
0.0,2044,25.069364
0.0,2048,50.910799
0.0,2043,76.108466
0.0,2043,99.397332
0.0,2042,123.625175
0.0,2048,147.066696
