# {"t_start": 1680773556.8426263, "env_id": "FreewayNoFrameskip-v4"} 
r,l,t
0.0,2044,24.941925
0.0,2041,50.521507
0.0,2045,75.802946
0.0,2046,99.188345
0.0,2047,123.579318
0.0,2043,146.890401
