# {"t_start": 1680773555.6633987, "env_id": "FreewayNoFrameskip-v4"} 
r,l,t
0.0,2045,26.158803
0.0,2042,51.772588
0.0,2043,76.983286
0.0,2048,100.444461
0.0,2041,124.631672
0.0,2042,147.937547
0.0,2047,171.023024
