# {"t_start": 1680773555.7578232, "env_id": "FreewayNoFrameskip-v4"} 
r,l,t
0.0,2047,26.138203
0.0,2044,51.833729
0.0,2047,77.153153
0.0,2046,100.537256
0.0,2042,124.758006
0.0,2048,148.227462
