# {"t_start": 1680773555.8453553, "env_id": "FreewayNoFrameskip-v4"} 
r,l,t
0.0,2041,25.831401
0.0,2041,51.43937
0.0,2044,76.687916
0.0,2043,100.010604
0.0,2044,124.310027
0.0,2044,147.65931
0.0,2043,170.676699
