# {"t_start": 1680773555.9224904, "env_id": "FreewayNoFrameskip-v4"} 
r,l,t
0.0,2046,25.934061
0.0,2043,51.601944
0.0,2045,76.841063
0.0,2043,100.146025
0.0,2042,124.372688
0.0,2047,147.810997
