# {"t_start": 1680773556.0289838, "env_id": "FreewayNoFrameskip-v4"} 
r,l,t
0.0,2043,25.719016
0.0,2043,51.376802
0.0,2048,76.733809
0.0,2047,100.16017
0.0,2048,124.597229
0.0,2046,147.988442
