# {"t_start": 1680773556.099732, "env_id": "FreewayNoFrameskip-v4"} 
r,l,t
0.0,2045,25.72259
0.0,2045,51.458542
0.0,2047,76.776664
0.0,2045,100.11722
0.0,2045,124.440324
0.0,2043,147.758335
