# {"t_start": 1680773556.2138276, "env_id": "FreewayNoFrameskip-v4"} 
r,l,t
0.0,2042,25.495875
0.0,2041,51.101912
0.0,2041,76.271271
0.0,2046,99.670879
0.0,2042,123.913687
0.0,2045,147.285553
0.0,2044,170.346652
