# {"t_start": 1680773556.3084664, "env_id": "FreewayNoFrameskip-v4"} 
r,l,t
0.0,2047,25.589238
0.0,2042,51.216307
0.0,2042,76.370952
0.0,2042,99.637378
0.0,2042,123.900479
0.0,2047,147.323543
0.0,2045,170.342902
