# {"t_start": 1680719583.6931536, "env_id": "MsPacmanNoFrameskip-v4"} 
r,l,t
1370.0,620,3.897038
1310.0,1102,11.560884
1370.0,617,15.672383
1370.0,617,19.709317
1320.0,692,24.475708
1370.0,616,28.561838
