# {"t_start": 1680719583.7492197, "env_id": "MsPacmanNoFrameskip-v4"} 
r,l,t
1370.0,618,3.805249
1310.0,1099,11.404525
1310.0,1102,18.803538
1320.0,689,23.542142
1320.0,694,28.153909
1320.0,694,32.673724
