# {"t_start": 1680719584.1950324, "env_id": "MsPacmanNoFrameskip-v4"} 
r,l,t
1350.0,638,3.79012
1350.0,644,8.062226
1350.0,643,12.44581
1350.0,638,16.758321
1320.0,692,21.391363
1310.0,1101,28.818323
1350.0,643,33.035144
