# {"t_start": 1680719584.25086, "env_id": "MsPacmanNoFrameskip-v4"} 
r,l,t
1370.0,618,3.302217
1370.0,615,7.673371
1370.0,618,11.852665
1320.0,693,16.520678
1320.0,691,21.198724
1370.0,622,25.342
1310.0,1099,32.589791
