# {"t_start": 1680719584.3027742, "env_id": "MsPacmanNoFrameskip-v4"} 
r,l,t
1320.0,694,4.11154
1320.0,694,8.750314
1310.0,1102,16.11753
1370.0,617,20.204009
1370.0,615,24.404106
1370.0,618,28.52611
1350.0,638,32.707007
