# {"t_start": 1680719584.3482826, "env_id": "MsPacmanNoFrameskip-v4"} 
r,l,t
1310.0,1103,6.734815
1370.0,617,10.866656
1370.0,619,15.017793
1320.0,688,19.609727
1370.0,615,23.769867
1310.0,1100,31.032098
