# {"t_start": 1680719584.4034173, "env_id": "MsPacmanNoFrameskip-v4"} 
r,l,t
1320.0,690,3.937299
1320.0,694,8.601671
1310.0,1099,15.909271
1350.0,640,20.276353
1350.0,639,24.646442
1370.0,622,28.814909
