# {"t_start": 1680719584.4557395, "env_id": "MsPacmanNoFrameskip-v4"} 
r,l,t
1370.0,618,3.097481
1310.0,1097,10.669022
1320.0,691,15.387761
1370.0,620,19.486301
1310.0,1103,26.893992
