# {"t_start": 1680719583.7969973, "env_id": "MsPacmanNoFrameskip-v4"} 
r,l,t
1350.0,642,4.24292
1350.0,639,8.426151
1310.0,1099,15.835388
1370.0,622,19.970937
1370.0,615,24.151386
1320.0,688,28.727678
