# {"t_start": 1680719583.8658066, "env_id": "MsPacmanNoFrameskip-v4"} 
r,l,t
1350.0,644,4.203577
1310.0,1100,11.563984
1350.0,644,15.869844
1310.0,1102,23.269387
1320.0,689,27.844043
1370.0,622,32.001289
