# {"t_start": 1680719583.9045603, "env_id": "MsPacmanNoFrameskip-v4"} 
r,l,t
1350.0,638,4.080503
1370.0,615,8.170024
1310.0,1100,15.556373
1310.0,1099,22.94803
1310.0,1100,30.29222
