# {"t_start": 1680719583.9432044, "env_id": "MsPacmanNoFrameskip-v4"} 
r,l,t
1310.0,1102,7.115376
1320.0,689,11.752563
1370.0,619,15.937676
1320.0,689,20.46011
1310.0,1098,27.894502
1370.0,621,32.060352
