# {"t_start": 1680719583.9996212, "env_id": "MsPacmanNoFrameskip-v4"} 
r,l,t
1320.0,689,4.320243
1370.0,617,8.442907
1310.0,1104,15.881674
1320.0,694,20.451949
1370.0,622,24.778259
1370.0,620,28.919692
1350.0,643,33.100996
