# {"t_start": 1680719584.0505843, "env_id": "MsPacmanNoFrameskip-v4"} 
r,l,t
1320.0,692,4.325377
1320.0,691,8.937155
1310.0,1103,16.303363
1370.0,619,20.421382
1370.0,619,24.692168
1370.0,617,28.802474
1370.0,622,32.844878
