# {"t_start": 1680719584.1044323, "env_id": "MsPacmanNoFrameskip-v4"} 
r,l,t
1370.0,616,3.395954
1370.0,615,7.790055
1350.0,638,12.166068
1370.0,620,16.273136
1320.0,689,20.954534
1320.0,691,25.570851
1320.0,690,30.139123
