# {"t_start": 1680719584.1452534, "env_id": "MsPacmanNoFrameskip-v4"} 
r,l,t
1310.0,1103,6.937692
1370.0,616,11.04133
1370.0,616,15.161176
1350.0,639,19.400284
1370.0,616,23.663355
1320.0,693,28.251082
