# {"t_start": 1681400718.4463322, "env_id": "CarnivalNoFrameskip-v4"} 
r,l,t
1140.0,763,8.642187
1800.0,848,17.555238
1940.0,698,24.934506
1820.0,1169,37.34718
1820.0,552,43.340814
1140.0,464,48.227232
2300.0,911,57.890204
