# {"t_start": 1681400718.5249317, "env_id": "CarnivalNoFrameskip-v4"} 
r,l,t
1140.0,765,8.607757
880.0,715,16.0743
1140.0,765,24.149702
1660.0,588,30.471578
1700.0,1073,41.955659
1820.0,1169,54.380846
