# {"t_start": 1681400718.884202, "env_id": "CarnivalNoFrameskip-v4"} 
r,l,t
1460.0,720,7.703218
1460.0,720,15.262349
1660.0,588,21.512191
1620.0,1102,33.246369
1820.0,552,39.157984
1720.0,889,48.63831
1000.0,762,56.695645
