# {"t_start": 1681400719.1181934, "env_id": "CarnivalNoFrameskip-v4"} 
r,l,t
2300.0,911,9.526448
1620.0,1102,21.119207
1820.0,1166,33.560241
1140.0,464,38.542027
1820.0,552,44.45627
880.0,715,52.056383
1660.0,590,58.289809
