# {"t_start": 1681400718.990151, "env_id": "CarnivalNoFrameskip-v4"} 
r,l,t
1700.0,1074,11.377332
1460.0,720,18.963811
1940.0,698,26.397198
1800.0,849,35.341258
1800.0,848,44.499678
1820.0,1169,56.877404
