# {"t_start": 1681400719.0253904, "env_id": "CarnivalNoFrameskip-v4"} 
r,l,t
1720.0,889,9.368033
980.0,458,14.14523
1760.0,757,22.182436
1820.0,1167,34.586105
2300.0,911,44.375337
1940.0,698,51.796414
1760.0,759,59.87431
