# {"t_start": 1681400719.1122494, "env_id": "CarnivalNoFrameskip-v4"} 
r,l,t
1000.0,762,7.946915
1800.0,849,16.891305
1620.0,1101,28.575628
1140.0,762,36.622817
1700.0,1074,48.17242
1700.0,1073,59.598549
