# {"t_start": 1681400719.0352983, "env_id": "CarnivalNoFrameskip-v4"} 
r,l,t
1000.0,762,8.019595
1620.0,1102,19.645
880.0,715,27.26845
1140.0,763,35.328493
1460.0,720,43.109605
1940.0,697,50.48553
1140.0,764,58.622751
