# {"t_start": 1681400718.5637708, "env_id": "CarnivalNoFrameskip-v4"} 
r,l,t
1000.0,762,8.493688
1820.0,552,14.258368
880.0,715,21.86779
1940.0,698,29.268032
880.0,715,36.820563
1140.0,762,45.099205
1800.0,849,54.06073
