# {"t_start": 1681400718.600817, "env_id": "CarnivalNoFrameskip-v4"} 
r,l,t
1660.0,588,6.606096
1700.0,1073,17.980006
1820.0,1166,30.327805
1700.0,1073,41.820797
1940.0,697,49.228381
