# {"t_start": 1681400718.6168065, "env_id": "CarnivalNoFrameskip-v4"} 
r,l,t
1700.0,1073,11.72044
1620.0,1102,23.35417
1660.0,590,29.641907
1460.0,720,37.275174
1820.0,1169,49.789088
