# {"t_start": 1681400718.6518798, "env_id": "CarnivalNoFrameskip-v4"} 
r,l,t
1460.0,718,7.884744
1760.0,757,15.882012
2300.0,911,25.555031
1820.0,1166,37.9535
1820.0,1166,50.460788
