# {"t_start": 1681400718.9192855, "env_id": "CarnivalNoFrameskip-v4"} 
r,l,t
1620.0,1101,11.734484
1820.0,552,17.556176
1000.0,762,25.609614
1820.0,1167,38.061753
1700.0,1073,49.510834
1760.0,757,57.536776
