# {"t_start": 1681400718.7602901, "env_id": "CarnivalNoFrameskip-v4"} 
r,l,t
2300.0,911,9.884306
1620.0,1101,21.44985
1620.0,1101,33.190487
1800.0,848,42.330575
1620.0,1101,54.021886
