# {"t_start": 1681400718.7595735, "env_id": "CarnivalNoFrameskip-v4"} 
r,l,t
1000.0,762,8.29534
1140.0,765,16.355566
1140.0,764,24.408973
1000.0,762,32.512012
1460.0,718,40.219198
2300.0,909,49.932081
1140.0,764,58.032627
