# {"t_start": 1681400718.8677292, "env_id": "CarnivalNoFrameskip-v4"} 
r,l,t
1720.0,889,9.524722
1820.0,552,15.309226
1720.0,889,24.730279
1760.0,759,32.792376
1760.0,757,40.932183
1820.0,1169,53.383407
1940.0,698,60.791947
