# {"t_start": 1681196259.6015198, "env_id": "CarnivalNoFrameskip-v4"} 
r,l,t
3840.0,239,2.415915
3840.0,238,4.567365
3790.0,240,6.763831
3840.0,237,8.852059
3790.0,241,11.093654
3790.0,241,13.285754
