# {"t_start": 1681196259.5658023, "env_id": "CarnivalNoFrameskip-v4"} 
r,l,t
3790.0,240,2.488192
3840.0,237,4.603611
3840.0,238,6.768579
3790.0,242,8.955961
3840.0,236,11.074762
3840.0,236,13.174175
3790.0,241,15.360119
