# {"t_start": 1681196259.9641554, "env_id": "CarnivalNoFrameskip-v4"} 
r,l,t
3840.0,239,2.053754
3840.0,236,4.161665
3840.0,239,6.343549
3790.0,240,8.491034
3840.0,239,10.677
3790.0,242,12.89262
