# {"t_start": 1681196259.9895658, "env_id": "CarnivalNoFrameskip-v4"} 
r,l,t
3790.0,241,2.095113
3790.0,241,4.283041
3790.0,240,6.481343
3840.0,238,8.613838
3840.0,236,10.73281
3840.0,239,12.867322
