# {"t_start": 1681196259.9985785, "env_id": "CarnivalNoFrameskip-v4"} 
r,l,t
3790.0,241,2.094135
3840.0,238,4.229258
3840.0,240,6.410962
3840.0,236,8.481857
3840.0,236,10.59331
3690.0,273,13.173237
