# {"t_start": 1681196259.991872, "env_id": "CarnivalNoFrameskip-v4"} 
r,l,t
3840.0,238,2.000508
3790.0,241,4.236571
3840.0,238,6.373528
3840.0,238,8.4895
3840.0,237,10.623745
3790.0,242,12.837957
