# {"t_start": 1681196260.0474029, "env_id": "CarnivalNoFrameskip-v4"} 
r,l,t
3840.0,239,1.970439
3840.0,236,4.078511
3840.0,239,6.260666
3790.0,240,8.407533
3790.0,241,10.64844
3840.0,238,12.757884
