# {"t_start": 1681196260.110187, "env_id": "CarnivalNoFrameskip-v4"} 
r,l,t
3840.0,236,1.823312
3840.0,238,3.987833
3840.0,237,6.154221
3840.0,239,8.272308
3840.0,238,10.423931
3840.0,237,12.5854
3840.0,237,14.702949
