# {"t_start": 1681196259.5917637, "env_id": "CarnivalNoFrameskip-v4"} 
r,l,t
3790.0,242,2.522859
3690.0,273,4.985878
3790.0,242,7.206014
3790.0,240,9.369087
3840.0,237,11.506427
3790.0,242,13.688092
