# {"t_start": 1681196259.6466885, "env_id": "CarnivalNoFrameskip-v4"} 
r,l,t
3840.0,236,2.285527
3840.0,236,4.40073
3690.0,273,7.040467
3840.0,238,9.174258
3690.0,273,11.64824
3840.0,239,13.826088
