# {"t_start": 1681196259.700923, "env_id": "CarnivalNoFrameskip-v4"} 
r,l,t
3790.0,240,2.35404
3840.0,237,4.467744
3840.0,240,6.662745
3840.0,237,8.75238
3840.0,237,10.891407
3790.0,241,13.081516
