# {"t_start": 1681196259.7671077, "env_id": "CarnivalNoFrameskip-v4"} 
r,l,t
3840.0,237,2.198098
3840.0,238,4.357948
3790.0,242,6.597208
3790.0,241,8.784822
3790.0,242,11.032959
3790.0,240,13.193289
