# {"t_start": 1681196259.883261, "env_id": "CarnivalNoFrameskip-v4"} 
r,l,t
3790.0,239,2.135756
3840.0,239,4.314832
3790.0,241,6.528201
3840.0,240,8.692613
3840.0,240,10.87872
3840.0,238,13.033153
