# {"t_start": 1681196259.7897437, "env_id": "CarnivalNoFrameskip-v4"} 
r,l,t
3840.0,237,2.175119
3840.0,236,4.281827
3840.0,236,6.445516
3790.0,240,8.564612
3840.0,237,10.705347
3840.0,239,12.905589
3840.0,238,15.048302
