# {"t_start": 1681196259.8121219, "env_id": "CarnivalNoFrameskip-v4"} 
r,l,t
3790.0,241,2.2717
3840.0,237,4.386643
3840.0,237,6.522036
3840.0,237,8.604499
3840.0,237,10.747381
3790.0,240,12.928456
3840.0,240,15.090096
