# {"t_start": 1681196259.8784697, "env_id": "CarnivalNoFrameskip-v4"} 
r,l,t
3840.0,236,2.054816
3790.0,242,4.319568
3790.0,241,6.530655
3840.0,236,8.603168
3790.0,239,10.792958
3840.0,240,12.951617
