# {"t_start": 1681200610.1826558, "env_id": "MsPacmanNoFrameskip-v4"} 
r,l,t
2740.0,1328,12.497188
1200.0,855,19.683079
1200.0,858,26.772904
1120.0,725,32.913789
1120.0,730,39.281699
1120.0,730,45.343332
