# {"t_start": 1681200610.3047297, "env_id": "MsPacmanNoFrameskip-v4"} 
r,l,t
1200.0,884,8.407536
1200.0,881,16.1292
1200.0,855,23.194996
2740.0,1332,34.302257
2740.0,1325,45.704349
1120.0,724,51.770212
