# {"t_start": 1681200610.6928828, "env_id": "MsPacmanNoFrameskip-v4"} 
r,l,t
2740.0,1328,11.987298
2740.0,1325,23.155455
2740.0,1328,34.205584
1120.0,729,40.530713
1120.0,727,46.65539
