# {"t_start": 1681200610.7393937, "env_id": "MsPacmanNoFrameskip-v4"} 
r,l,t
1120.0,730,6.586667
1120.0,730,13.084771
1200.0,858,20.321242
2740.0,1327,31.367301
2740.0,1325,42.707702
2740.0,1328,53.920439
