# {"t_start": 1681200610.792852, "env_id": "MsPacmanNoFrameskip-v4"} 
r,l,t
1200.0,859,7.678476
2740.0,1327,19.145641
2740.0,1329,30.193628
1120.0,724,36.474958
2740.0,1325,47.574286
1200.0,856,55.169555
