# {"t_start": 1681200610.851115, "env_id": "MsPacmanNoFrameskip-v4"} 
r,l,t
1120.0,726,6.403569
1120.0,730,12.917548
1200.0,855,20.121154
1200.0,882,27.379676
1200.0,881,34.875707
2740.0,1332,46.196175
1120.0,727,52.268172
