# {"t_start": 1681200610.9327486, "env_id": "MsPacmanNoFrameskip-v4"} 
r,l,t
2740.0,1328,11.747986
1200.0,853,18.883856
1120.0,727,24.894594
2740.0,1330,36.305604
1200.0,859,43.575462
1200.0,855,50.700732
