# {"t_start": 1681200611.0142796, "env_id": "MsPacmanNoFrameskip-v4"} 
r,l,t
1200.0,880,7.641738
1200.0,882,15.377065
2740.0,1326,26.384539
1200.0,883,33.77306
1120.0,726,40.076469
1120.0,725,46.171577
1200.0,881,53.714468
