# {"t_start": 1681200610.2788746, "env_id": "MsPacmanNoFrameskip-v4"} 
r,l,t
1200.0,886,8.470397
1200.0,856,15.94321
1200.0,886,23.300528
1200.0,858,30.405686
1120.0,725,36.690475
2740.0,1332,47.882248
1200.0,885,55.760463
