# {"t_start": 1681200610.3269565, "env_id": "MsPacmanNoFrameskip-v4"} 
r,l,t
1200.0,880,8.328652
2740.0,1325,19.782722
1200.0,856,26.810937
1200.0,855,33.985389
1200.0,856,41.407662
1200.0,883,48.830063
1200.0,882,56.723006
