# {"t_start": 1681200610.4650147, "env_id": "MsPacmanNoFrameskip-v4"} 
r,l,t
1200.0,858,7.978964
1120.0,725,14.410439
2740.0,1329,25.416079
1120.0,725,31.52965
1200.0,854,38.941146
2740.0,1331,50.097697
