# {"t_start": 1681200610.5171325, "env_id": "MsPacmanNoFrameskip-v4"} 
r,l,t
1120.0,725,6.707083
2740.0,1327,18.238319
1200.0,860,25.364242
1120.0,730,31.533713
2740.0,1332,43.00523
2740.0,1330,54.256295
