# {"t_start": 1681200610.489543, "env_id": "MsPacmanNoFrameskip-v4"} 
r,l,t
1120.0,728,6.79848
1120.0,727,13.256044
1200.0,859,20.525228
2740.0,1329,31.583612
2740.0,1329,42.997999
2740.0,1327,54.204183
