# {"t_start": 1681200610.5361197, "env_id": "MsPacmanNoFrameskip-v4"} 
r,l,t
2740.0,1326,12.101245
2740.0,1325,23.269614
1200.0,880,30.619262
2740.0,1330,41.936284
1120.0,725,48.073836
1120.0,727,54.337442
