# {"t_start": 1681200610.664643, "env_id": "MsPacmanNoFrameskip-v4"} 
r,l,t
1200.0,859,7.806726
2740.0,1326,19.231895
2740.0,1326,30.265311
1200.0,881,37.97103
2740.0,1326,49.028311
1120.0,729,55.589154
