# {"t_start": 1681200610.7173772, "env_id": "MsPacmanNoFrameskip-v4"} 
r,l,t
1200.0,880,7.938625
1200.0,886,15.741707
1200.0,885,23.052094
1200.0,880,30.404496
1120.0,728,36.729471
1200.0,857,43.942505
1200.0,885,51.323453
