# {"t_start": 1680788263.2225688, "env_id": "AsteroidsNoFrameskip-v4"} 
r,l,t
610.0,461,6.185805
380.0,337,10.195519
380.0,413,14.884134
380.0,413,19.89593
630.0,376,24.315097
480.0,238,26.893718
530.0,376,30.997999
