# {"t_start": 1680788263.2786741, "env_id": "AsteroidsNoFrameskip-v4"} 
r,l,t
530.0,395,5.289391
480.0,620,12.526079
380.0,337,16.613211
780.0,521,22.859622
630.0,548,29.031615
