# {"t_start": 1680788263.7438488, "env_id": "AsteroidsNoFrameskip-v4"} 
r,l,t
630.0,639,7.760076
580.0,562,14.390359
730.0,337,18.308033
630.0,639,25.935929
630.0,376,30.089312
