# {"t_start": 1680788263.8322263, "env_id": "AsteroidsNoFrameskip-v4"} 
r,l,t
530.0,395,4.737037
480.0,375,9.276738
530.0,395,13.76291
430.0,453,19.207301
660.0,202,21.501715
380.0,504,27.277249
