# {"t_start": 1680788263.91681, "env_id": "AsteroidsNoFrameskip-v4"} 
r,l,t
630.0,548,6.440389
630.0,548,12.831398
380.0,337,16.979795
380.0,413,21.905757
480.0,375,26.127177
530.0,395,30.491201
