# {"t_start": 1680788263.985027, "env_id": "AsteroidsNoFrameskip-v4"} 
r,l,t
530.0,376,4.356306
380.0,413,9.325426
480.0,322,12.818657
580.0,452,18.213344
480.0,375,22.844435
480.0,507,28.480098
630.0,421,32.945935
