# {"t_start": 1680788264.0985498, "env_id": "AsteroidsNoFrameskip-v4"} 
r,l,t
710.0,464,5.380636
630.0,548,11.639083
480.0,620,19.288167
530.0,332,23.142424
680.0,323,26.710743
380.0,504,32.175726
