# {"t_start": 1680788264.181048, "env_id": "AsteroidsNoFrameskip-v4"} 
r,l,t
530.0,395,4.387784
380.0,374,8.900205
660.0,202,10.977429
610.0,461,16.551224
530.0,376,20.988966
480.0,620,28.074256
430.0,453,32.904741
