# {"t_start": 1680788263.3244212, "env_id": "AsteroidsNoFrameskip-v4"} 
r,l,t
680.0,324,4.469993
680.0,323,8.132609
480.0,620,15.615842
380.0,504,21.500668
480.0,375,25.943786
580.0,452,30.840834
