# {"t_start": 1680788263.368973, "env_id": "AsteroidsNoFrameskip-v4"} 
r,l,t
580.0,562,7.144281
480.0,507,13.046277
580.0,562,19.990284
380.0,337,23.9351
780.0,521,29.669071
