# {"t_start": 1680788263.421644, "env_id": "AsteroidsNoFrameskip-v4"} 
r,l,t
630.0,639,8.083385
480.0,375,12.350904
480.0,507,18.450266
480.0,620,25.947593
480.0,507,31.414495
