# {"t_start": 1680788263.4938984, "env_id": "AsteroidsNoFrameskip-v4"} 
r,l,t
380.0,337,4.455202
780.0,521,10.618476
480.0,322,14.294497
780.0,521,20.50692
530.0,422,25.507262
430.0,369,29.469729
430.0,369,33.352619
