# {"t_start": 1680788263.548001, "env_id": "AsteroidsNoFrameskip-v4"} 
r,l,t
780.0,521,6.520653
380.0,413,11.35442
630.0,421,16.39506
630.0,548,22.992327
380.0,504,28.558916
610.0,461,33.50157
