# {"t_start": 1680788263.5551815, "env_id": "AsteroidsNoFrameskip-v4"} 
r,l,t
630.0,376,4.785161
660.0,202,7.02939
530.0,376,11.43772
480.0,322,15.344894
480.0,322,19.01432
380.0,413,23.984614
380.0,504,29.542321
