# {"t_start": 1680788263.643778, "env_id": "AsteroidsNoFrameskip-v4"} 
r,l,t
480.0,238,3.26625
480.0,375,7.317688
630.0,639,14.994518
610.0,461,20.500941
780.0,521,26.559515
660.0,202,28.718569
710.0,464,33.659822
