# {"t_start": 1680788263.7077801, "env_id": "AsteroidsNoFrameskip-v4"} 
r,l,t
530.0,376,4.634684
480.0,238,7.295279
480.0,238,10.211384
680.0,323,13.861763
480.0,238,16.64165
430.0,453,22.074976
480.0,508,27.823056
580.0,562,33.898812
