# {"t_start": 1681293499.781824, "env_id": "SkiingNoFrameskip-v4"} 
r,l,t
-29980.0,4504,47.473223
-29960.0,4501,91.76278
-29965.0,4502,136.095037
-29997.0,4507,181.560136
-29950.0,4500,226.052812
-29955.0,4501,268.199037
