# {"t_start": 1681293499.9093156, "env_id": "SkiingNoFrameskip-v4"} 
r,l,t
-29993.0,4506,47.430773
-29972.0,4503,91.75125
-29993.0,4506,136.215438
-29985.0,4505,181.549866
-29962.0,4502,226.117245
-29997.0,4507,268.33186
