# {"t_start": 1681293500.3440118, "env_id": "SkiingNoFrameskip-v4"} 
r,l,t
-29995.0,4507,47.032556
-29995.0,4507,91.404226
-29985.0,4505,135.854194
-29963.0,4502,181.143401
-29950.0,4500,225.655552
-29970.0,4503,267.819717
