# {"t_start": 1681293500.375814, "env_id": "SkiingNoFrameskip-v4"} 
r,l,t
-29992.0,4506,46.9664
-29963.0,4502,91.256669
-29977.0,4504,135.661963
-29955.0,4501,180.938196
-29950.0,4500,225.43301
-29972.0,4503,267.62823
