# {"t_start": 1681293500.3998826, "env_id": "SkiingNoFrameskip-v4"} 
r,l,t
-29968.0,4503,46.810259
-29995.0,4507,91.291318
-29965.0,4502,135.638228
-29967.0,4502,180.943766
-29960.0,4501,225.468732
-29997.0,4507,267.703229
