# {"t_start": 1681293500.4784427, "env_id": "SkiingNoFrameskip-v4"} 
r,l,t
-29970.0,4503,46.734373
-29952.0,4500,91.011132
-29975.0,4504,135.403111
-29983.0,4505,180.804705
-29992.0,4506,225.460841
-29965.0,4502,267.595542
