# {"t_start": 1681293500.5178258, "env_id": "SkiingNoFrameskip-v4"} 
r,l,t
-29953.0,4500,46.567823
-29967.0,4502,90.932091
-29957.0,4501,135.263333
-29973.0,4503,180.646556
-29968.0,4503,225.208535
-29962.0,4502,267.389848
-29960.0,4501,309.084862
