# {"t_start": 1681293500.4113498, "env_id": "SkiingNoFrameskip-v4"} 
r,l,t
-29953.0,4500,46.673351
-29963.0,4502,91.037273
-29972.0,4503,135.412669
-29980.0,4504,180.805418
-29995.0,4507,225.482652
-29958.0,4501,267.622115
