# {"t_start": 1681293499.8115358, "env_id": "SkiingNoFrameskip-v4"} 
r,l,t
-29953.0,4500,47.274108
-29950.0,4500,91.568007
-29972.0,4503,135.967384
-29965.0,4502,181.324499
-29972.0,4503,225.882983
-29973.0,4503,268.097281
-29967.0,4502,309.812261
