# {"t_start": 1681293500.0263739, "env_id": "SkiingNoFrameskip-v4"} 
r,l,t
-29985.0,4505,47.272674
-29962.0,4502,91.576404
-29977.0,4504,135.953216
-29962.0,4502,181.287506
-29958.0,4501,225.809171
-29990.0,4506,268.047152
