# {"t_start": 1681293499.9346268, "env_id": "SkiingNoFrameskip-v4"} 
r,l,t
-29962.0,4502,47.240061
-29963.0,4502,91.582914
-29998.0,4507,136.045458
-29995.0,4507,181.473381
-29997.0,4507,226.155008
-29983.0,4505,268.334029
