# {"t_start": 1681293499.9419506, "env_id": "SkiingNoFrameskip-v4"} 
r,l,t
-29982.0,4505,47.356254
-29975.0,4504,91.718189
-29992.0,4506,136.183361
-29977.0,4504,181.490395
-29977.0,4504,226.108014
-29963.0,4502,268.248674
