# {"t_start": 1681293500.1275985, "env_id": "SkiingNoFrameskip-v4"} 
r,l,t
-29957.0,4501,47.012338
-29950.0,4500,91.281189
-29953.0,4500,135.614624
-29983.0,4505,181.035636
-29962.0,4502,225.566807
-29975.0,4504,267.806461
-29968.0,4503,309.528018
