# {"t_start": 1681293500.1912153, "env_id": "SkiingNoFrameskip-v4"} 
r,l,t
-29992.0,4506,47.149467
-29957.0,4501,91.4118
-29957.0,4501,135.716665
-29960.0,4501,181.026101
-29957.0,4501,225.562375
-29988.0,4506,267.81217
-29978.0,4504,309.529094
