# {"t_start": 1681293499.9991918, "env_id": "SkiingNoFrameskip-v4"} 
r,l,t
-29953.0,4500,47.085162
-29993.0,4506,91.577993
-29987.0,4505,135.981425
-29953.0,4500,181.257595
-29982.0,4505,225.893603
-29978.0,4504,268.074843
