# {"t_start": 1681293500.3117464, "env_id": "SkiingNoFrameskip-v4"} 
r,l,t
-29970.0,4503,46.898775
-29950.0,4500,91.175071
-29970.0,4503,135.540463
-29988.0,4506,180.970536
-29975.0,4504,225.581519
-29997.0,4507,267.822958
