# {"t_start": 1681394078.0977137, "env_id": "AsteroidsNoFrameskip-v4"} 
r,l,t
560.0,379,5.995867
580.0,381,10.958415
680.0,499,17.803187
330.0,382,22.726524
360.0,337,27.430121
430.0,376,32.529003
