# {"t_start": 1681394078.1800768, "env_id": "AsteroidsNoFrameskip-v4"} 
r,l,t
730.0,679,9.91168
380.0,378,14.779777
730.0,679,24.01759
480.0,386,29.427316
580.0,377,34.651917
