# {"t_start": 1681394078.986915, "env_id": "AsteroidsNoFrameskip-v4"} 
r,l,t
630.0,462,6.293338
630.0,462,12.109044
480.0,386,17.567219
510.0,377,22.410646
360.0,337,27.177514
530.0,453,33.294259
