# {"t_start": 1681394079.3027458, "env_id": "AsteroidsNoFrameskip-v4"} 
r,l,t
580.0,381,4.864204
510.0,377,9.712093
660.0,384,14.84281
430.0,376,19.84515
360.0,337,24.265268
380.0,378,29.42108
530.0,419,35.449853
