# {"t_start": 1681394079.3972862, "env_id": "AsteroidsNoFrameskip-v4"} 
r,l,t
480.0,383,4.817196
630.0,462,10.746274
680.0,499,17.622185
780.0,453,23.494271
580.0,381,28.794628
330.0,382,34.148665
