# {"t_start": 1681394079.2589364, "env_id": "AsteroidsNoFrameskip-v4"} 
r,l,t
530.0,453,5.894816
530.0,420,11.226711
580.0,379,16.538588
580.0,385,21.504424
580.0,381,26.818046
680.0,499,33.709455
