# {"t_start": 1681394079.4130762, "env_id": "AsteroidsNoFrameskip-v4"} 
r,l,t
580.0,380,4.712992
780.0,453,10.574854
410.0,376,15.766987
530.0,379,20.716439
480.0,383,25.975831
580.0,377,31.088098
