# {"t_start": 1681394079.4941921, "env_id": "AsteroidsNoFrameskip-v4"} 
r,l,t
580.0,380,4.642944
510.0,377,9.486774
380.0,378,14.501502
560.0,379,19.582779
630.0,462,25.994364
360.0,376,31.096925
