# {"t_start": 1681394078.3211367, "env_id": "AsteroidsNoFrameskip-v4"} 
r,l,t
580.0,380,5.80325
360.0,337,10.124141
380.0,378,15.132545
680.0,499,21.918475
380.0,378,27.1001
530.0,379,32.228847
