# {"t_start": 1681394078.4354782, "env_id": "AsteroidsNoFrameskip-v4"} 
r,l,t
480.0,386,5.849357
580.0,377,10.67334
660.0,384,15.816959
580.0,377,20.803476
360.0,376,25.885965
610.0,413,31.362645
610.0,413,37.342307
