# {"t_start": 1681394078.4275098, "env_id": "AsteroidsNoFrameskip-v4"} 
r,l,t
580.0,377,5.620152
510.0,377,10.507055
530.0,419,16.260055
630.0,462,22.297333
330.0,382,27.618381
580.0,385,32.82257
