# {"t_start": 1681394078.4779286, "env_id": "AsteroidsNoFrameskip-v4"} 
r,l,t
680.0,385,5.779477
580.0,379,10.658077
580.0,381,15.730786
660.0,384,20.833664
660.0,384,26.097315
510.0,377,31.022678
330.0,382,36.593527
