# {"t_start": 1681394078.6325507, "env_id": "AsteroidsNoFrameskip-v4"} 
r,l,t
410.0,376,5.379631
360.0,337,9.748586
580.0,380,14.78288
580.0,385,19.965295
580.0,377,24.93417
580.0,379,30.120507
480.0,383,35.61559
