# {"t_start": 1681394078.7642815, "env_id": "AsteroidsNoFrameskip-v4"} 
r,l,t
580.0,381,5.401678
410.0,376,10.21385
410.0,376,15.187555
580.0,381,20.312099
410.0,376,25.340805
530.0,343,29.959599
560.0,379,35.407077
