# {"t_start": 1681394078.8597832, "env_id": "AsteroidsNoFrameskip-v4"} 
r,l,t
580.0,380,5.267283
730.0,679,14.161798
580.0,385,19.462022
580.0,380,24.421475
680.0,385,29.680813
560.0,379,35.125929
