# {"t_start": 1681394078.8823426, "env_id": "AsteroidsNoFrameskip-v4"} 
r,l,t
530.0,453,6.271172
360.0,337,10.603269
530.0,453,16.750902
530.0,343,21.189226
580.0,379,26.412179
330.0,382,31.582551
