# {"t_start": 1681210692.187195, "env_id": "FreewayNoFrameskip-v4"} 
r,l,t
0.0,2044,18.486938
0.0,2043,36.718345
0.0,2046,54.907923
0.0,2043,73.067146
0.0,2048,91.991702
0.0,2048,110.924712
