# {"t_start": 1681210692.2217827, "env_id": "FreewayNoFrameskip-v4"} 
r,l,t
0.0,2045,18.493892
0.0,2042,36.685424
0.0,2043,54.791298
0.0,2048,73.111462
0.0,2041,91.802766
0.0,2042,110.590072
