# {"t_start": 1681210692.5396335, "env_id": "FreewayNoFrameskip-v4"} 
r,l,t
0.0,2044,18.13533
0.0,2041,36.297901
0.0,2044,54.442067
0.0,2047,72.715091
0.0,2045,91.558625
0.0,2048,110.485542
