# {"t_start": 1681210692.5809941, "env_id": "FreewayNoFrameskip-v4"} 
r,l,t
0.0,2047,18.211608
0.0,2047,36.547202
0.0,2046,54.724294
0.0,2043,72.879871
0.0,2041,91.59772
0.0,2044,110.40351
