# {"t_start": 1681210692.607898, "env_id": "FreewayNoFrameskip-v4"} 
r,l,t
0.0,2047,18.183292
0.0,2043,36.408546
0.0,2045,54.560999
0.0,2042,72.681231
0.0,2041,91.376312
0.0,2044,110.240332
