# {"t_start": 1681210692.643445, "env_id": "FreewayNoFrameskip-v4"} 
r,l,t
0.0,2044,18.031434
0.0,2048,36.438867
0.0,2043,54.526065
0.0,2043,72.691945
0.0,2042,91.422028
0.0,2048,110.34094
