# {"t_start": 1681210692.6791925, "env_id": "FreewayNoFrameskip-v4"} 
r,l,t
0.0,2044,17.995995
0.0,2041,36.158994
0.0,2045,54.333374
0.0,2046,72.57568
0.0,2047,91.458987
0.0,2043,110.255644
