# {"t_start": 1681210692.7140677, "env_id": "FreewayNoFrameskip-v4"} 
r,l,t
0.0,2041,17.845382
0.0,2043,36.086493
0.0,2042,54.217794
0.0,2044,72.401249
0.0,2044,91.17856
0.0,2043,110.027097
0.0,2042,129.439236
