# {"t_start": 1681210692.257692, "env_id": "FreewayNoFrameskip-v4"} 
r,l,t
0.0,2047,18.533055
0.0,2044,36.793156
0.0,2047,54.996736
0.0,2046,73.244873
0.0,2042,91.971765
0.0,2048,110.90059
