# {"t_start": 1681210692.2973168, "env_id": "FreewayNoFrameskip-v4"} 
r,l,t
0.0,2041,18.263201
0.0,2041,36.425074
0.0,2044,54.634028
0.0,2043,72.78465
0.0,2044,91.562406
0.0,2044,110.446429
0.0,2043,129.89084
