# {"t_start": 1681210692.328147, "env_id": "FreewayNoFrameskip-v4"} 
r,l,t
0.0,2046,18.425484
0.0,2043,36.648762
0.0,2045,54.801899
0.0,2043,72.960247
0.0,2042,91.696818
0.0,2047,110.604348
