# {"t_start": 1681210692.3641517, "env_id": "FreewayNoFrameskip-v4"} 
r,l,t
0.0,2043,18.273654
0.0,2043,36.509345
0.0,2048,54.766011
0.0,2047,73.034831
0.0,2048,91.949971
0.0,2046,110.826293
