# {"t_start": 1681210692.3959618, "env_id": "FreewayNoFrameskip-v4"} 
r,l,t
0.0,2045,18.318512
0.0,2045,36.620194
0.0,2047,54.82353
0.0,2045,73.031969
0.0,2045,91.867872
0.0,2043,110.668804
