# {"t_start": 1681210692.4305365, "env_id": "FreewayNoFrameskip-v4"} 
r,l,t
0.0,2042,18.169134
0.0,2041,36.326492
0.0,2041,54.45855
0.0,2046,72.683392
0.0,2042,91.3952
0.0,2045,110.310076
0.0,2044,129.788998
