# {"t_start": 1681210692.4678712, "env_id": "FreewayNoFrameskip-v4"} 
r,l,t
0.0,2047,18.323099
0.0,2042,36.509143
0.0,2042,54.577143
0.0,2042,72.695155
0.0,2042,91.462739
0.0,2047,110.379319
0.0,2045,129.835661
