# {"t_start": 1681210692.5115662, "env_id": "FreewayNoFrameskip-v4"} 
r,l,t
0.0,2041,18.049083
0.0,2047,36.434605
0.0,2046,54.619316
0.0,2041,72.708279
0.0,2045,91.553344
0.0,2045,110.395769
