# {"t_start": 1681278781.484565, "env_id": "MsPacmanNoFrameskip-v4"} 
r,l,t
1990.0,934,9.868038
1990.0,931,19.299801
1000.0,543,24.506539
990.0,488,29.239117
990.0,481,33.95969
1470.0,936,43.23558
