# {"t_start": 1681278781.6731071, "env_id": "MsPacmanNoFrameskip-v4"} 
r,l,t
1990.0,936,9.717412
1000.0,544,15.33926
1990.0,936,24.42248
1000.0,546,29.815306
1470.0,937,39.012467
990.0,488,43.803235
