# {"t_start": 1681278781.9527547, "env_id": "MsPacmanNoFrameskip-v4"} 
r,l,t
1470.0,942,9.55988
1470.0,942,19.068217
1000.0,546,24.32665
990.0,483,29.027839
990.0,481,33.684118
990.0,484,38.471124
