# {"t_start": 1681278781.9994314, "env_id": "MsPacmanNoFrameskip-v4"} 
r,l,t
1000.0,547,5.568108
990.0,483,10.412174
990.0,485,15.349222
1470.0,936,24.498087
990.0,481,29.170328
1000.0,544,34.544614
1000.0,548,39.926442
