# {"t_start": 1681278782.149411, "env_id": "MsPacmanNoFrameskip-v4"} 
r,l,t
1470.0,938,9.297674
1470.0,942,18.81623
1000.0,543,24.027527
1990.0,932,33.045766
1990.0,931,42.272065
990.0,488,47.172123
