# {"t_start": 1681278782.0663989, "env_id": "MsPacmanNoFrameskip-v4"} 
r,l,t
990.0,484,4.799715
1000.0,541,10.247952
1470.0,939,19.661347
990.0,486,24.406682
1000.0,547,29.718636
1000.0,543,35.136912
1470.0,941,44.36084
