# {"t_start": 1681278782.119234, "env_id": "MsPacmanNoFrameskip-v4"} 
r,l,t
1990.0,930,9.169518
1990.0,932,18.617182
990.0,482,23.135445
1990.0,933,32.291329
1470.0,938,41.578973
