# {"t_start": 1681278782.1278954, "env_id": "MsPacmanNoFrameskip-v4"} 
r,l,t
1990.0,930,9.160897
990.0,483,14.16347
1000.0,544,19.524821
1990.0,934,28.499089
1470.0,942,37.866822
1000.0,542,43.226369
