# {"t_start": 1681278781.7092059, "env_id": "MsPacmanNoFrameskip-v4"} 
r,l,t
1990.0,930,9.579231
990.0,481,14.537153
1000.0,544,19.904444
1000.0,543,25.206164
1000.0,544,30.497782
1990.0,933,39.736022
