# {"t_start": 1681278781.7457213, "env_id": "MsPacmanNoFrameskip-v4"} 
r,l,t
1000.0,546,5.798019
1470.0,937,15.309461
990.0,485,20.031518
1470.0,937,29.096345
1000.0,542,34.487754
990.0,487,39.236903
990.0,487,44.065973
