# {"t_start": 1681278781.6374419, "env_id": "MsPacmanNoFrameskip-v4"} 
r,l,t
1470.0,937,9.782269
990.0,483,14.759961
1000.0,548,20.140697
1470.0,942,29.27794
990.0,488,34.078079
990.0,486,38.88457
