# {"t_start": 1681278781.8256257, "env_id": "MsPacmanNoFrameskip-v4"} 
r,l,t
1470.0,940,9.653688
1470.0,939,19.115547
1000.0,547,24.396789
990.0,485,29.116079
990.0,485,33.84959
990.0,483,38.6376
990.0,488,43.403731
