# {"t_start": 1681278781.7962248, "env_id": "MsPacmanNoFrameskip-v4"} 
r,l,t
990.0,482,5.031503
990.0,481,9.893122
1990.0,930,19.291132
990.0,486,23.825112
1470.0,937,32.980007
1470.0,939,42.26825
