# {"t_start": 1681278781.8472757, "env_id": "MsPacmanNoFrameskip-v4"} 
r,l,t
1000.0,547,5.72026
990.0,482,10.532136
990.0,482,15.444423
1990.0,931,24.54087
990.0,482,29.232481
1470.0,941,38.439122
1000.0,545,43.840637
