# {"t_start": 1681278781.7914987, "env_id": "MsPacmanNoFrameskip-v4"} 
r,l,t
1990.0,930,9.497151
1990.0,936,19.024256
1990.0,935,27.993896
1990.0,930,37.181835
1470.0,940,46.515867
