# {"t_start": 1681278782.0262387, "env_id": "MsPacmanNoFrameskip-v4"} 
r,l,t
990.0,484,4.839692
990.0,481,9.706002
990.0,484,14.599808
1470.0,941,23.737708
1470.0,939,32.891798
990.0,488,37.778134
1000.0,543,43.130033
