# {"t_start": 1681414583.904993, "env_id": "SkiingNoFrameskip-v4"} 
r,l,t
-29980.0,4504,37.230596
-29960.0,4501,75.520535
-29965.0,4502,113.556602
-29997.0,4507,151.40552
-29950.0,4500,189.450305
-29955.0,4501,227.394365
