# {"t_start": 1681414583.938003, "env_id": "SkiingNoFrameskip-v4"} 
r,l,t
-29993.0,4506,37.257233
-29972.0,4503,75.602179
-29993.0,4506,113.67903
-29985.0,4505,151.478356
-29962.0,4502,189.589264
-29997.0,4507,227.627161
