# {"t_start": 1681414584.238515, "env_id": "SkiingNoFrameskip-v4"} 
r,l,t
-29995.0,4507,36.985111
-29995.0,4507,75.384293
-29985.0,4505,113.430068
-29963.0,4502,151.20687
-29950.0,4500,189.263192
-29970.0,4503,227.25085
