# {"t_start": 1681414584.272074, "env_id": "SkiingNoFrameskip-v4"} 
r,l,t
-29992.0,4506,36.921911
-29963.0,4502,75.240033
-29977.0,4504,113.301485
-29955.0,4501,151.0121
-29950.0,4500,189.053389
-29972.0,4503,227.054725
