# {"t_start": 1681414584.3063116, "env_id": "SkiingNoFrameskip-v4"} 
r,l,t
-29968.0,4503,36.796633
-29995.0,4507,75.260164
-29965.0,4502,113.267388
-29967.0,4502,151.005638
-29960.0,4501,189.081502
-29997.0,4507,227.130272
