# {"t_start": 1681414584.3377175, "env_id": "SkiingNoFrameskip-v4"} 
r,l,t
-29970.0,4503,36.765056
-29952.0,4500,75.036249
-29975.0,4504,113.122929
-29983.0,4505,150.922078
-29992.0,4506,189.11829
-29965.0,4502,227.057778
