# {"t_start": 1681414584.3717568, "env_id": "SkiingNoFrameskip-v4"} 
r,l,t
-29953.0,4500,36.652816
-29967.0,4502,74.976989
-29957.0,4501,113.008741
-29973.0,4503,150.792968
-29968.0,4503,188.894523
-29962.0,4502,226.849361
-29960.0,4501,264.988991
