# {"t_start": 1681414584.4040558, "env_id": "SkiingNoFrameskip-v4"} 
r,l,t
-29953.0,4500,36.62081
-29963.0,4502,74.942868
-29972.0,4503,113.01137
-29980.0,4504,150.800049
-29995.0,4507,189.013405
-29958.0,4501,226.945971
