# {"t_start": 1681414583.968467, "env_id": "SkiingNoFrameskip-v4"} 
r,l,t
-29953.0,4500,37.05539
-29950.0,4500,75.326518
-29972.0,4503,113.411625
-29965.0,4502,151.165169
-29972.0,4503,189.269566
-29973.0,4503,227.253427
-29967.0,4502,265.41869
