# {"t_start": 1681414584.0067317, "env_id": "SkiingNoFrameskip-v4"} 
r,l,t
-29985.0,4505,37.156367
-29962.0,4502,75.472887
-29977.0,4504,113.536615
-29962.0,4502,151.276872
-29958.0,4501,189.34907
-29990.0,4506,227.387834
