# {"t_start": 1681414584.0373816, "env_id": "SkiingNoFrameskip-v4"} 
r,l,t
-29962.0,4502,37.039518
-29963.0,4502,75.363065
-29998.0,4507,113.506286
-29995.0,4507,151.328072
-29997.0,4507,189.552806
-29983.0,4505,227.554379
