# {"t_start": 1681414584.0703678, "env_id": "SkiingNoFrameskip-v4"} 
r,l,t
-29982.0,4505,37.091987
-29975.0,4504,75.46874
-29992.0,4506,113.54734
-29977.0,4504,151.318237
-29977.0,4504,189.481327
-29963.0,4502,227.445622
