# {"t_start": 1681414584.104749, "env_id": "SkiingNoFrameskip-v4"} 
r,l,t
-29957.0,4501,36.946548
-29950.0,4500,75.215203
-29953.0,4500,113.24158
-29983.0,4505,151.058826
-29962.0,4502,189.132499
-29975.0,4504,227.148393
-29968.0,4503,265.315917
