# {"t_start": 1681414584.1371796, "env_id": "SkiingNoFrameskip-v4"} 
r,l,t
-29992.0,4506,37.056993
-29957.0,4501,75.342939
-29957.0,4501,113.351981
-29960.0,4501,151.066102
-29957.0,4501,189.152464
-29988.0,4506,227.188836
-29978.0,4504,265.338522
