# {"t_start": 1681414584.1711712, "env_id": "SkiingNoFrameskip-v4"} 
r,l,t
-29953.0,4500,36.85292
-29993.0,4506,75.281478
-29987.0,4505,113.373001
-29953.0,4500,151.070651
-29982.0,4505,189.2456
-29978.0,4504,227.224104
