# {"t_start": 1681414584.2051084, "env_id": "SkiingNoFrameskip-v4"} 
r,l,t
-29970.0,4503,36.898539
-29950.0,4500,75.168259
-29970.0,4503,113.23438
-29988.0,4506,151.054089
-29975.0,4504,189.211886
-29997.0,4507,227.256397
