# {"t_start": 1680962584.195947, "env_id": "MsPacmanNoFrameskip-v4"} 
r,l,t
1040.0,1074,12.335063
1080.0,1077,23.495322
1080.0,1080,34.585648
1400.0,655,41.287059
1400.0,660,48.069106
1400.0,660,54.676033
1040.0,1073,65.332595
