# {"t_start": 1680962584.3249884, "env_id": "MsPacmanNoFrameskip-v4"} 
r,l,t
2300.0,918,10.551881
2300.0,915,20.133859
1080.0,1077,31.107994
1040.0,1078,42.190972
1040.0,1071,53.090604
1400.0,654,59.626427
