# {"t_start": 1680962584.9904516, "env_id": "MsPacmanNoFrameskip-v4"} 
r,l,t
1040.0,1074,11.54102
1040.0,1071,22.589079
1040.0,1074,33.608858
1400.0,659,40.353584
1400.0,657,47.105766
1040.0,1078,57.963884
