# {"t_start": 1680962585.0578687, "env_id": "MsPacmanNoFrameskip-v4"} 
r,l,t
1400.0,660,7.168968
1400.0,660,14.069743
1080.0,1080,25.15512
1040.0,1073,36.199459
1040.0,1071,47.168286
1040.0,1074,57.963182
