# {"t_start": 1680962585.013951, "env_id": "MsPacmanNoFrameskip-v4"} 
r,l,t
1080.0,1081,11.641269
1040.0,1073,22.743912
1040.0,1075,33.730311
1400.0,654,40.418226
1040.0,1071,51.345706
1080.0,1078,62.090257
