# {"t_start": 1680962585.14568, "env_id": "MsPacmanNoFrameskip-v4"} 
r,l,t
1400.0,656,7.003987
1400.0,660,13.919227
1080.0,1077,24.943974
2300.0,916,34.405096
2300.0,915,43.864304
1040.0,1078,54.740178
1400.0,657,61.231746
