# {"t_start": 1680962585.1680162, "env_id": "MsPacmanNoFrameskip-v4"} 
r,l,t
1040.0,1074,11.371135
1080.0,1075,22.480507
1400.0,657,29.176153
1040.0,1076,40.233084
1080.0,1081,51.297088
1080.0,1077,62.035405
