# {"t_start": 1680962585.2548723, "env_id": "MsPacmanNoFrameskip-v4"} 
r,l,t
2300.0,914,9.56324
2300.0,916,19.158025
1040.0,1072,30.085833
2300.0,917,39.482574
1400.0,656,46.241143
1400.0,655,52.837928
2300.0,915,61.990081
