# {"t_start": 1680962584.3418763, "env_id": "MsPacmanNoFrameskip-v4"} 
r,l,t
2300.0,920,10.581364
1080.0,1078,21.778478
2300.0,920,31.192398
1080.0,1080,42.307738
1400.0,655,49.021214
1040.0,1078,59.810047
