# {"t_start": 1680962584.4422176, "env_id": "MsPacmanNoFrameskip-v4"} 
r,l,t
2300.0,914,10.375934
1040.0,1071,21.5278
1080.0,1078,32.581043
1080.0,1077,43.701583
1080.0,1078,54.629825
2300.0,917,63.737002
