# {"t_start": 1680962584.5168931, "env_id": "MsPacmanNoFrameskip-v4"} 
r,l,t
1080.0,1080,12.106245
1400.0,655,18.922163
1040.0,1075,29.88881
1400.0,655,36.602557
1080.0,1076,47.659799
1040.0,1077,58.504243
