# {"t_start": 1680962584.6274912, "env_id": "MsPacmanNoFrameskip-v4"} 
r,l,t
1400.0,655,7.490475
1040.0,1073,18.725379
1080.0,1082,29.778344
1400.0,660,36.563989
1040.0,1078,47.689505
1040.0,1076,58.492509
