# {"t_start": 1680962584.7168992, "env_id": "MsPacmanNoFrameskip-v4"} 
r,l,t
1400.0,658,7.469159
1400.0,657,14.318286
1080.0,1081,25.424536
1040.0,1075,36.499487
1040.0,1075,47.549238
1040.0,1073,58.336334
