# {"t_start": 1680962584.6758583, "env_id": "MsPacmanNoFrameskip-v4"} 
r,l,t
1040.0,1072,11.813601
1040.0,1071,22.856167
2300.0,914,32.272025
1040.0,1076,43.372312
1400.0,655,50.028789
1400.0,657,56.629691
1400.0,656,63.148343
