# {"t_start": 1680962584.7411664, "env_id": "MsPacmanNoFrameskip-v4"} 
r,l,t
1080.0,1081,11.914153
1040.0,1072,22.9848
1040.0,1072,33.940058
2300.0,915,43.401214
1040.0,1072,54.23335
1400.0,659,60.768979
