# {"t_start": 1680962584.9218698, "env_id": "MsPacmanNoFrameskip-v4"} 
r,l,t
2300.0,914,9.897026
2300.0,920,19.564871
2300.0,919,28.849382
2300.0,914,38.273508
1400.0,658,45.108107
1080.0,1079,55.980033
