# {"t_start": 1680811684.4207242, "env_id": "TimePilotNoFrameskip-v4"} 
r,l,t
3800.0,1026,13.849362
4300.0,2227,42.469028
4400.0,1897,66.53372
4000.0,1553,161.66528
4400.0,1695,185.798959
4000.0,1296,204.03777
4300.0,1505,294.038475
4500.0,2517,631.57443
1100.0,1649,760.082039
