# {"t_start": 1680947117.2083774, "env_id": "TimePilotNoFrameskip-v4"} 
r,l,t
4200.0,1515,22.397567
3900.0,1624,40.666131
4800.0,1999,63.264779
