# {"t_start": 1680811684.4283185, "env_id": "TimePilotNoFrameskip-v4"} 
r,l,t
4200.0,1756,22.993654
4800.0,2663,57.780097
4200.0,2113,159.412155
5100.0,3118,203.767591
800.0,1526,294.444582
4400.0,2463,627.560741
3800.0,1573,750.231286
