# {"t_start": 1680947117.2230542, "env_id": "TimePilotNoFrameskip-v4"} 
r,l,t
4400.0,1878,26.528082
4400.0,2272,51.961546
3900.0,1789,72.437387
