# {"t_start": 1680947117.2446394, "env_id": "TimePilotNoFrameskip-v4"} 
r,l,t
4200.0,1928,27.09674
4300.0,1840,47.668274
800.0,996,58.943114
4100.0,1391,74.852271
