# {"t_start": 1680811684.4760456, "env_id": "TimePilotNoFrameskip-v4"} 
r,l,t
8100.0,2669,34.933076
4100.0,1438,53.576267
900.0,1725,76.008267
4200.0,1493,170.596112
7800.0,2184,201.546191
700.0,1302,264.359002
4500.0,1859,549.939619
600.0,1148,639.770107
4300.0,1787,779.238033
