# {"t_start": 1680947117.2429814, "env_id": "TimePilotNoFrameskip-v4"} 
r,l,t
800.0,1232,19.19225
900.0,1174,32.390409
4300.0,2083,55.703701
