# {"t_start": 1680811684.481795, "env_id": "TimePilotNoFrameskip-v4"} 
r,l,t
3900.0,1681,21.872583
1400.0,2037,48.435043
4400.0,1815,71.839557
800.0,1278,163.18617
800.0,1178,179.942401
900.0,1127,195.79296
8000.0,3211,411.490108
700.0,1349,628.319328
4100.0,2080,790.962968
