# {"t_start": 1680811684.484944, "env_id": "TimePilotNoFrameskip-v4"} 
r,l,t
4900.0,2742,35.972847
4000.0,1609,56.782679
4300.0,2015,156.827935
4300.0,1860,183.523462
4200.0,1987,219.133829
1100.0,1545,368.60744
4600.0,2313,660.998044
4500.0,2249,836.285496
