# {"t_start": 1680947117.2519379, "env_id": "TimePilotNoFrameskip-v4"} 
r,l,t
4400.0,1641,23.784611
1000.0,1394,39.492696
3900.0,1569,57.079356
