# {"t_start": 1680947117.2633765, "env_id": "TimePilotNoFrameskip-v4"} 
r,l,t
4900.0,3036,39.65079
800.0,1294,54.01498
