# {"t_start": 1680811684.4894092, "env_id": "TimePilotNoFrameskip-v4"} 
r,l,t
900.0,1315,17.358869
4500.0,1852,41.313185
4000.0,1257,57.567478
8000.0,2661,167.132938
4000.0,1636,190.354375
4200.0,2197,272.723788
800.0,1692,545.200167
4400.0,1684,677.631192
