# {"t_start": 1680811684.4960408, "env_id": "TimePilotNoFrameskip-v4"} 
r,l,t
1200.0,1628,21.208268
4000.0,1477,40.530118
900.0,1789,63.406208
4200.0,1571,158.128327
4200.0,1857,184.668221
900.0,1800,211.628654
4500.0,1822,382.185567
1000.0,1643,621.253153
1000.0,1357,727.135301
4100.0,1414,837.091113
