# {"t_start": 1680947117.2595105, "env_id": "TimePilotNoFrameskip-v4"} 
r,l,t
3900.0,1512,22.269251
4800.0,2928,55.261392
