# {"t_start": 1680811684.5009198, "env_id": "TimePilotNoFrameskip-v4"} 
r,l,t
3800.0,1190,15.811378
5000.0,2765,51.538424
4000.0,1542,71.280068
4600.0,1899,171.649014
4200.0,1315,190.165725
700.0,1229,207.534658
4300.0,1614,333.313728
4300.0,1484,578.111434
500.0,1164,669.300291
700.0,1176,759.958069
