# {"t_start": 1680947117.258621, "env_id": "TimePilotNoFrameskip-v4"} 
r,l,t
4200.0,1758,25.095405
4800.0,2564,53.916568
