# {"t_start": 1680811684.4441793, "env_id": "TimePilotNoFrameskip-v4"} 
r,l,t
4100.0,1547,20.250111
4700.0,1976,45.99272
4300.0,2761,82.239095
4500.0,2512,191.688737
4300.0,1745,244.766118
4600.0,1520,392.37005
1300.0,2228,678.472518
1100.0,1599,802.844431
