# {"t_start": 1680947117.217803, "env_id": "TimePilotNoFrameskip-v4"} 
r,l,t
800.0,1273,19.694835
4200.0,1886,40.900991
4000.0,1627,59.226448
3900.0,1432,75.62503
