# {"t_start": 1680947117.2207396, "env_id": "TimePilotNoFrameskip-v4"} 
r,l,t
7700.0,2937,38.533844
4600.0,1651,57.057914
