# {"t_start": 1680811684.4407783, "env_id": "TimePilotNoFrameskip-v4"} 
r,l,t
4000.0,1758,23.019996
4100.0,2445,54.888883
4700.0,1963,80.633101
4200.0,2002,182.708083
4400.0,2481,252.908089
4100.0,2009,550.009975
4300.0,2329,732.599239
