# {"t_start": 1680811684.444633, "env_id": "TimePilotNoFrameskip-v4"} 
r,l,t
600.0,1121,14.914284
900.0,1294,31.401317
1500.0,1643,52.843905
800.0,1494,71.954991
4000.0,1821,171.135111
4700.0,2042,200.053856
4200.0,2100,324.289468
4500.0,1924,609.685311
