# {"t_start": 1680947117.2343578, "env_id": "TimePilotNoFrameskip-v4"} 
r,l,t
3800.0,1617,23.510529
4200.0,2032,46.317786
4400.0,1995,68.819339
