# {"t_start": 1680811684.4495635, "env_id": "TimePilotNoFrameskip-v4"} 
r,l,t
8400.0,2285,29.816675
3900.0,1458,48.768294
4500.0,1853,72.736006
1200.0,1999,174.538975
800.0,1350,193.671113
900.0,1362,225.41211
4400.0,1656,383.399276
1300.0,2128,661.495127
