# {"t_start": 1680947117.23665, "env_id": "TimePilotNoFrameskip-v4"} 
r,l,t
1000.0,920,15.74878
1100.0,1727,35.097622
800.0,1474,51.462491
4600.0,2112,75.817306
