# {"t_start": 1680947117.241678, "env_id": "TimePilotNoFrameskip-v4"} 
r,l,t
4300.0,1887,26.629256
8200.0,3482,65.922914
