# {"t_start": 1680811684.4565604, "env_id": "TimePilotNoFrameskip-v4"} 
r,l,t
4500.0,2224,28.994674
4500.0,1974,54.796364
4200.0,2044,81.64827
4800.0,2358,188.816472
4300.0,1612,219.133602
4100.0,1387,346.04281
4000.0,1984,622.108281
