# {"t_start": 1680947117.2426972, "env_id": "TimePilotNoFrameskip-v4"} 
r,l,t
4500.0,2061,28.627384
600.0,1733,47.992731
4600.0,2410,75.599277
