# {"t_start": 1680811684.4619396, "env_id": "TimePilotNoFrameskip-v4"} 
r,l,t
800.0,1903,24.800811
800.0,1106,39.228557
4400.0,1640,60.44063
1000.0,1344,78.048914
4500.0,1847,177.835035
4500.0,2062,207.027984
4400.0,1846,366.735064
1000.0,1669,607.644981
4300.0,2902,835.084591
