# {"t_start": 1680811684.465597, "env_id": "TimePilotNoFrameskip-v4"} 
r,l,t
4300.0,2303,30.078451
3900.0,1545,50.207904
1700.0,1645,71.262416
3800.0,1548,166.561356
4200.0,1849,192.846028
600.0,926,205.754845
4700.0,2220,389.135637
4100.0,2060,661.921951
1500.0,1608,787.071421
