# {"t_start": 1680947117.2440176, "env_id": "TimePilotNoFrameskip-v4"} 
r,l,t
4200.0,1513,22.31403
4000.0,1465,38.822164
1300.0,1734,58.323815
800.0,1153,71.320849
