# {"t_start": 1680811684.470112, "env_id": "TimePilotNoFrameskip-v4"} 
r,l,t
900.0,1198,15.939799
600.0,1229,31.528931
4200.0,1392,49.670441
4000.0,1765,72.35314
3900.0,1776,170.912663
1100.0,1472,191.8143
4300.0,2162,277.818995
900.0,1690,549.944884
4100.0,1679,682.004556
4000.0,1770,819.684425
