# {"t_start": 1680947117.2418895, "env_id": "TimePilotNoFrameskip-v4"} 
r,l,t
4800.0,2354,31.97169
4300.0,2224,56.914472
