# {"t_start": 1680804741.8002295, "env_id": "AssaultNoFrameskip-v4"} 
r,l,t
8480.0,5475,89.332456
4611.0,3167,140.963309
6325.0,4059,207.589682
3680.0,2783,253.383357
5581.0,3502,310.114202
4858.0,3339,362.416344
