# {"t_start": 1680800524.2025414, "env_id": "AssaultNoFrameskip-v4"} 
r,l,t
8802.0,5536,92.72619
3451.0,2572,133.71687
2771.0,2077,166.827044
4940.0,3324,219.85468
8138.0,5232,305.712414
3316.0,2496,346.236928
