# {"t_start": 1680800104.0271487, "env_id": "AssaultNoFrameskip-v4"} 
r,l,t
8140.0,4818,80.90573
3264.0,2348,119.873995
2394.0,1660,147.511851
6765.0,4457,222.170608
