# {"t_start": 1680800104.1378493, "env_id": "AssaultNoFrameskip-v4"} 
r,l,t
1847.0,1298,22.162977
2541.0,1769,51.332852
3731.0,2500,92.812744
5568.0,3468,150.813114
3139.0,2190,187.410462
2771.0,2118,222.658897
