# {"t_start": 1680800524.3189127, "env_id": "AssaultNoFrameskip-v4"} 
r,l,t
3679.0,2921,49.443966
3473.0,2594,92.043691
3388.0,2785,136.536435
6809.0,4253,204.165263
4295.0,3312,258.57365
3233.0,2499,299.264532
6388.0,4091,366.219201
