# {"t_start": 1680804741.8071005, "env_id": "AssaultNoFrameskip-v4"} 
r,l,t
4362.0,3197,52.723512
5640.0,4011,117.400683
2278.0,1564,142.859877
8949.0,5497,233.3265
2267.0,1633,260.230556
9260.0,5763,352.853841
