# {"t_start": 1680804742.494165, "env_id": "AssaultNoFrameskip-v4"} 
r,l,t
6316.0,3849,62.383966
2875.0,2366,100.521953
7942.0,4804,179.079559
4063.0,3082,229.895406
3637.0,2894,277.134872
3190.0,2502,317.664313
3535.0,2564,357.683016
3651.0,2692,396.933802
