# {"t_start": 1680800104.7731366, "env_id": "AssaultNoFrameskip-v4"} 
r,l,t
4810.0,3194,53.009392
3254.0,2417,93.068281
3514.0,2414,133.353048
3003.0,2072,167.999701
3797.0,2572,211.139782
