# {"t_start": 1680800525.0032578, "env_id": "AssaultNoFrameskip-v4"} 
r,l,t
6479.0,4121,68.738383
8560.0,5501,156.980891
3607.0,2914,203.368917
3265.0,2310,240.953962
3419.0,2436,281.073742
5946.0,3886,344.302304
