# {"t_start": 1680804742.5693665, "env_id": "AssaultNoFrameskip-v4"} 
r,l,t
3555.0,2666,43.503024
3661.0,2787,88.066616
7990.0,5247,173.737789
7962.0,4764,252.277611
5002.0,3581,310.318757
4683.0,3393,363.336774
