# {"t_start": 1680800525.0439572, "env_id": "AssaultNoFrameskip-v4"} 
r,l,t
8672.0,5568,92.425707
3409.0,2631,134.37835
3210.0,2536,174.860048
8752.0,5149,258.403466
6371.0,4653,333.992099
3761.0,2855,381.049804
