# {"t_start": 1680800104.8833103, "env_id": "AssaultNoFrameskip-v4"} 
r,l,t
3564.0,2687,44.407673
3326.0,2335,83.241602
3012.0,1982,116.052781
2351.0,1549,141.951758
3168.0,2403,182.149307
2234.0,1536,207.798638
2771.0,1985,240.412495
