# {"t_start": 1680800104.9441679, "env_id": "AssaultNoFrameskip-v4"} 
r,l,t
2204.0,1646,27.103883
4026.0,2752,72.762552
2478.0,1884,103.831474
2603.0,1761,133.299064
1920.0,1439,157.313992
2761.0,1898,189.039638
4835.0,3223,242.544176
