# {"t_start": 1680800525.1574807, "env_id": "AssaultNoFrameskip-v4"} 
r,l,t
3272.0,2690,44.735883
3615.0,2833,91.351119
3473.0,2564,132.276863
3688.0,2817,177.309171
6974.0,4827,255.540504
1973.0,1514,280.152416
8095.0,5180,364.869316
