# {"t_start": 1680804742.6589053, "env_id": "AssaultNoFrameskip-v4"} 
r,l,t
8792.0,5507,88.990173
8099.0,4948,169.751707
3232.0,2433,209.858478
3702.0,2521,251.324512
3419.0,2631,293.724471
5695.0,3932,356.398268
