# {"t_start": 1680800525.2279828, "env_id": "AssaultNoFrameskip-v4"} 
r,l,t
3825.0,2885,47.942694
3646.0,2783,93.689095
9060.0,5583,182.852379
7044.0,4624,258.049258
6725.0,4137,325.151679
4339.0,3261,378.900963
