# {"t_start": 1680800105.0535147, "env_id": "AssaultNoFrameskip-v4"} 
r,l,t
2551.0,1861,30.529421
2278.0,1499,55.404734
3398.0,2443,95.780406
3574.0,2752,141.82726
3504.0,2311,180.44408
5823.0,3660,241.352483
