# {"t_start": 1680804742.719015, "env_id": "AssaultNoFrameskip-v4"} 
r,l,t
5085.0,3440,55.644181
9381.0,5853,150.686131
3462.0,2507,191.733864
4637.0,3130,243.461711
3263.0,2526,284.116024
6418.0,4364,354.177451
