# {"t_start": 1680804742.835461, "env_id": "AssaultNoFrameskip-v4"} 
r,l,t
8146.0,5136,82.823771
8324.0,5265,168.659776
3428.0,2665,212.725935
9069.0,5354,299.889688
9661.0,6168,394.687262
