# {"t_start": 1680800525.319012, "env_id": "AssaultNoFrameskip-v4"} 
r,l,t
6281.0,4076,67.630008
8576.0,5427,154.741051
3253.0,2441,193.571352
3585.0,2560,235.049567
4101.0,2763,280.528528
3888.0,2982,328.782024
5937.0,3757,390.607389
