# {"t_start": 1680800105.1936436, "env_id": "AssaultNoFrameskip-v4"} 
r,l,t
3473.0,2538,41.719423
2592.0,1954,74.142957
3431.0,2373,113.344853
2341.0,1553,139.322973
3670.0,2719,184.931386
1763.0,1310,206.708319
3326.0,2435,247.01757
