# {"t_start": 1680804742.9055865, "env_id": "AssaultNoFrameskip-v4"} 
r,l,t
3441.0,2463,39.765195
3709.0,2999,87.874501
8074.0,5167,172.273982
1911.0,1508,196.982739
2414.0,1725,225.4515
5210.0,3372,280.320424
8088.0,4932,358.891276
3471.0,2604,396.804156
