# {"t_start": 1680800105.2725987, "env_id": "AssaultNoFrameskip-v4"} 
r,l,t
3389.0,2442,40.009734
1354.0,1023,56.996693
3126.0,2240,94.020947
2623.0,1876,125.208154
3514.0,2477,166.710745
2739.0,1857,197.701933
4099.0,2917,246.085219
