# {"t_start": 1680800525.4369543, "env_id": "AssaultNoFrameskip-v4"} 
r,l,t
3159.0,2335,38.451445
12165.0,7178,154.769111
9517.0,5615,245.319364
3733.0,2753,290.684562
5788.0,3919,354.479727
