# {"t_start": 1680804741.876486, "env_id": "AssaultNoFrameskip-v4"} 
r,l,t
3044.0,2156,35.780161
3400.0,2557,76.712632
3117.0,2177,111.851238
4078.0,3137,163.115177
4045.0,3162,215.328856
5126.0,3530,273.184771
3253.0,2405,311.941796
8986.0,5376,393.831989
