# {"t_start": 1680800524.38139, "env_id": "AssaultNoFrameskip-v4"} 
r,l,t
3210.0,2592,43.904236
3626.0,2785,89.763799
3650.0,2845,135.262146
3359.0,2596,176.722399
5253.0,3657,235.366324
13063.0,8124,368.594456
