# {"t_start": 1680800104.1701524, "env_id": "AssaultNoFrameskip-v4"} 
r,l,t
2014.0,1396,23.798979
4201.0,2776,69.8022
2823.0,2013,103.05621
2234.0,1536,128.60802
3094.0,2423,169.21669
5131.0,3226,223.073994
