# {"t_start": 1680800104.2771225, "env_id": "AssaultNoFrameskip-v4"} 
r,l,t
3066.0,2229,37.405212
2131.0,1490,62.170685
1112.0,806,75.414675
2730.0,1932,107.345648
4099.0,2843,154.865806
3703.0,2526,197.174305
2330.0,1566,223.188218
1962.0,1407,246.343288
