# {"t_start": 1680804741.946773, "env_id": "AssaultNoFrameskip-v4"} 
r,l,t
7920.0,4946,80.639357
8088.0,4946,161.228236
6542.0,4544,236.128575
3978.0,2987,284.508976
8398.0,5025,364.337035
