# {"t_start": 1680800524.4194362, "env_id": "AssaultNoFrameskip-v4"} 
r,l,t
9774.0,6110,101.744431
3190.0,2434,140.52512
11506.0,7231,257.319229
2067.0,1444,280.785488
3710.0,2751,325.175555
6400.0,4064,392.19572
