# {"t_start": 1680800524.5656674, "env_id": "AssaultNoFrameskip-v4"} 
r,l,t
8095.0,5180,86.505423
3201.0,2588,128.042864
3127.0,2494,167.664637
5935.0,4075,233.056598
9548.0,6200,334.47029
3762.0,2954,383.128256
