# {"t_start": 1680800104.3124907, "env_id": "AssaultNoFrameskip-v4"} 
r,l,t
2582.0,1672,28.119406
2223.0,1626,55.010295
2180.0,1533,80.468865
2907.0,2081,114.803478
3524.0,2592,158.321514
3293.0,2435,199.043552
2456.0,1538,224.572521
