# {"t_start": 1680804742.038826, "env_id": "AssaultNoFrameskip-v4"} 
r,l,t
3346.0,2720,44.974221
6230.0,4009,109.248231
8469.0,5258,195.606352
3880.0,3104,246.743916
5067.0,3218,298.713768
5149.0,3757,358.387329
