# {"t_start": 1680800524.619943, "env_id": "AssaultNoFrameskip-v4"} 
r,l,t
8386.0,5602,93.385303
3973.0,3307,146.012368
3771.0,2939,192.788833
4381.0,3403,248.088813
3418.0,2562,290.240211
3211.0,2405,328.934274
3752.0,2851,375.987733
