# {"t_start": 1680804742.0852466, "env_id": "AssaultNoFrameskip-v4"} 
r,l,t
3659.0,2890,47.645914
6052.0,3643,106.082872
8240.0,5039,188.623958
9523.0,10155,353.752019
