# {"t_start": 1680800104.4196076, "env_id": "AssaultNoFrameskip-v4"} 
r,l,t
2792.0,1984,33.154051
3494.0,2599,76.414389
3211.0,2347,115.168738
3690.0,2785,161.935605
3138.0,2240,199.414243
1931.0,1461,223.593678
2079.0,1453,247.561003
