# {"t_start": 1680800524.7264087, "env_id": "AssaultNoFrameskip-v4"} 
r,l,t
3180.0,2378,39.908792
3305.0,2752,85.366467
4549.0,3422,140.161336
2624.0,2146,174.399148
9479.0,5554,264.673559
3733.0,2884,311.389317
3440.0,2785,356.877801
