# {"t_start": 1680804742.2126954, "env_id": "AssaultNoFrameskip-v4"} 
r,l,t
3720.0,2622,43.100873
6325.0,4059,108.292109
3523.0,2700,152.395348
3326.0,2478,193.071015
4078.0,3137,244.893234
4057.0,3214,296.699878
3493.0,2401,335.933889
