# {"t_start": 1680800104.4784875, "env_id": "AssaultNoFrameskip-v4"} 
r,l,t
3012.0,2041,34.097451
2194.0,1505,59.083927
3336.0,2438,99.343937
3233.0,2358,138.816085
2991.0,2254,176.480656
1931.0,1460,200.928136
3618.0,2625,244.321295
