# {"t_start": 1680804742.2644558, "env_id": "AssaultNoFrameskip-v4"} 
r,l,t
3785.0,2564,42.149094
8072.0,5387,129.113953
8244.0,4977,210.970229
8240.0,5039,293.084032
1795.0,1411,316.08724
3252.0,2504,355.537396
