# {"t_start": 1680800524.792612, "env_id": "AssaultNoFrameskip-v4"} 
r,l,t
2634.0,1856,31.128366
5880.0,4061,98.062886
3658.0,2756,141.983421
8180.0,5184,224.983987
4970.0,3315,279.513588
3626.0,2814,324.95159
5398.0,3808,387.661247
