# {"t_start": 1680800104.5511253, "env_id": "AssaultNoFrameskip-v4"} 
r,l,t
2917.0,2180,36.3457
3316.0,2432,76.818191
4351.0,2944,125.657254
8346.0,5023,209.919143
