# {"t_start": 1680804742.3365707, "env_id": "AssaultNoFrameskip-v4"} 
r,l,t
3878.0,2987,48.948145
8552.0,5662,140.538545
9473.0,5948,238.478208
3368.0,2596,280.536353
3348.0,2570,322.259738
7898.0,4867,395.616086
