# {"t_start": 1680800524.8556948, "env_id": "AssaultNoFrameskip-v4"} 
r,l,t
6157.0,4155,69.425652
5651.0,3961,133.202921
8344.0,5326,218.322606
8802.0,5515,308.744667
3503.0,2657,352.025503
