# {"t_start": 1680800104.6037116, "env_id": "AssaultNoFrameskip-v4"} 
r,l,t
3074.0,2304,38.335489
3055.0,2271,76.072299
2550.0,2088,110.567205
2623.0,1876,141.979391
5253.0,3515,200.959042
3398.0,2438,241.205442
