# {"t_start": 1680800104.7250805, "env_id": "AssaultNoFrameskip-v4"} 
r,l,t
2782.0,1997,33.095876
3127.0,2336,71.879754
2761.0,1952,104.110865
3670.0,2719,149.645355
3702.0,2624,193.630831
3223.0,2341,232.360196
