# {"t_start": 1680804742.4193435, "env_id": "AssaultNoFrameskip-v4"} 
r,l,t
8185.0,4752,76.996976
3724.0,2638,119.723784
3429.0,2429,159.388434
3620.0,2631,202.656879
6204.0,4168,271.174208
7408.0,4413,342.687919
2687.0,2147,374.380295
