# {"t_start": 1680800524.933813, "env_id": "AssaultNoFrameskip-v4"} 
r,l,t
5538.0,3776,62.986145
3586.0,2672,106.645764
7864.0,5260,190.25527
3722.0,2888,237.056136
3982.0,2986,286.120642
3285.0,2437,325.363753
