# {"t_start": 1681409228.781578, "env_id": "FreewayNoFrameskip-v4"} 
r,l,t
24.0,2047,23.240502
20.0,2044,46.648741
21.0,2047,70.10924
20.0,2046,93.640504
20.0,2042,116.942962
21.0,2048,140.051947
