# {"t_start": 1681409228.7986844, "env_id": "FreewayNoFrameskip-v4"} 
r,l,t
23.0,2041,22.965647
23.0,2041,46.294146
20.0,2044,69.682406
20.0,2043,93.122319
20.0,2044,116.526172
20.0,2044,139.613704
20.0,2043,162.335483
