# {"t_start": 1681409229.217257, "env_id": "FreewayNoFrameskip-v4"} 
r,l,t
21.0,2047,22.801615
22.0,2043,46.17527
21.0,2045,69.566324
23.0,2042,92.955771
22.0,2041,116.234861
20.0,2044,139.279434
