# {"t_start": 1681409229.186198, "env_id": "FreewayNoFrameskip-v4"} 
r,l,t
20.0,2044,22.701582
21.0,2048,46.278646
20.0,2043,69.598269
20.0,2043,93.035949
23.0,2042,116.352041
21.0,2048,139.474086
