# {"t_start": 1681409229.2245388, "env_id": "FreewayNoFrameskip-v4"} 
r,l,t
20.0,2044,22.664315
21.0,2041,45.992378
26.0,2045,69.389453
21.0,2046,92.903913
21.0,2047,116.404256
20.0,2043,139.385277
