# {"t_start": 1681409229.2722392, "env_id": "FreewayNoFrameskip-v4"} 
r,l,t
23.0,2041,22.492783
20.0,2043,45.90461
23.0,2042,69.208055
22.0,2044,92.687304
20.0,2044,116.085911
22.0,2043,139.138557
23.0,2042,161.831007
