# {"t_start": 1681409229.2683208, "env_id": "FreewayNoFrameskip-v4"} 
r,l,t
23.0,2041,22.496576
22.0,2043,45.906748
20.0,2044,69.271485
20.0,2045,92.7658
21.0,2048,116.309179
21.0,2042,139.268341
