# {"t_start": 1681409229.3066237, "env_id": "FreewayNoFrameskip-v4"} 
r,l,t
24.0,2047,22.710724
20.0,2043,46.086661
21.0,2047,69.538695
20.0,2043,92.968779
20.0,2046,116.415832
20.0,2044,139.437748
