# {"t_start": 1681409228.8503587, "env_id": "FreewayNoFrameskip-v4"} 
r,l,t
20.0,2046,23.121516
22.0,2043,46.498577
21.0,2045,69.880792
22.0,2043,93.322417
21.0,2042,116.650698
21.0,2047,139.757606
