# {"t_start": 1681409228.8934727, "env_id": "FreewayNoFrameskip-v4"} 
r,l,t
22.0,2043,22.95647
22.0,2043,46.367183
21.0,2048,69.842211
24.0,2047,93.417188
21.0,2048,116.91316
20.0,2046,139.982115
