# {"t_start": 1681409228.9215941, "env_id": "FreewayNoFrameskip-v4"} 
r,l,t
21.0,2045,23.016142
26.0,2045,46.469279
21.0,2047,69.921323
21.0,2045,93.418914
21.0,2045,116.834027
20.0,2043,139.823204
