# {"t_start": 1681409228.964879, "env_id": "FreewayNoFrameskip-v4"} 
r,l,t
23.0,2042,22.839719
23.0,2041,46.167871
21.0,2041,69.46957
21.0,2046,92.993289
20.0,2042,116.328355
26.0,2045,139.445755
20.0,2044,162.202304
