# {"t_start": 1681409229.0502818, "env_id": "FreewayNoFrameskip-v4"} 
r,l,t
24.0,2047,22.966756
21.0,2042,46.298139
23.0,2042,69.600644
23.0,2042,92.983245
21.0,2042,116.348744
21.0,2047,139.444097
23.0,2045,162.226293
