# {"t_start": 1681409229.0227504, "env_id": "FreewayNoFrameskip-v4"} 
r,l,t
23.0,2041,22.742352
21.0,2047,46.291663
19.0,2046,69.710463
23.0,2041,93.065213
21.0,2045,116.515494
21.0,2045,139.557297
