# {"t_start": 1681409229.0605438, "env_id": "FreewayNoFrameskip-v4"} 
r,l,t
22.0,2044,22.826945
23.0,2041,46.15668
22.0,2044,69.517974
21.0,2047,93.067156
26.0,2045,116.51692
21.0,2048,139.641399
