# {"t_start": 1681409229.1008606, "env_id": "FreewayNoFrameskip-v4"} 
r,l,t
24.0,2047,22.917068
24.0,2047,46.422982
20.0,2046,69.833057
20.0,2043,93.276153
23.0,2041,116.56796
20.0,2044,139.559058
