# {"t_start": 1680966455.1925726, "env_id": "TimePilotNoFrameskip-v4"} 
r,l,t
400.0,1076,11.392663
500.0,1261,23.613118
500.0,1264,35.464252
400.0,1343,48.181192
400.0,1348,60.880499
400.0,1348,73.655499
400.0,1809,90.583586
