# {"t_start": 1680966455.2164872, "env_id": "TimePilotNoFrameskip-v4"} 
r,l,t
400.0,1078,11.409384
400.0,1342,24.429085
500.0,1261,36.183417
400.0,1814,53.382461
400.0,1807,70.475442
400.0,1342,83.13413
