# {"t_start": 1680966455.8057323, "env_id": "TimePilotNoFrameskip-v4"} 
r,l,t
400.0,1076,10.779821
400.0,1807,28.272806
400.0,1810,45.308203
400.0,1347,57.952561
400.0,1345,70.774648
400.0,1814,87.747832
