# {"t_start": 1680966455.9080532, "env_id": "TimePilotNoFrameskip-v4"} 
r,l,t
400.0,1080,10.75771
400.0,1348,23.877905
500.0,1264,35.669799
400.0,1809,52.799257
400.0,1807,69.857966
400.0,1810,86.811916
