# {"t_start": 1680966455.9065566, "env_id": "TimePilotNoFrameskip-v4"} 
r,l,t
600.0,1095,10.947077
400.0,1809,28.42448
400.0,1811,45.450963
400.0,1342,58.061106
400.0,1807,75.185817
500.0,1262,86.951905
