# {"t_start": 1680966456.0104828, "env_id": "TimePilotNoFrameskip-v4"} 
r,l,t
400.0,1076,10.575145
400.0,1348,23.719294
500.0,1261,35.446786
400.0,1343,48.189694
400.0,1342,60.810921
400.0,1814,78.042425
