# {"t_start": 1680966456.0650015, "env_id": "TimePilotNoFrameskip-v4"} 
r,l,t
400.0,1076,10.521512
500.0,1259,22.697944
400.0,1345,35.308216
400.0,1812,52.491151
500.0,1265,64.418391
500.0,1261,76.394133
400.0,1347,88.878049
