# {"t_start": 1680966456.1312938, "env_id": "TimePilotNoFrameskip-v4"} 
r,l,t
400.0,1074,10.386106
400.0,1343,23.469897
400.0,1808,40.534389
400.0,1344,53.23168
400.0,1344,65.874078
400.0,1343,78.615836
