# {"t_start": 1680966455.3186905, "env_id": "TimePilotNoFrameskip-v4"} 
r,l,t
400.0,1080,11.346287
500.0,1262,23.56018
400.0,1347,36.215841
500.0,1264,48.161549
400.0,1343,60.802404
400.0,1814,78.019746
