# {"t_start": 1680966455.396037, "env_id": "TimePilotNoFrameskip-v4"} 
r,l,t
400.0,1074,11.121019
400.0,1807,28.636351
500.0,1262,40.454982
500.0,1261,52.291081
500.0,1262,64.229771
400.0,1344,76.970494
400.0,1343,89.4281
