# {"t_start": 1680966455.4188073, "env_id": "TimePilotNoFrameskip-v4"} 
r,l,t
600.0,1094,11.406615
400.0,1343,24.470125
400.0,1811,41.474958
400.0,1343,54.173803
500.0,1260,66.001385
400.0,1813,83.143364
