# {"t_start": 1680966455.5065975, "env_id": "TimePilotNoFrameskip-v4"} 
r,l,t
400.0,1075,11.048874
400.0,1809,28.599247
500.0,1266,40.437869
400.0,1348,53.143084
400.0,1814,70.332433
400.0,1812,87.311594
