# {"t_start": 1680966455.5681727, "env_id": "TimePilotNoFrameskip-v4"} 
r,l,t
400.0,1078,11.05873
400.0,1345,24.137715
500.0,1265,35.936113
400.0,1811,53.103118
400.0,1811,70.235952
400.0,1809,87.181235
