# {"t_start": 1680966455.6205876, "env_id": "TimePilotNoFrameskip-v4"} 
r,l,t
400.0,1074,10.89686
400.0,1807,28.41191
400.0,1341,40.989813
400.0,1812,58.057959
400.0,1343,70.872969
400.0,1345,83.50012
