# {"t_start": 1680966455.6773984, "env_id": "TimePilotNoFrameskip-v4"} 
r,l,t
600.0,1095,11.176044
400.0,1808,28.625137
400.0,1808,45.626
400.0,1342,58.236141
400.0,1808,75.368756
400.0,1347,87.975954
