# {"t_start": 1680966455.7993402, "env_id": "TimePilotNoFrameskip-v4"} 
r,l,t
400.0,1074,10.717531
400.0,1347,23.873246
400.0,1346,36.472362
400.0,1341,49.148853
400.0,1346,61.828598
500.0,1263,73.805893
400.0,1346,86.28475
