# {"t_start": 1681359574.2030303, "env_id": "FreewayNoFrameskip-v4"} 
r,l,t
0.0,2047,20.254466
0.0,2044,39.066584
0.0,2047,57.277627
0.0,2046,75.427942
0.0,2042,94.281074
0.0,2048,112.598418
