# {"t_start": 1681359574.2447557, "env_id": "FreewayNoFrameskip-v4"} 
r,l,t
0.0,2041,19.963793
0.0,2041,38.731727
0.0,2044,56.912155
0.0,2043,74.96649
0.0,2044,93.883757
0.0,2044,112.18994
0.0,2043,131.102051
