# {"t_start": 1681359574.5849845, "env_id": "FreewayNoFrameskip-v4"} 
r,l,t
0.0,2047,19.871909
0.0,2043,38.649693
0.0,2045,56.805781
0.0,2042,74.823545
0.0,2041,93.669696
0.0,2044,111.915029
