# {"t_start": 1681359574.6920934, "env_id": "FreewayNoFrameskip-v4"} 
r,l,t
0.0,2044,19.62753
0.0,2048,38.607054
0.0,2043,56.699376
0.0,2043,74.759681
0.0,2042,93.630026
0.0,2048,111.965062
