# {"t_start": 1681359574.6626813, "env_id": "FreewayNoFrameskip-v4"} 
r,l,t
0.0,2044,19.659524
0.0,2041,38.424774
0.0,2045,56.604556
0.0,2046,74.710787
0.0,2047,93.746192
0.0,2043,111.944686
