# {"t_start": 1681359574.6998956, "env_id": "FreewayNoFrameskip-v4"} 
r,l,t
0.0,2041,19.509274
0.0,2043,38.349032
0.0,2042,56.456871
0.0,2044,74.545404
0.0,2044,93.459455
0.0,2043,111.733485
0.0,2042,130.610903
