# {"t_start": 1681359574.7384403, "env_id": "FreewayNoFrameskip-v4"} 
r,l,t
0.0,2041,19.471277
0.0,2043,38.309303
0.0,2044,56.464756
0.0,2045,74.560595
0.0,2048,93.621701
0.0,2042,111.793526
