# {"t_start": 1681359574.8556116, "env_id": "FreewayNoFrameskip-v4"} 
r,l,t
0.0,2047,19.603379
0.0,2043,38.379647
0.0,2047,56.585295
0.0,2043,74.642775
0.0,2046,93.627855
0.0,2044,111.872416
