# {"t_start": 1681359574.2821414, "env_id": "FreewayNoFrameskip-v4"} 
r,l,t
0.0,2046,20.137789
0.0,2043,38.915146
0.0,2045,57.066011
0.0,2043,75.12605
0.0,2042,94.008538
0.0,2047,112.324705
