# {"t_start": 1681359574.3878672, "env_id": "FreewayNoFrameskip-v4"} 
r,l,t
0.0,2043,19.894436
0.0,2043,38.735387
0.0,2048,56.960852
0.0,2047,75.141835
0.0,2048,94.174208
0.0,2046,112.445609
