# {"t_start": 1681359574.3583157, "env_id": "FreewayNoFrameskip-v4"} 
r,l,t
0.0,2045,20.025665
0.0,2045,38.875389
0.0,2047,57.080263
0.0,2045,75.200169
0.0,2045,94.158098
0.0,2043,112.369182
