# {"t_start": 1681359574.3948257, "env_id": "FreewayNoFrameskip-v4"} 
r,l,t
0.0,2042,19.851774
0.0,2041,38.616638
0.0,2041,56.721833
0.0,2046,74.848994
0.0,2042,93.700847
0.0,2045,112.038251
0.0,2044,130.983753
