# {"t_start": 1681359574.5006194, "env_id": "FreewayNoFrameskip-v4"} 
r,l,t
0.0,2047,19.956465
0.0,2042,38.696804
0.0,2042,56.797664
0.0,2042,74.798175
0.0,2042,93.697087
0.0,2047,111.998221
0.0,2045,130.952712
