# {"t_start": 1681359574.5356286, "env_id": "FreewayNoFrameskip-v4"} 
r,l,t
0.0,2041,19.674087
0.0,2047,38.632775
0.0,2046,56.813429
0.0,2041,74.80775
0.0,2045,93.786383
0.0,2045,112.03741
