# {"t_start": 1681359574.5107818, "env_id": "FreewayNoFrameskip-v4"} 
r,l,t
0.0,2044,19.810002
0.0,2041,38.576747
0.0,2044,56.724284
0.0,2047,74.862622
0.0,2045,93.848594
0.0,2048,112.183358
