# {"t_start": 1681359574.6150465, "env_id": "FreewayNoFrameskip-v4"} 
r,l,t
0.0,2047,19.842741
0.0,2047,38.728423
0.0,2046,56.908786
0.0,2043,74.975307
0.0,2041,93.826902
0.0,2044,112.041703
