# {"t_start": 1680800271.2264569, "env_id": "FreewayNoFrameskip-v4"} 
r,l,t
0.0,2044,24.504871
0.0,2046,49.120578
0.0,2045,73.710614
0.0,2043,98.721849
0.0,2045,123.570288
0.0,2045,148.562614
