# {"t_start": 1680800819.8956928, "env_id": "FreewayNoFrameskip-v4"} 
r,l,t
0.0,2044,23.975273
0.0,2046,48.814987
0.0,2045,74.176677
0.0,2043,99.611223
0.0,2045,125.221936
0.0,2045,150.830412
