# {"t_start": 1680805221.0014985, "env_id": "FreewayNoFrameskip-v4"} 
r,l,t
20.0,2044,25.18378
21.0,2046,50.147967
20.0,2045,75.563235
22.0,2043,100.205019
21.0,2045,125.319951
21.0,2045,149.90507
