# {"t_start": 1680800819.967529, "env_id": "FreewayNoFrameskip-v4"} 
r,l,t
0.0,2046,23.980235
0.0,2046,48.820381
0.0,2043,74.104341
0.0,2043,99.541851
0.0,2046,125.17719
0.0,2042,150.707168
