# {"t_start": 1680805220.6894364, "env_id": "FreewayNoFrameskip-v4"} 
r,l,t
21.0,2046,25.573547
20.0,2046,50.532633
22.0,2043,75.873761
22.0,2043,100.517617
20.0,2046,125.672145
23.0,2042,150.169259
