# {"t_start": 1680800271.246589, "env_id": "FreewayNoFrameskip-v4"} 
r,l,t
0.0,2046,24.571812
0.0,2046,49.172027
0.0,2043,73.689051
0.0,2043,98.702952
0.0,2046,123.587044
0.0,2042,148.502591
