# {"t_start": 1680800271.910746, "env_id": "FreewayNoFrameskip-v4"} 
r,l,t
0.0,2047,23.947464
0.0,2042,48.400663
0.0,2042,72.899085
0.0,2042,97.862885
0.0,2042,122.677388
0.0,2047,147.748166
0.0,2045,172.337263
