# {"t_start": 1680805221.3039737, "env_id": "FreewayNoFrameskip-v4"} 
r,l,t
24.0,2047,24.990324
21.0,2042,49.803891
23.0,2042,75.133776
23.0,2042,99.733995
21.0,2042,124.795259
21.0,2047,149.425787
23.0,2045,174.233121
