# {"t_start": 1680800820.609118, "env_id": "FreewayNoFrameskip-v4"} 
r,l,t
0.0,2047,23.37789
0.0,2042,48.06188
0.0,2042,73.324752
0.0,2042,98.750216
0.0,2042,124.316922
0.0,2047,149.97004
