# {"t_start": 1680800271.9862344, "env_id": "FreewayNoFrameskip-v4"} 
r,l,t
0.0,2041,23.618339
0.0,2047,48.296903
0.0,2046,72.90274
0.0,2041,97.842068
0.0,2045,122.725084
0.0,2045,147.72899
