# {"t_start": 1680805221.368775, "env_id": "FreewayNoFrameskip-v4"} 
r,l,t
23.0,2041,24.711854
21.0,2047,49.70482
19.0,2046,75.158644
23.0,2041,99.725502
21.0,2045,124.872624
21.0,2045,149.458533
