# {"t_start": 1680800820.6947272, "env_id": "FreewayNoFrameskip-v4"} 
r,l,t
0.0,2041,23.051782
0.0,2047,47.948698
0.0,2046,73.327131
0.0,2041,98.713248
0.0,2045,124.358931
0.0,2045,149.941993
