# {"t_start": 1680800272.062831, "env_id": "FreewayNoFrameskip-v4"} 
r,l,t
0.0,2044,23.668955
0.0,2041,48.113474
0.0,2044,72.674538
0.0,2047,97.791618
0.0,2045,122.692234
0.0,2048,147.779275
