# {"t_start": 1680800820.7257981, "env_id": "FreewayNoFrameskip-v4"} 
r,l,t
0.0,2044,23.144121
0.0,2041,47.813403
0.0,2044,73.135229
0.0,2047,98.711095
0.0,2045,124.356555
0.0,2048,150.041293
