# {"t_start": 1680805221.44194, "env_id": "FreewayNoFrameskip-v4"} 
r,l,t
22.0,2044,24.745205
23.0,2041,49.524693
22.0,2044,74.922936
21.0,2047,99.685391
26.0,2045,124.835978
21.0,2048,149.501677
