# {"t_start": 1680800272.206777, "env_id": "FreewayNoFrameskip-v4"} 
r,l,t
0.0,2047,23.65396
0.0,2047,48.268671
0.0,2046,72.882009
0.0,2043,97.906497
0.0,2041,122.629107
0.0,2044,147.582681
