# {"t_start": 1680805221.4744143, "env_id": "FreewayNoFrameskip-v4"} 
r,l,t
24.0,2047,24.823882
24.0,2047,49.792836
20.0,2046,75.224676
20.0,2043,99.86176
23.0,2041,124.888802
20.0,2044,149.432133
