# {"t_start": 1680800820.8410475, "env_id": "FreewayNoFrameskip-v4"} 
r,l,t
0.0,2047,23.149302
0.0,2047,48.015641
0.0,2046,73.363251
0.0,2043,98.806661
0.0,2041,124.30425
0.0,2044,149.886978
