# {"t_start": 1680800820.940816, "env_id": "FreewayNoFrameskip-v4"} 
r,l,t
0.0,2047,23.047187
0.0,2043,47.768918
0.0,2045,73.129752
0.0,2042,98.532136
0.0,2041,124.043195
0.0,2044,149.639114
