# {"t_start": 1680805221.486757, "env_id": "FreewayNoFrameskip-v4"} 
r,l,t
21.0,2047,24.80913
22.0,2043,49.662019
21.0,2045,75.077314
23.0,2042,99.677188
22.0,2041,124.676278
20.0,2044,149.244493
