# {"t_start": 1680800272.2239382, "env_id": "FreewayNoFrameskip-v4"} 
r,l,t
0.0,2047,23.635794
0.0,2043,48.124945
0.0,2045,72.711588
0.0,2042,97.669909
0.0,2041,122.41252
0.0,2044,147.435726
