# {"t_start": 1680800820.9425201, "env_id": "FreewayNoFrameskip-v4"} 
r,l,t
0.0,2044,22.928189
0.0,2048,47.844776
0.0,2043,73.13339
0.0,2043,98.570283
0.0,2042,124.112648
0.0,2048,149.783864
