# {"t_start": 1680805221.525537, "env_id": "FreewayNoFrameskip-v4"} 
r,l,t
20.0,2044,24.660815
21.0,2048,49.695487
20.0,2043,75.040966
20.0,2043,99.68469
23.0,2042,124.717019
21.0,2048,149.382222
