# {"t_start": 1680800272.2898734, "env_id": "FreewayNoFrameskip-v4"} 
r,l,t
0.0,2044,23.442868
0.0,2048,48.125947
0.0,2043,72.648259
0.0,2043,97.662961
0.0,2042,122.419513
0.0,2048,147.499738
