# {"t_start": 1680805220.74584, "env_id": "FreewayNoFrameskip-v4"} 
r,l,t
22.0,2044,25.439734
20.0,2043,50.288783
20.0,2046,75.747307
22.0,2043,100.380955
21.0,2048,125.616741
21.0,2048,150.281159
