# {"t_start": 1680800271.3515148, "env_id": "FreewayNoFrameskip-v4"} 
r,l,t
0.0,2044,24.379586
0.0,2043,48.898542
0.0,2046,73.504287
0.0,2043,98.503345
0.0,2048,123.480559
0.0,2048,148.58396
