# {"t_start": 1680800820.030979, "env_id": "FreewayNoFrameskip-v4"} 
r,l,t
0.0,2044,23.839005
0.0,2043,48.576683
0.0,2046,73.952399
0.0,2043,99.406884
0.0,2048,125.114384
0.0,2048,150.817559
