# {"t_start": 1680800820.1223302, "env_id": "FreewayNoFrameskip-v4"} 
r,l,t
0.0,2045,23.789858
0.0,2042,48.484413
0.0,2043,73.774532
0.0,2048,99.385803
0.0,2041,124.894143
0.0,2042,150.42605
