# {"t_start": 1680800271.4383667, "env_id": "FreewayNoFrameskip-v4"} 
r,l,t
0.0,2045,24.33584
0.0,2042,48.808574
0.0,2043,73.33611
0.0,2048,98.511487
0.0,2041,123.233181
0.0,2042,148.186085
0.0,2047,172.844761
