# {"t_start": 1680805220.818834, "env_id": "FreewayNoFrameskip-v4"} 
r,l,t
20.0,2045,25.412151
23.0,2042,50.213112
20.0,2043,75.581128
21.0,2048,100.390944
23.0,2041,125.381396
23.0,2042,149.878249
21.0,2047,174.749343
