# {"t_start": 1680805220.880703, "env_id": "FreewayNoFrameskip-v4"} 
r,l,t
24.0,2047,25.414761
20.0,2044,50.307975
21.0,2047,75.774238
20.0,2046,100.49474
20.0,2042,125.529597
21.0,2048,150.218528
