# {"t_start": 1680800820.1963737, "env_id": "FreewayNoFrameskip-v4"} 
r,l,t
0.0,2047,23.791889
0.0,2044,48.549029
0.0,2047,73.969531
0.0,2046,99.485852
0.0,2042,125.007254
0.0,2048,150.703519
