# {"t_start": 1680800271.6242688, "env_id": "FreewayNoFrameskip-v4"} 
r,l,t
0.0,2047,24.232671
0.0,2044,48.762033
0.0,2047,73.407279
0.0,2046,98.529626
0.0,2042,123.281472
0.0,2048,148.354747
