# {"t_start": 1680800271.6795094, "env_id": "FreewayNoFrameskip-v4"} 
r,l,t
0.0,2041,23.925727
0.0,2041,48.410214
0.0,2044,73.002831
0.0,2043,97.985811
0.0,2044,122.867509
0.0,2044,147.835659
0.0,2043,172.45642
