# {"t_start": 1680805220.9348135, "env_id": "FreewayNoFrameskip-v4"} 
r,l,t
23.0,2041,25.145991
23.0,2041,49.923822
20.0,2044,75.368145
20.0,2043,100.005414
20.0,2044,125.112639
20.0,2044,149.669883
20.0,2043,174.492026
