# {"t_start": 1680800820.260838, "env_id": "FreewayNoFrameskip-v4"} 
r,l,t
0.0,2041,23.488162
0.0,2041,48.185968
0.0,2044,73.543131
0.0,2043,98.978688
0.0,2044,124.621445
0.0,2044,150.207306
