# {"t_start": 1680805221.0188918, "env_id": "FreewayNoFrameskip-v4"} 
r,l,t
20.0,2046,25.245925
22.0,2043,50.088789
21.0,2045,75.505862
22.0,2043,100.146786
21.0,2042,125.181607
21.0,2047,149.843513
