# {"t_start": 1680800820.3308277, "env_id": "FreewayNoFrameskip-v4"} 
r,l,t
0.0,2046,23.618538
0.0,2043,48.340811
0.0,2045,73.687472
0.0,2043,99.14124
0.0,2042,124.68351
0.0,2047,150.342351
