# {"t_start": 1680800271.625326, "env_id": "FreewayNoFrameskip-v4"} 
r,l,t
0.0,2046,24.193653
0.0,2043,48.685834
0.0,2045,73.260959
0.0,2043,98.267994
0.0,2042,123.046071
0.0,2047,148.122737
