# {"t_start": 1680805221.1178465, "env_id": "FreewayNoFrameskip-v4"} 
r,l,t
22.0,2043,25.033512
22.0,2043,49.880804
21.0,2048,75.408267
24.0,2047,100.158983
21.0,2048,125.367862
20.0,2046,150.010262
