# {"t_start": 1680800271.697578, "env_id": "FreewayNoFrameskip-v4"} 
r,l,t
0.0,2043,24.001621
0.0,2043,48.518502
0.0,2048,73.189205
0.0,2047,98.312118
0.0,2048,123.285585
0.0,2046,148.316797
