# {"t_start": 1680800820.4174173, "env_id": "FreewayNoFrameskip-v4"} 
r,l,t
0.0,2043,23.410782
0.0,2043,48.152673
0.0,2048,73.602162
0.0,2047,99.160645
0.0,2048,124.864827
0.0,2046,150.517699
