# {"t_start": 1680800820.474714, "env_id": "FreewayNoFrameskip-v4"} 
r,l,t
0.0,2045,23.438022
0.0,2045,48.234648
0.0,2047,73.657631
0.0,2045,99.13675
0.0,2045,124.76137
0.0,2043,150.326271
