# {"t_start": 1680805221.179813, "env_id": "FreewayNoFrameskip-v4"} 
r,l,t
21.0,2045,25.051558
26.0,2045,49.969127
21.0,2047,75.435256
21.0,2045,100.122987
21.0,2045,125.259381
20.0,2043,149.802903
