# {"t_start": 1680800271.769536, "env_id": "FreewayNoFrameskip-v4"} 
r,l,t
0.0,2045,24.005165
0.0,2045,48.577363
0.0,2047,73.227231
0.0,2045,98.305634
0.0,2045,123.169375
0.0,2043,148.11146
