# {"t_start": 1680805221.2625196, "env_id": "FreewayNoFrameskip-v4"} 
r,l,t
23.0,2042,24.854837
23.0,2041,49.638297
21.0,2041,74.997918
21.0,2046,99.711691
20.0,2042,124.747601
26.0,2045,149.340471
20.0,2044,174.193806
