# {"t_start": 1680800820.5096304, "env_id": "FreewayNoFrameskip-v4"} 
r,l,t
0.0,2042,23.281445
0.0,2041,47.973776
0.0,2041,73.235029
0.0,2046,98.765341
0.0,2042,124.334544
0.0,2045,149.955345
