# {"t_start": 1680800271.852461, "env_id": "FreewayNoFrameskip-v4"} 
r,l,t
0.0,2042,23.794139
0.0,2041,48.270408
0.0,2041,72.779033
0.0,2046,97.850037
0.0,2042,122.663336
0.0,2045,147.661047
0.0,2044,172.308257
