# {"t_start": 1680808537.0212142, "env_id": "AssaultNoFrameskip-v4"} 
r,l,t
829.0,737,8.911344
849.0,836,18.505315
840.0,839,28.452283
924.0,710,36.823361
672.0,651,43.595774
672.0,624,50.89437
