# {"t_start": 1680800940.4779723, "env_id": "AssaultNoFrameskip-v4"} 
r,l,t
525.0,716,8.967218
714.0,717,17.069019
441.0,609,23.71732
777.0,716,31.885337
714.0,780,40.56285
