# {"t_start": 1680800338.743452, "env_id": "AssaultNoFrameskip-v4"} 
r,l,t
693.0,804,10.304231
609.0,704,18.564254
714.0,832,28.090974
735.0,685,36.029739
798.0,844,45.990551
777.0,810,55.308499
