# {"t_start": 1680808537.0627718, "env_id": "AssaultNoFrameskip-v4"} 
r,l,t
756.0,698,8.380042
1027.0,937,19.184936
819.0,772,28.333142
703.0,753,37.162179
651.0,708,44.520787
693.0,742,53.342664
