# {"t_start": 1680800940.52994, "env_id": "AssaultNoFrameskip-v4"} 
r,l,t
588.0,638,7.981525
756.0,780,16.873732
630.0,732,24.841444
819.0,823,34.31409
