# {"t_start": 1680800338.820062, "env_id": "AssaultNoFrameskip-v4"} 
r,l,t
756.0,770,9.813446
819.0,850,19.804851
735.0,780,28.772352
672.0,704,36.916931
840.0,775,46.062393
756.0,678,53.782173
