# {"t_start": 1680800339.4827785, "env_id": "AssaultNoFrameskip-v4"} 
r,l,t
672.0,631,7.498511
735.0,769,16.546221
693.0,721,24.763024
630.0,744,33.425034
798.0,820,43.028731
546.0,595,49.965289
777.0,727,58.207611
