# {"t_start": 1680808537.5807207, "env_id": "AssaultNoFrameskip-v4"} 
r,l,t
735.0,775,8.836297
745.0,726,17.116058
840.0,652,24.656984
672.0,647,32.420795
714.0,778,40.641482
819.0,779,49.80922
861.0,730,58.071578
