# {"t_start": 1680800941.2929666, "env_id": "AssaultNoFrameskip-v4"} 
r,l,t
651.0,751,8.560489
714.0,827,17.953583
693.0,740,26.065255
693.0,764,34.694656
