# {"t_start": 1680800339.560968, "env_id": "AssaultNoFrameskip-v4"} 
r,l,t
756.0,834,9.877399
672.0,675,17.768287
714.0,726,25.966568
714.0,851,35.959133
756.0,708,44.302462
630.0,706,52.401263
