# {"t_start": 1680808537.6414244, "env_id": "AssaultNoFrameskip-v4"} 
r,l,t
965.0,738,8.312833
1018.0,935,19.066976
777.0,800,28.672452
1312.0,1133,41.038734
441.0,451,46.255862
756.0,686,54.340235
