# {"t_start": 1680800941.279133, "env_id": "AssaultNoFrameskip-v4"} 
r,l,t
735.0,741,8.458592
777.0,742,16.879442
693.0,810,25.780757
1092.0,1093,38.235399
