# {"t_start": 1680800941.4019742, "env_id": "AssaultNoFrameskip-v4"} 
r,l,t
693.0,750,8.430517
651.0,706,16.436155
546.0,548,22.360931
504.0,537,28.427249
609.0,783,37.300984
