# {"t_start": 1680800339.6917546, "env_id": "AssaultNoFrameskip-v4"} 
r,l,t
735.0,713,8.255067
630.0,798,17.678165
756.0,764,26.371486
756.0,689,34.342653
840.0,742,43.112982
525.0,510,48.948532
