# {"t_start": 1680808537.6362085, "env_id": "AssaultNoFrameskip-v4"} 
r,l,t
766.0,679,7.5946
850.0,686,15.422477
934.0,809,24.931921
819.0,833,34.945775
808.0,742,42.634442
378.0,380,46.972464
861.0,807,56.297036
