# {"t_start": 1680808537.6975777, "env_id": "AssaultNoFrameskip-v4"} 
r,l,t
756.0,687,7.618394
861.0,857,17.490146
756.0,621,24.771333
913.0,807,34.475835
756.0,676,41.299033
798.0,778,50.592065
