# {"t_start": 1680800941.4246058, "env_id": "AssaultNoFrameskip-v4"} 
r,l,t
693.0,770,8.699297
504.0,537,14.710507
714.0,772,23.180634
714.0,719,31.407987
756.0,742,39.656604
