# {"t_start": 1680800339.7293944, "env_id": "AssaultNoFrameskip-v4"} 
r,l,t
693.0,750,8.662333
798.0,832,18.50139
777.0,750,27.013113
819.0,700,35.196597
651.0,699,43.369105
840.0,882,53.528839
