# {"t_start": 1680800941.4951556, "env_id": "AssaultNoFrameskip-v4"} 
r,l,t
609.0,698,7.727082
714.0,798,16.849615
567.0,657,23.923202
672.0,681,31.748963
