# {"t_start": 1680800339.7664566, "env_id": "AssaultNoFrameskip-v4"} 
r,l,t
693.0,649,7.421375
777.0,795,16.749511
693.0,673,24.427635
651.0,682,32.366524
693.0,760,41.242282
546.0,630,48.509755
797.0,789,57.554619
