# {"t_start": 1680808537.7596874, "env_id": "AssaultNoFrameskip-v4"} 
r,l,t
881.0,818,9.282117
882.0,784,18.149271
724.0,657,25.820258
1133.0,970,37.143954
924.0,777,45.56596
861.0,716,53.929927
