# {"t_start": 1680800941.6113348, "env_id": "AssaultNoFrameskip-v4"} 
r,l,t
714.0,762,8.39963
630.0,699,16.296614
714.0,822,25.333607
861.0,796,34.336821
