# {"t_start": 1680800339.9858563, "env_id": "AssaultNoFrameskip-v4"} 
r,l,t
630.0,698,7.739383
567.0,571,14.495884
713.0,707,22.581101
672.0,653,30.117645
714.0,797,39.436659
756.0,849,49.405592
756.0,727,57.6337
