# {"t_start": 1680808537.7989266, "env_id": "AssaultNoFrameskip-v4"} 
r,l,t
735.0,754,8.352352
693.0,703,16.303113
861.0,782,25.496756
1028.0,772,34.842733
787.0,691,41.847499
881.0,793,51.298159
