# {"t_start": 1680800940.5937924, "env_id": "AssaultNoFrameskip-v4"} 
r,l,t
651.0,740,9.10672
777.0,785,18.090011
735.0,801,26.910212
840.0,822,36.177474
