# {"t_start": 1680808537.116747, "env_id": "AssaultNoFrameskip-v4"} 
r,l,t
735.0,623,7.482893
693.0,735,15.867008
934.0,735,24.489005
798.0,779,33.762448
840.0,799,42.140207
913.0,807,51.755147
