# {"t_start": 1680800338.8867362, "env_id": "AssaultNoFrameskip-v4"} 
r,l,t
735.0,816,10.309798
693.0,721,18.789139
756.0,849,28.515445
693.0,770,37.589346
714.0,813,47.026442
693.0,792,56.171564
