# {"t_start": 1680800338.9753127, "env_id": "AssaultNoFrameskip-v4"} 
r,l,t
882.0,735,9.228462
756.0,745,17.951494
714.0,796,27.115089
693.0,812,36.580021
630.0,742,45.301459
672.0,758,53.985109
