# {"t_start": 1680800940.7188065, "env_id": "AssaultNoFrameskip-v4"} 
r,l,t
798.0,814,9.939345
735.0,845,19.472061
609.0,694,27.083048
693.0,796,36.076121
