# {"t_start": 1680808537.164243, "env_id": "AssaultNoFrameskip-v4"} 
r,l,t
724.0,709,8.440943
797.0,746,16.906224
787.0,732,25.537207
933.0,879,36.074228
955.0,913,45.789735
798.0,785,55.027449
