# {"t_start": 1680800339.033261, "env_id": "AssaultNoFrameskip-v4"} 
r,l,t
735.0,711,8.871436
672.0,675,16.80461
777.0,849,26.491131
693.0,842,36.362923
693.0,650,44.014583
777.0,706,52.203753
