# {"t_start": 1680808537.214277, "env_id": "AssaultNoFrameskip-v4"} 
r,l,t
924.0,796,9.543487
976.0,887,19.620556
892.0,746,28.455701
808.0,770,37.383437
798.0,719,44.989343
882.0,799,54.394733
