# {"t_start": 1680800940.7358444, "env_id": "AssaultNoFrameskip-v4"} 
r,l,t
672.0,771,9.415557
609.0,751,17.909359
735.0,800,26.674932
693.0,810,35.803073
