# {"t_start": 1680800339.1481285, "env_id": "AssaultNoFrameskip-v4"} 
r,l,t
819.0,770,9.486481
735.0,712,17.809877
693.0,803,27.052358
672.0,821,36.615032
777.0,713,44.99895
630.0,637,52.357971
