# {"t_start": 1680808537.313426, "env_id": "AssaultNoFrameskip-v4"} 
r,l,t
840.0,788,9.314307
913.0,745,17.744607
693.0,767,26.816741
924.0,799,36.236612
672.0,640,42.82551
860.0,781,52.052948
