# {"t_start": 1680800940.865369, "env_id": "AssaultNoFrameskip-v4"} 
r,l,t
714.0,777,9.362063
756.0,843,18.880147
714.0,811,27.910026
378.0,411,32.486096
672.0,680,39.947902
