# {"t_start": 1680800339.1605988, "env_id": "AssaultNoFrameskip-v4"} 
r,l,t
777.0,801,9.850247
420.0,428,14.797649
777.0,806,24.036159
735.0,694,32.075475
693.0,770,41.130777
651.0,692,49.150358
693.0,823,58.605286
