# {"t_start": 1680800940.8921456, "env_id": "AssaultNoFrameskip-v4"} 
r,l,t
756.0,769,9.204873
630.0,747,17.67931
714.0,830,26.817063
588.0,582,33.413581
