# {"t_start": 1680808537.3657365, "env_id": "AssaultNoFrameskip-v4"} 
r,l,t
714.0,777,9.086247
1018.0,833,18.646348
567.0,638,26.040844
756.0,677,34.224844
808.0,734,41.749842
861.0,716,50.278924
819.0,769,58.874958
