# {"t_start": 1680808537.292153, "env_id": "AssaultNoFrameskip-v4"} 
r,l,t
735.0,678,7.912746
819.0,727,16.157979
714.0,733,24.780775
850.0,779,34.146197
735.0,666,40.989348
714.0,648,48.486122
808.0,846,58.229999
