# {"t_start": 1680800339.2314105, "env_id": "AssaultNoFrameskip-v4"} 
r,l,t
861.0,848,10.424661
714.0,720,18.806631
651.0,757,27.419432
819.0,864,37.597806
735.0,859,47.642892
735.0,685,55.419213
