# {"t_start": 1680800941.102461, "env_id": "AssaultNoFrameskip-v4"} 
r,l,t
714.0,780,9.166865
693.0,803,18.206955
777.0,741,26.340491
483.0,515,32.20736
