# {"t_start": 1680808537.439623, "env_id": "AssaultNoFrameskip-v4"} 
r,l,t
913.0,800,9.372058
850.0,765,18.00599
882.0,700,26.253071
798.0,692,34.511773
955.0,913,44.177976
798.0,682,52.301688
