# {"t_start": 1680800941.117819, "env_id": "AssaultNoFrameskip-v4"} 
r,l,t
630.0,704,8.187743
903.0,911,18.554867
693.0,775,27.141995
693.0,770,35.887621
