# {"t_start": 1680800339.3662906, "env_id": "AssaultNoFrameskip-v4"} 
r,l,t
808.0,832,10.019852
735.0,745,18.793594
714.0,870,28.798416
672.0,771,37.809108
777.0,801,47.144344
693.0,742,55.691732
