# {"t_start": 1680800941.140627, "env_id": "AssaultNoFrameskip-v4"} 
r,l,t
798.0,917,10.718147
756.0,744,19.073678
819.0,880,28.829708
840.0,842,38.317415
