# {"t_start": 1680800339.407792, "env_id": "AssaultNoFrameskip-v4"} 
r,l,t
777.0,876,10.655245
693.0,544,16.837296
714.0,740,25.30114
735.0,759,34.087018
693.0,647,41.688056
693.0,778,50.713179
