# {"t_start": 1680808537.4996588, "env_id": "AssaultNoFrameskip-v4"} 
r,l,t
1153.0,1013,11.793837
787.0,801,20.986664
651.0,632,28.414218
567.0,544,34.898959
912.0,864,43.907304
724.0,725,52.541031
