# {"t_start": 1681396563.2743163, "env_id": "TimePilotNoFrameskip-v4"} 
r,l,t
4000.0,884,10.883781
4400.0,911,21.510876
4400.0,1025,33.44102
4100.0,884,43.719935
4100.0,877,53.811962
7700.0,1022,65.72191
