# {"t_start": 1681396563.435705, "env_id": "TimePilotNoFrameskip-v4"} 
r,l,t
4000.0,886,10.761228
4400.0,1026,22.899558
4400.0,916,33.393895
4400.0,1028,45.428448
7700.0,1023,57.425566
4100.0,884,67.55579
