# {"t_start": 1681396563.760207, "env_id": "TimePilotNoFrameskip-v4"} 
r,l,t
4000.0,881,10.342949
7700.0,1028,22.520514
4400.0,1028,34.431813
4100.0,879,44.611757
4100.0,877,54.838953
4100.0,880,64.876491
4400.0,910,75.084361
