# {"t_start": 1681396563.6679878, "env_id": "TimePilotNoFrameskip-v4"} 
r,l,t
3900.0,951,11.311156
4100.0,879,21.624943
4100.0,881,31.754347
7700.0,1022,43.691509
4100.0,877,53.855134
4400.0,1026,65.721278
