# {"t_start": 1681396563.7467632, "env_id": "TimePilotNoFrameskip-v4"} 
r,l,t
4000.0,877,10.251346
7700.0,1028,22.458942
4400.0,1025,34.317325
4400.0,912,44.938196
4400.0,911,55.652653
4100.0,884,65.669305
