# {"t_start": 1681396563.7410889, "env_id": "TimePilotNoFrameskip-v4"} 
r,l,t
3900.0,790,9.166631
4400.0,1023,21.303047
7700.0,1025,33.220337
4100.0,882,43.459881
4400.0,1029,55.598925
4400.0,1025,67.384973
