# {"t_start": 1681396563.8368232, "env_id": "TimePilotNoFrameskip-v4"} 
r,l,t
4000.0,880,10.230854
4400.0,912,20.893394
4100.0,878,31.045694
4400.0,913,41.708523
7700.0,1024,53.629876
7700.0,1023,65.459697
