# {"t_start": 1681396563.8654242, "env_id": "TimePilotNoFrameskip-v4"} 
r,l,t
4000.0,880,10.202156
4100.0,879,20.478788
4400.0,1026,32.411687
4400.0,914,43.050896
7700.0,1028,55.219672
4400.0,1024,66.97019
