# {"t_start": 1681396563.4842887, "env_id": "TimePilotNoFrameskip-v4"} 
r,l,t
4000.0,880,10.580563
4100.0,877,20.817071
4400.0,1026,32.744361
4400.0,1025,44.743737
4400.0,1026,56.845945
4400.0,913,67.278524
