# {"t_start": 1681396563.3230996, "env_id": "TimePilotNoFrameskip-v4"} 
r,l,t
3900.0,950,11.623204
7700.0,1023,23.737942
4100.0,881,33.856833
7700.0,1023,45.806826
4400.0,1024,57.790403
4100.0,883,67.940716
