# {"t_start": 1681396563.3637476, "env_id": "TimePilotNoFrameskip-v4"} 
r,l,t
4000.0,876,10.601685
4100.0,879,20.904775
4400.0,1030,32.911473
7700.0,1028,44.934789
4100.0,884,55.328623
4100.0,882,65.371327
4400.0,915,75.627728
