# {"t_start": 1681396563.570922, "env_id": "TimePilotNoFrameskip-v4"} 
r,l,t
4000.0,879,10.467309
7700.0,1025,22.605071
4400.0,1029,34.550014
4100.0,881,44.753296
4100.0,881,55.071107
4100.0,879,65.095159
4100.0,884,74.971251
