# {"t_start": 1681396563.4554827, "env_id": "TimePilotNoFrameskip-v4"} 
r,l,t
3900.0,788,9.405193
4100.0,877,19.660913
4400.0,910,30.336566
4100.0,882,40.621694
7700.0,1023,52.452911
7700.0,1025,64.366649
