# {"t_start": 1681396563.5136235, "env_id": "TimePilotNoFrameskip-v4"} 
r,l,t
3900.0,951,11.465517
4100.0,878,21.743491
4100.0,878,31.833478
4400.0,911,42.469289
4100.0,878,52.603481
7700.0,1027,64.541289
