# {"t_start": 1681396563.5939498, "env_id": "TimePilotNoFrameskip-v4"} 
r,l,t
4000.0,880,10.47113
4400.0,916,21.219796
4400.0,915,31.827441
4400.0,910,42.44403
7700.0,1026,54.466655
4400.0,1027,66.286659
