# {"t_start": 1681396563.5760682, "env_id": "TimePilotNoFrameskip-v4"} 
r,l,t
3900.0,790,9.331021
4100.0,877,19.587435
4100.0,880,29.896605
7700.0,1027,41.853835
7700.0,1025,53.756757
4100.0,884,63.968954
4400.0,1025,75.606449
