# {"t_start": 1680946412.9577496, "env_id": "JourneyEscapeNoFrameskip-v4"} 
r,l,t
-300.0,735,7.989399
0.0,736,15.620802
-300.0,732,23.60327
-300.0,732,31.803225
-2700.0,735,39.900991
-4100.0,731,48.038787
