# {"t_start": 1680946413.0640395, "env_id": "JourneyEscapeNoFrameskip-v4"} 
r,l,t
-1500.0,733,7.836024
0.0,733,15.354198
0.0,736,23.459073
-2700.0,732,31.663587
-2700.0,737,39.830847
-2700.0,737,48.102121
