# {"t_start": 1680946413.3550172, "env_id": "JourneyEscapeNoFrameskip-v4"} 
r,l,t
-300.0,731,7.479912
-300.0,737,15.121977
-600.0,736,23.241128
-300.0,731,31.406382
-2700.0,735,39.504365
0.0,735,47.738256
