# {"t_start": 1680946413.3411188, "env_id": "JourneyEscapeNoFrameskip-v4"} 
r,l,t
-1500.0,733,7.559875
-300.0,730,15.013127
-1500.0,733,23.054398
-2700.0,736,31.330028
-2700.0,734,39.424973
-300.0,737,47.711911
