# {"t_start": 1680946413.3764656, "env_id": "JourneyEscapeNoFrameskip-v4"} 
r,l,t
-2700.0,737,7.635366
-2700.0,737,15.250838
0.0,736,23.3378
-300.0,732,31.540463
-300.0,730,39.544984
-1500.0,733,47.71955
