# {"t_start": 1680946413.412326, "env_id": "JourneyEscapeNoFrameskip-v4"} 
r,l,t
0.0,737,7.598245
-300.0,732,15.10022
-300.0,734,23.149101
-2700.0,731,31.315772
-300.0,730,39.316343
-600.0,734,47.529922
