# {"t_start": 1680946413.5069273, "env_id": "JourneyEscapeNoFrameskip-v4"} 
r,l,t
-2700.0,733,7.395366
-2700.0,737,15.035486
0.0,733,23.052864
-300.0,733,31.283611
-300.0,732,39.316575
-300.0,737,47.589717
