# {"t_start": 1680946413.4822035, "env_id": "JourneyEscapeNoFrameskip-v4"} 
r,l,t
-1500.0,733,7.418804
-600.0,731,14.898814
-2700.0,734,22.952551
-300.0,735,31.221191
0.0,737,39.374774
0.0,733,47.567838
