# {"t_start": 1680946413.0274537, "env_id": "JourneyEscapeNoFrameskip-v4"} 
r,l,t
-300.0,735,7.919683
-300.0,732,15.416376
0.0,733,23.466996
-300.0,737,31.794153
-300.0,730,39.765072
-2700.0,731,47.915787
0.0,737,56.21914
