# {"t_start": 1680946413.1021945, "env_id": "JourneyEscapeNoFrameskip-v4"} 
r,l,t
-300.0,737,7.910026
-600.0,734,15.476349
-300.0,737,23.578088
0.0,736,31.856764
-2700.0,732,39.903971
-300.0,737,48.154714
