# {"t_start": 1680946413.096312, "env_id": "JourneyEscapeNoFrameskip-v4"} 
r,l,t
-300.0,731,7.737764
-300.0,730,15.214465
-600.0,734,23.263725
0.0,733,31.472924
-600.0,734,39.582477
-600.0,734,47.802872
-300.0,733,56.046046
