# {"t_start": 1680946413.1280184, "env_id": "JourneyEscapeNoFrameskip-v4"} 
r,l,t
0.0,736,7.848827
-2700.0,732,15.349706
-300.0,734,23.397162
-2700.0,732,31.601374
0.0,732,39.636696
-1500.0,736,47.895588
