# {"t_start": 1680946413.2419417, "env_id": "JourneyEscapeNoFrameskip-v4"} 
r,l,t
-2700.0,732,7.628746
-300.0,732,15.14018
0.0,738,23.281183
-2700.0,737,31.621138
-300.0,737,39.764801
-300.0,735,47.973251
