# {"t_start": 1680946413.200966, "env_id": "JourneyEscapeNoFrameskip-v4"} 
r,l,t
-2700.0,735,7.74593
-2700.0,734,15.31074
0.0,737,23.437235
-300.0,734,31.686508
-300.0,734,39.760929
-300.0,732,47.929705
