# {"t_start": 1680946413.2954075, "env_id": "JourneyEscapeNoFrameskip-v4"} 
r,l,t
-4100.0,731,7.540089
-300.0,730,15.01549
-300.0,731,23.018846
-300.0,735,31.247669
-2700.0,732,39.338535
-2700.0,734,47.551313
-2700.0,733,55.793025
