# {"t_start": 1680946413.2725627, "env_id": "JourneyEscapeNoFrameskip-v4"} 
r,l,t
0.0,737,7.738052
-4100.0,731,15.205222
-4100.0,731,23.192177
-300.0,732,31.359509
-4100.0,731,39.407894
-2700.0,736,47.671061
0.0,735,55.937241
