# {"t_start": 1681398415.846292, "env_id": "TimePilotNoFrameskip-v4"} 
r,l,t
4100.0,1313,14.462686
4000.0,831,23.526682
4000.0,834,32.729737
4200.0,913,42.69171
4200.0,918,52.879481
4200.0,918,63.205933
4200.0,1439,79.498837
