# {"t_start": 1681398415.726406, "env_id": "TimePilotNoFrameskip-v4"} 
r,l,t
8100.0,1624,18.015851
4200.0,1079,29.885413
4000.0,831,38.964093
4200.0,1444,55.055291
4200.0,1437,71.203408
4200.0,912,81.608965
