# {"t_start": 1681398416.069407, "env_id": "TimePilotNoFrameskip-v4"} 
r,l,t
4100.0,1313,14.240484
4200.0,1437,30.092501
4200.0,1440,46.103858
4200.0,917,56.228006
4200.0,915,66.446046
4200.0,1444,82.866045
