# {"t_start": 1681398416.1194987, "env_id": "TimePilotNoFrameskip-v4"} 
r,l,t
4600.0,1866,20.325148
4200.0,918,30.475868
4000.0,834,39.623776
4200.0,1439,55.616028
4200.0,1437,71.759032
4200.0,1440,88.167622
