# {"t_start": 1681398416.1687014, "env_id": "TimePilotNoFrameskip-v4"} 
r,l,t
4800.0,1093,11.714394
4200.0,1439,27.528451
4200.0,1441,43.482098
4200.0,912,53.563266
4200.0,1437,69.704868
4000.0,832,79.218965
