# {"t_start": 1681398416.204247, "env_id": "TimePilotNoFrameskip-v4"} 
r,l,t
4600.0,1862,20.16558
4200.0,918,30.332982
4000.0,831,39.396391
4200.0,1080,51.348922
4200.0,1079,63.500259
4200.0,1444,79.860951
