# {"t_start": 1681398416.344991, "env_id": "TimePilotNoFrameskip-v4"} 
r,l,t
4100.0,1313,13.965993
4000.0,829,22.988821
4200.0,915,33.076779
4200.0,1442,49.107616
4000.0,835,58.43733
4000.0,831,67.631459
4200.0,917,78.00187
