# {"t_start": 1681398416.293468, "env_id": "TimePilotNoFrameskip-v4"} 
r,l,t
8100.0,1620,17.380471
4200.0,1080,29.251288
4200.0,1438,45.257589
4200.0,1081,57.257557
4200.0,914,67.452914
4200.0,913,77.798089
