# {"t_start": 1681398415.9564953, "env_id": "TimePilotNoFrameskip-v4"} 
r,l,t
8100.0,1626,17.825936
4000.0,832,26.934279
4200.0,1084,38.857117
4000.0,834,48.10843
4200.0,913,58.286651
4200.0,1444,74.598613
4200.0,1083,86.76787
