# {"t_start": 1681398415.958742, "env_id": "TimePilotNoFrameskip-v4"} 
r,l,t
8100.0,1620,17.71338
4200.0,1437,33.63389
4000.0,832,42.724347
4000.0,831,51.919614
4000.0,832,61.271782
4200.0,1081,73.374383
4200.0,1080,85.597625
