# {"t_start": 1681398415.9494848, "env_id": "TimePilotNoFrameskip-v4"} 
r,l,t
4800.0,1092,11.895345
4200.0,913,21.861487
4200.0,1441,37.778065
4200.0,913,47.909329
4000.0,830,57.100386
4200.0,1443,73.358271
