# {"t_start": 1681398415.9030418, "env_id": "TimePilotNoFrameskip-v4"} 
r,l,t
4600.0,1861,20.438165
4200.0,1439,36.358347
4000.0,836,45.6133
4200.0,918,55.75877
4200.0,1444,72.061269
