# {"t_start": 1681398415.9270687, "env_id": "TimePilotNoFrameskip-v4"} 
r,l,t
4600.0,1864,20.480744
4200.0,915,30.580234
4000.0,835,39.727739
4200.0,1441,55.760207
4200.0,1441,71.991082
4200.0,1439,88.39866
