# {"t_start": 1681398416.1464517, "env_id": "TimePilotNoFrameskip-v4"} 
r,l,t
4100.0,1311,14.110379
4200.0,1437,29.967244
4200.0,1078,41.829994
4200.0,1442,57.990857
4200.0,913,68.20583
4200.0,915,78.52866
