# {"t_start": 1681398416.157964, "env_id": "TimePilotNoFrameskip-v4"} 
r,l,t
4800.0,1093,11.724227
4200.0,1438,27.505335
4200.0,1438,43.417218
4200.0,1079,55.4138
4200.0,1438,71.607088
4200.0,917,82.085223
