# {"t_start": 1681398416.2020936, "env_id": "TimePilotNoFrameskip-v4"} 
r,l,t
8100.0,1620,17.470663
4200.0,1084,29.439735
4200.0,1083,41.352035
4200.0,1078,53.283628
4200.0,916,63.62744
4000.0,833,72.8842
4200.0,1083,85.149441
