# {"t_start": 1681410251.141698, "env_id": "SkiingNoFrameskip-v4"} 
r,l,t
-9006.0,527,5.680972
-8985.0,524,10.867533
-9006.0,527,16.188141
-8998.0,526,21.456067
-8975.0,523,26.66665
-9010.0,528,31.815987
