# {"t_start": 1681410251.1526763, "env_id": "SkiingNoFrameskip-v4"} 
r,l,t
-8966.0,521,5.505582
-8963.0,521,10.62376
-8985.0,524,15.904841
-8978.0,523,21.118953
-8985.0,524,26.33831
-8986.0,524,31.467877
-8980.0,523,36.613097
