# {"t_start": 1681410251.499208, "env_id": "SkiingNoFrameskip-v4"} 
r,l,t
-9005.0,527,5.322389
-8976.0,523,10.482629
-8990.0,525,15.762031
-8968.0,522,20.936611
-8963.0,521,26.103506
-8985.0,524,31.221304
