# {"t_start": 1681410251.5036285, "env_id": "SkiingNoFrameskip-v4"} 
r,l,t
-8981.0,524,5.244467
-9008.0,528,10.528879
-8978.0,523,15.758286
-8980.0,523,20.968488
-8973.0,522,26.168002
-9010.0,528,31.320231
