# {"t_start": 1681410251.5662484, "env_id": "SkiingNoFrameskip-v4"} 
r,l,t
-8983.0,524,5.182293
-8965.0,521,10.299741
-8988.0,525,15.585233
-8996.0,526,20.845078
-9005.0,527,26.167063
-8978.0,523,31.222887
