# {"t_start": 1681410251.57918, "env_id": "SkiingNoFrameskip-v4"} 
r,l,t
-8966.0,521,5.079715
-8980.0,523,10.257941
-8970.0,522,15.477153
-8986.0,524,20.722674
-8981.0,524,25.941969
-8975.0,523,31.040161
-8973.0,522,36.162038
