# {"t_start": 1681410251.6280086, "env_id": "SkiingNoFrameskip-v4"} 
r,l,t
-8966.0,521,5.030287
-8976.0,523,10.207086
-8985.0,524,15.467074
-8993.0,525,20.725088
-9008.0,528,26.067441
-8971.0,522,31.121295
