# {"t_start": 1681410251.6669934, "env_id": "SkiingNoFrameskip-v4"} 
r,l,t
-9005.0,527,5.156379
-8978.0,523,10.316714
-9006.0,527,15.63453
-8978.0,523,20.841604
-8995.0,526,26.112724
-8981.0,524,31.212312
