# {"t_start": 1681410251.2091517, "env_id": "SkiingNoFrameskip-v4"} 
r,l,t
-8998.0,526,5.582996
-8975.0,523,10.744071
-8990.0,525,16.022763
-8975.0,523,21.226139
-8971.0,522,26.428285
-9003.0,527,31.579396
