# {"t_start": 1681410251.2863448, "env_id": "SkiingNoFrameskip-v4"} 
r,l,t
-8975.0,523,5.435199
-8976.0,523,10.609227
-9011.0,528,15.946109
-9008.0,528,21.258623
-9010.0,528,26.5862
-8996.0,526,31.698356
