# {"t_start": 1681410251.2586768, "env_id": "SkiingNoFrameskip-v4"} 
r,l,t
-8995.0,526,5.533236
-8988.0,525,10.748784
-9005.0,527,16.071059
-8990.0,525,21.311879
-8990.0,525,26.573002
-8976.0,523,31.654037
