# {"t_start": 1681410251.3306766, "env_id": "SkiingNoFrameskip-v4"} 
r,l,t
-8970.0,522,5.359153
-8963.0,521,10.476634
-8966.0,521,15.692602
-8996.0,526,20.969845
-8975.0,523,26.159229
-8988.0,525,31.321585
-8981.0,524,36.473554
