# {"t_start": 1681410251.3925831, "env_id": "SkiingNoFrameskip-v4"} 
r,l,t
-9005.0,527,5.429626
-8970.0,522,10.560666
-8970.0,522,15.787546
-8973.0,522,20.959027
-8970.0,522,26.158726
-9001.0,527,31.326738
-8991.0,525,36.470834
