# {"t_start": 1681410251.4214225, "env_id": "SkiingNoFrameskip-v4"} 
r,l,t
-8966.0,521,5.237131
-9006.0,527,10.509858
-9000.0,526,15.811441
-8966.0,521,20.966097
-8995.0,526,26.273543
-8991.0,525,31.367589
