# {"t_start": 1681410251.4553084, "env_id": "SkiingNoFrameskip-v4"} 
r,l,t
-8983.0,524,5.29317
-8963.0,521,10.410022
-8983.0,524,15.66916
-9001.0,527,20.955287
-8988.0,525,26.239866
-9010.0,528,31.394638
