# {"t_start": 1681410251.4363036, "env_id": "SkiingNoFrameskip-v4"} 
r,l,t
-9008.0,528,5.415969
-9008.0,528,10.651253
-8998.0,526,15.951886
-8976.0,523,21.1893
-8963.0,521,26.342954
-8983.0,524,31.443733
