# {"t_start": 1680940140.1334348, "env_id": "CarnivalNoFrameskip-v4"} 
r,l,t
3790.0,240,3.431378
3790.0,240,5.773685
3840.0,238,8.208822
3840.0,238,10.555058
3790.0,241,13.040838
3840.0,237,15.360851
3790.0,241,17.851285
