# {"t_start": 1680940140.2115045, "env_id": "CarnivalNoFrameskip-v4"} 
r,l,t
3840.0,239,3.318276
3840.0,238,5.59904
3790.0,240,8.100989
3840.0,238,10.447479
3790.0,243,12.989304
3790.0,243,15.420582
