# {"t_start": 1680940140.9483056, "env_id": "CarnivalNoFrameskip-v4"} 
r,l,t
3840.0,237,2.520971
3790.0,242,4.92812
3790.0,241,7.437454
3840.0,237,9.768907
3790.0,241,12.253195
3790.0,239,14.590719
