# {"t_start": 1680940141.0199618, "env_id": "CarnivalNoFrameskip-v4"} 
r,l,t
3840.0,239,2.510436
3840.0,236,4.733726
3840.0,239,7.209023
3790.0,242,9.668767
3790.0,250,12.304308
3790.0,242,14.725586
