# {"t_start": 1680940141.041647, "env_id": "CarnivalNoFrameskip-v4"} 
r,l,t
3790.0,243,2.605145
3790.0,243,4.954667
3790.0,240,7.445475
3840.0,238,9.809309
3840.0,236,12.196367
3840.0,239,14.548209
