# {"t_start": 1680940141.1828103, "env_id": "CarnivalNoFrameskip-v4"} 
r,l,t
3790.0,241,2.411447
3840.0,238,4.69262
3790.0,239,7.164823
3840.0,237,9.477553
3840.0,236,11.885146
3740.0,262,14.628865
