# {"t_start": 1680940141.1828468, "env_id": "CarnivalNoFrameskip-v4"} 
r,l,t
3840.0,239,2.348325
3790.0,243,4.760858
3840.0,238,7.202216
3840.0,239,9.590436
3840.0,238,11.993787
3790.0,242,14.407239
