# {"t_start": 1680940141.2545462, "env_id": "CarnivalNoFrameskip-v4"} 
r,l,t
3840.0,239,2.276583
3840.0,236,4.499449
3790.0,250,7.208799
3790.0,240,9.626861
3790.0,241,12.070321
3840.0,238,14.440664
