# {"t_start": 1680940140.2830923, "env_id": "CarnivalNoFrameskip-v4"} 
r,l,t
3790.0,240,3.281908
3840.0,238,5.552157
3840.0,238,8.004185
3790.0,242,10.456959
3840.0,236,12.844483
3840.0,237,15.134995
3790.0,241,17.634935
