# {"t_start": 1680940140.3648353, "env_id": "CarnivalNoFrameskip-v4"} 
r,l,t
3790.0,242,3.255932
3740.0,262,5.832727
3790.0,242,8.36272
3790.0,240,10.767251
3840.0,238,13.1696
3790.0,242,15.591959
