# {"t_start": 1680940140.433944, "env_id": "CarnivalNoFrameskip-v4"} 
r,l,t
3840.0,237,3.034994
3840.0,236,5.273896
3740.0,262,8.178863
3840.0,238,10.561214
3740.0,262,13.209629
3790.0,251,15.75301
