# {"t_start": 1680940140.527372, "env_id": "CarnivalNoFrameskip-v4"} 
r,l,t
3790.0,240,3.037794
3840.0,238,5.309115
3790.0,239,7.785189
3840.0,238,10.133206
3840.0,237,12.568181
3790.0,241,14.94105
3790.0,241,17.430898
