# {"t_start": 1680940140.6471534, "env_id": "CarnivalNoFrameskip-v4"} 
r,l,t
3840.0,238,2.857187
3840.0,238,5.138741
3790.0,242,7.700633
3790.0,243,10.164882
3790.0,242,12.63229
3790.0,240,15.022296
