# {"t_start": 1680940140.681757, "env_id": "CarnivalNoFrameskip-v4"} 
r,l,t
3790.0,241,2.911113
3790.0,250,5.375227
3790.0,241,7.881066
3790.0,239,10.278154
3790.0,239,12.697422
3840.0,238,15.06289
