# {"t_start": 1680940140.7823734, "env_id": "CarnivalNoFrameskip-v4"} 
r,l,t
3840.0,237,2.686795
3840.0,236,4.925544
3840.0,237,7.389798
3790.0,240,9.782868
3840.0,238,12.2282
3790.0,250,14.780186
