# {"t_start": 1680940140.8689704, "env_id": "CarnivalNoFrameskip-v4"} 
r,l,t
3790.0,241,2.724399
3840.0,237,4.966215
3840.0,237,7.386441
3840.0,238,9.75392
3840.0,237,12.17397
3790.0,242,14.571426
3790.0,239,17.023681
