# {"t_start": 1681351817.1062772, "env_id": "TimePilotNoFrameskip-v4"} 
r,l,t
500.0,686,6.294209
3800.0,885,14.429238
3800.0,866,22.063332
3800.0,887,30.253196
3800.0,861,37.931136
900.0,795,44.984869
