# {"t_start": 1681351817.171705, "env_id": "TimePilotNoFrameskip-v4"} 
r,l,t
500.0,680,6.097624
900.0,788,13.199389
3800.0,885,21.098277
3800.0,884,29.309813
3800.0,885,37.236005
3800.0,863,44.981708
