# {"t_start": 1681351817.4765694, "env_id": "TimePilotNoFrameskip-v4"} 
r,l,t
500.0,689,5.989856
900.0,790,13.094574
900.0,792,20.05512
3800.0,860,27.874799
900.0,788,34.987474
3800.0,885,42.880009
