# {"t_start": 1681351817.5983071, "env_id": "TimePilotNoFrameskip-v4"} 
r,l,t
500.0,682,5.734793
3800.0,866,13.624833
3800.0,884,21.485991
3800.0,862,29.434841
3800.0,861,37.137946
900.0,795,44.187325
