# {"t_start": 1681351817.6259809, "env_id": "TimePilotNoFrameskip-v4"} 
r,l,t
600.0,772,6.59801
3800.0,882,14.689737
3800.0,863,22.305566
900.0,793,29.570875
3800.0,888,37.571365
3800.0,884,45.415622
