# {"t_start": 1681351817.5843744, "env_id": "TimePilotNoFrameskip-v4"} 
r,l,t
500.0,680,5.685334
3800.0,862,13.540703
900.0,789,20.442471
3800.0,863,28.344016
3800.0,862,36.168502
3800.0,861,43.859871
