# {"t_start": 1681351817.6555834, "env_id": "TimePilotNoFrameskip-v4"} 
r,l,t
500.0,680,5.614186
900.0,790,12.756825
3800.0,885,20.648585
3800.0,864,28.598746
3800.0,866,36.412325
3800.0,883,44.314349
