# {"t_start": 1681351817.6621122, "env_id": "TimePilotNoFrameskip-v4"} 
r,l,t
500.0,689,5.804754
3800.0,884,13.904247
3800.0,866,21.542787
3800.0,884,29.667117
3800.0,864,37.407678
3800.0,862,45.076773
