# {"t_start": 1681351817.191075, "env_id": "TimePilotNoFrameskip-v4"} 
r,l,t
500.0,688,6.247234
3800.0,861,14.057048
900.0,792,20.933254
3800.0,861,28.82461
3800.0,883,36.87569
900.0,794,43.91018
900.0,794,50.699043
