# {"t_start": 1681351817.3040798, "env_id": "TimePilotNoFrameskip-v4"} 
r,l,t
500.0,681,6.000598
900.0,790,13.136336
3800.0,889,21.05418
3800.0,866,29.03429
900.0,795,36.158453
900.0,793,43.194208
