# {"t_start": 1681351817.3267577, "env_id": "TimePilotNoFrameskip-v4"} 
r,l,t
500.0,684,6.038805
3800.0,863,13.872999
3800.0,888,21.806092
900.0,792,29.041775
900.0,792,36.099445
900.0,790,43.117478
900.0,795,49.948408
