# {"t_start": 1681351817.3011746, "env_id": "TimePilotNoFrameskip-v4"} 
r,l,t
600.0,770,6.877125
900.0,788,14.074361
3800.0,860,21.64541
900.0,793,28.82481
3800.0,861,36.609789
3800.0,863,44.341595
