# {"t_start": 1681351817.3141367, "env_id": "TimePilotNoFrameskip-v4"} 
r,l,t
500.0,689,6.153505
900.0,789,13.224166
900.0,789,20.161287
3800.0,861,27.985358
900.0,789,35.115262
3800.0,865,42.845032
3800.0,886,50.512706
