# {"t_start": 1681351817.3954217, "env_id": "TimePilotNoFrameskip-v4"} 
r,l,t
500.0,680,5.874005
3800.0,866,13.777274
3800.0,865,21.468693
3800.0,860,29.4245
3800.0,864,37.150121
3800.0,886,45.095717
