# {"t_start": 1681351817.4365327, "env_id": "TimePilotNoFrameskip-v4"} 
r,l,t
600.0,772,6.786544
900.0,788,13.981653
900.0,791,20.799914
3800.0,865,28.759355
3800.0,863,36.556147
900.0,795,43.610299
