# {"t_start": 1681351817.4252055, "env_id": "TimePilotNoFrameskip-v4"} 
r,l,t
500.0,686,5.976884
3800.0,866,13.876774
3800.0,887,21.779202
900.0,790,28.974341
900.0,788,35.958437
900.0,791,42.986326
3800.0,860,50.402026
