# {"t_start": 1680809230.7168736, "env_id": "MsPacmanNoFrameskip-v4"} 
r,l,t
970.0,742,8.356348
2040.0,1222,21.574065
970.0,739,29.593702
970.0,739,37.390165
1180.0,928,47.101446
970.0,738,54.700006
2040.0,1223,67.173245
