# {"t_start": 1680800909.0152533, "env_id": "MsPacmanNoFrameskip-v4"} 
r,l,t
1370.0,1008,13.62629
1310.0,894,24.483723
1370.0,1005,36.250446
1370.0,1005,48.161993
940.0,670,56.067803
1370.0,1004,67.994345
