# {"t_start": 1680800909.0871572, "env_id": "MsPacmanNoFrameskip-v4"} 
r,l,t
1370.0,1006,13.50815
1310.0,891,24.295081
1310.0,894,34.777555
940.0,667,42.689627
940.0,672,50.681019
940.0,672,58.591776
1370.0,1005,70.411525
