# {"t_start": 1680809230.77615, "env_id": "MsPacmanNoFrameskip-v4"} 
r,l,t
970.0,740,8.249107
2040.0,1219,21.411941
2040.0,1222,34.575555
1180.0,925,44.260284
1180.0,930,53.886406
1180.0,930,63.437668
