# {"t_start": 1680809231.4853306, "env_id": "MsPacmanNoFrameskip-v4"} 
r,l,t
1410.0,1224,12.702091
1410.0,1230,26.134811
1410.0,1229,39.212188
1410.0,1224,51.892483
1180.0,928,61.484728
