# {"t_start": 1680800439.02672, "env_id": "MsPacmanNoFrameskip-v4"} 
r,l,t
530.0,478,5.727947
530.0,484,11.553182
