# {"t_start": 1680800909.8022342, "env_id": "MsPacmanNoFrameskip-v4"} 
r,l,t
1060.0,1006,12.792614
1060.0,1012,25.108761
1060.0,1011,36.863214
1060.0,1006,48.881055
940.0,670,56.813278
1310.0,893,67.384022
