# {"t_start": 1680800909.8185892, "env_id": "MsPacmanNoFrameskip-v4"} 
r,l,t
1370.0,1006,12.777519
1370.0,1003,24.942296
1370.0,1006,36.716344
940.0,671,44.657153
940.0,669,52.650221
1370.0,1010,64.513864
