# {"t_start": 1680809231.5444393, "env_id": "MsPacmanNoFrameskip-v4"} 
r,l,t
970.0,740,7.483546
970.0,737,15.306793
970.0,740,23.506565
1180.0,929,33.483204
1180.0,927,43.116438
970.0,744,50.786041
2040.0,1219,63.363458
