# {"t_start": 1680809231.6103783, "env_id": "MsPacmanNoFrameskip-v4"} 
r,l,t
1180.0,930,9.578493
1180.0,930,19.519403
2040.0,1222,32.669509
970.0,739,40.594586
970.0,737,48.056561
970.0,740,55.733715
1410.0,1224,68.270837
