# {"t_start": 1680800909.9039197, "env_id": "MsPacmanNoFrameskip-v4"} 
r,l,t
940.0,672,8.566109
940.0,672,16.852424
1310.0,894,27.603446
1370.0,1005,39.393776
1370.0,1003,51.268579
1370.0,1006,63.034527
