# {"t_start": 1680800909.9893117, "env_id": "MsPacmanNoFrameskip-v4"} 
r,l,t
1310.0,895,11.238992
1370.0,1005,23.466597
1370.0,1007,35.27614
940.0,666,43.169434
1370.0,1003,55.02105
1310.0,892,65.564316
