# {"t_start": 1680809231.6894257, "env_id": "MsPacmanNoFrameskip-v4"} 
r,l,t
2040.0,1223,12.469642
970.0,739,20.569935
970.0,741,28.619677
1180.0,924,38.437879
970.0,737,46.0211
2040.0,1220,58.647541
