# {"t_start": 1680809231.7690928, "env_id": "MsPacmanNoFrameskip-v4"} 
r,l,t
1180.0,926,9.339555
1180.0,930,19.306078
2040.0,1219,32.40992
1410.0,1226,45.294424
1410.0,1225,57.959084
970.0,744,65.535542
