# {"t_start": 1680800910.0309336, "env_id": "MsPacmanNoFrameskip-v4"} 
r,l,t
940.0,668,8.367061
940.0,672,16.660686
1310.0,891,27.367222
1060.0,1008,39.186118
1060.0,1007,51.140965
1370.0,1010,63.012991
940.0,669,70.851255
