# {"t_start": 1680809231.8485715, "env_id": "MsPacmanNoFrameskip-v4"} 
r,l,t
970.0,740,7.178541
2040.0,1217,20.277702
1180.0,927,30.243711
970.0,742,38.252113
2040.0,1223,50.829579
2040.0,1219,63.478438
