# {"t_start": 1680800910.1484137, "env_id": "MsPacmanNoFrameskip-v4"} 
r,l,t
1370.0,1006,12.448374
1310.0,889,23.19062
940.0,669,31.045535
1370.0,1008,42.990366
1310.0,895,53.56824
1310.0,891,64.100401
940.0,671,71.962769
