# {"t_start": 1680809230.8677945, "env_id": "MsPacmanNoFrameskip-v4"} 
r,l,t
1410.0,1228,13.384208
1410.0,1225,26.726542
2040.0,1219,39.678764
970.0,744,47.46587
970.0,737,55.095736
1180.0,924,64.568743
