# {"t_start": 1680800909.1791217, "env_id": "MsPacmanNoFrameskip-v4"} 
r,l,t
1060.0,1010,13.503359
1060.0,1007,25.697472
1310.0,891,36.116122
1370.0,1010,48.102474
1370.0,1003,59.896256
940.0,666,67.853604
