# {"t_start": 1680800438.3271272, "env_id": "MsPacmanNoFrameskip-v4"} 
r,l,t
530.0,482,6.505717
530.0,479,12.230149
