# {"t_start": 1680809230.9407942, "env_id": "MsPacmanNoFrameskip-v4"} 
r,l,t
1410.0,1230,13.355028
2040.0,1220,26.621355
1410.0,1230,39.698401
2040.0,1222,52.372177
1180.0,925,61.925791
