# {"t_start": 1680800909.1939323, "env_id": "MsPacmanNoFrameskip-v4"} 
r,l,t
1060.0,1012,13.524571
1310.0,892,24.341138
1060.0,1012,36.194144
1310.0,894,46.792932
940.0,667,54.643263
1370.0,1010,66.580084
