# {"t_start": 1680800438.4610083, "env_id": "MsPacmanNoFrameskip-v4"} 
r,l,t
530.0,484,6.414233
1770.0,852,16.665421
