# {"t_start": 1680800438.4591637, "env_id": "MsPacmanNoFrameskip-v4"} 
r,l,t
530.0,478,6.294231
1080.0,739,15.246402
