# {"t_start": 1680809230.999666, "env_id": "MsPacmanNoFrameskip-v4"} 
r,l,t
1410.0,1224,13.187267
970.0,737,21.229989
2040.0,1220,34.353023
2040.0,1219,47.139959
2040.0,1220,59.725173
