# {"t_start": 1680800909.308721, "env_id": "MsPacmanNoFrameskip-v4"} 
r,l,t
1060.0,1006,13.286055
1370.0,1003,25.451819
1310.0,892,35.857571
1310.0,891,46.457343
1310.0,892,57.006788
1060.0,1009,68.951729
