# {"t_start": 1680809231.08975, "env_id": "MsPacmanNoFrameskip-v4"} 
r,l,t
2040.0,1222,13.033769
1180.0,925,23.214446
970.0,741,31.059567
1180.0,925,40.964626
2040.0,1218,53.512326
970.0,743,61.147869
970.0,743,68.744218
