# {"t_start": 1680800909.4227448, "env_id": "MsPacmanNoFrameskip-v4"} 
r,l,t
1310.0,894,11.764729
940.0,667,19.872348
1370.0,1007,31.819508
940.0,667,39.736365
1310.0,890,50.274898
1370.0,1009,62.155914
