# {"t_start": 1680800909.4824507, "env_id": "MsPacmanNoFrameskip-v4"} 
r,l,t
940.0,667,8.888586
1370.0,1005,21.162705
1310.0,896,31.760579
940.0,672,39.760052
1370.0,1010,51.766162
1370.0,1008,63.596795
