# {"t_start": 1680809231.1640017, "env_id": "MsPacmanNoFrameskip-v4"} 
r,l,t
1180.0,925,9.917012
970.0,739,17.798539
2040.0,1224,30.98541
1180.0,930,40.960663
970.0,744,48.592682
970.0,742,56.266306
1410.0,1229,68.838438
