# {"t_start": 1680800909.5475843, "env_id": "MsPacmanNoFrameskip-v4"} 
r,l,t
940.0,670,8.881327
940.0,669,17.117577
1310.0,895,27.903597
1370.0,1007,39.713615
1370.0,1007,51.661704
1370.0,1005,63.424828
