# {"t_start": 1680809231.234344, "env_id": "MsPacmanNoFrameskip-v4"} 
r,l,t
1180.0,928,9.913033
1180.0,927,19.818652
2040.0,1223,32.986937
970.0,741,40.925463
970.0,741,48.48601
970.0,739,56.139457
970.0,744,63.792969
