# {"t_start": 1680800909.6381748, "env_id": "MsPacmanNoFrameskip-v4"} 
r,l,t
1370.0,1004,12.919914
1370.0,1003,25.079767
1060.0,1006,36.859614
1370.0,1008,48.883332
940.0,667,56.74722
940.0,669,64.582002
940.0,668,72.402724
