# {"t_start": 1680809231.324498, "env_id": "MsPacmanNoFrameskip-v4"} 
r,l,t
970.0,738,7.649684
970.0,737,15.480315
1410.0,1224,28.892293
970.0,742,36.753499
1180.0,925,46.424371
1180.0,927,55.928993
1180.0,926,65.42797
