# {"t_start": 1680800909.7032487, "env_id": "MsPacmanNoFrameskip-v4"} 
r,l,t
1310.0,895,11.522931
1370.0,1004,23.730554
1370.0,1004,35.511224
1060.0,1007,47.432967
1370.0,1004,59.287642
940.0,671,67.287453
