# {"t_start": 1680809231.413255, "env_id": "MsPacmanNoFrameskip-v4"} 
r,l,t
2040.0,1223,12.744962
970.0,738,20.816764
970.0,738,28.804146
1410.0,1225,41.810214
970.0,738,49.369673
1180.0,929,58.988827
