# {"t_start": 1681095040.3017266, "env_id": "SkiingNoFrameskip-v4"} 
r,l,t
-29983.0,4505,38.449807
-29985.0,4505,77.923153
-29963.0,4502,117.449908
-29963.0,4502,156.758308
-29982.0,4505,196.504352
-29957.0,4501,235.963049
