# {"t_start": 1681095040.3382907, "env_id": "SkiingNoFrameskip-v4"} 
r,l,t
-29970.0,4503,38.355011
-29965.0,4502,77.741389
-29985.0,4505,117.356954
-29962.0,4502,156.662145
-29995.0,4507,196.46778
-29995.0,4507,236.065166
