# {"t_start": 1681095040.6742182, "env_id": "SkiingNoFrameskip-v4"} 
r,l,t
-29953.0,4500,37.927006
-29993.0,4506,77.437405
-29987.0,4505,117.045138
-29953.0,4500,156.301901
-29982.0,4505,196.070734
-29978.0,4504,235.591135
