# {"t_start": 1681095040.7115548, "env_id": "SkiingNoFrameskip-v4"} 
r,l,t
-29970.0,4503,37.980788
-29950.0,4500,77.319109
-29970.0,4503,116.897064
-29988.0,4506,156.289266
-29975.0,4504,196.033417
-29997.0,4507,235.612707
