# {"t_start": 1681095040.7510722, "env_id": "SkiingNoFrameskip-v4"} 
r,l,t
-29995.0,4507,38.059764
-29995.0,4507,77.525305
-29985.0,4505,117.103727
-29963.0,4502,156.45382
-29950.0,4500,196.089383
-29970.0,4503,235.600346
