# {"t_start": 1681095040.786352, "env_id": "SkiingNoFrameskip-v4"} 
r,l,t
-29992.0,4506,37.993875
-29963.0,4502,77.385458
-29977.0,4504,116.966152
-29955.0,4501,156.24165
-29950.0,4500,195.877613
-29972.0,4503,235.427681
