# {"t_start": 1681095040.825211, "env_id": "SkiingNoFrameskip-v4"} 
r,l,t
-29968.0,4503,37.867105
-29995.0,4507,77.39889
-29965.0,4502,116.927888
-29967.0,4502,156.236667
-29960.0,4501,195.895636
-29997.0,4507,235.480749
