# {"t_start": 1681095040.8598442, "env_id": "SkiingNoFrameskip-v4"} 
r,l,t
-29970.0,4503,37.833065
-29952.0,4500,77.171149
-29975.0,4504,116.771937
-29983.0,4505,156.141586
-29992.0,4506,195.921322
-29965.0,4502,235.406441
