# {"t_start": 1681095040.3743806, "env_id": "SkiingNoFrameskip-v4"} 
r,l,t
-29980.0,4504,38.350489
-29960.0,4501,77.705909
-29965.0,4502,117.25809
-29997.0,4507,156.685694
-29950.0,4500,196.316591
-29955.0,4501,235.814499
-29992.0,4506,275.250649
