# {"t_start": 1681095040.4170518, "env_id": "SkiingNoFrameskip-v4"} 
r,l,t
-29993.0,4506,38.364065
-29972.0,4503,77.782563
-29993.0,4506,117.38523
-29985.0,4505,156.765527
-29962.0,4502,196.448606
-29997.0,4507,236.052011
