# {"t_start": 1681095040.450231, "env_id": "SkiingNoFrameskip-v4"} 
r,l,t
-29953.0,4500,38.150754
-29950.0,4500,77.508323
-29972.0,4503,117.109857
-29965.0,4502,156.403743
-29972.0,4503,196.13817
-29973.0,4503,235.665984
-29967.0,4502,275.061168
