# {"t_start": 1681095040.488935, "env_id": "SkiingNoFrameskip-v4"} 
r,l,t
-29985.0,4505,38.263598
-29962.0,4502,77.647569
-29977.0,4504,117.22922
-29962.0,4502,156.538368
-29958.0,4501,196.20269
-29990.0,4506,235.775531
