# {"t_start": 1681095040.5255966, "env_id": "SkiingNoFrameskip-v4"} 
r,l,t
-29962.0,4502,38.13697
-29963.0,4502,77.531327
-29998.0,4507,117.193133
-29995.0,4507,156.602758
-29997.0,4507,196.401375
-29983.0,4505,235.96708
