# {"t_start": 1681095040.560364, "env_id": "SkiingNoFrameskip-v4"} 
r,l,t
-29982.0,4505,38.191093
-29975.0,4504,77.638253
-29992.0,4506,117.243209
-29977.0,4504,156.592281
-29977.0,4504,196.329147
-29963.0,4502,235.820583
