# {"t_start": 1681095040.601615, "env_id": "SkiingNoFrameskip-v4"} 
r,l,t
-29957.0,4501,38.032281
-29950.0,4500,77.388047
-29953.0,4500,116.915655
-29983.0,4505,156.278164
-29962.0,4502,195.986295
-29975.0,4504,235.546475
-29968.0,4503,274.942874
