# {"t_start": 1681095040.636274, "env_id": "SkiingNoFrameskip-v4"} 
r,l,t
-29992.0,4506,38.144825
-29957.0,4501,77.501314
-29957.0,4501,117.021782
-29960.0,4501,156.298039
-29957.0,4501,195.985965
-29988.0,4506,235.57617
-29978.0,4504,274.964626
