# {"t_start": 1680811789.9543703, "env_id": "TimePilotNoFrameskip-v4"} 
r,l,t
3900.0,1279,22.289369
4300.0,2204,51.158548
5000.0,3018,156.571753
4600.0,2915,198.08431
4200.0,2037,226.683666
4000.0,1326,313.234904
7800.0,2866,354.297094
4100.0,1459,374.978366
4200.0,2358,521.689688
4200.0,1461,541.755123
4000.0,1653,565.081106
8000.0,2067,595.692582
1200.0,1505,731.417046
