# {"t_start": 1680811789.9388463, "env_id": "TimePilotNoFrameskip-v4"} 
r,l,t
4200.0,1969,31.678026
600.0,902,43.867622
4100.0,1255,59.326885
600.0,1187,74.681824
1300.0,1795,164.598735
900.0,1116,179.930361
1200.0,1441,201.258403
1200.0,1819,226.544305
4300.0,1820,320.279855
4300.0,1904,347.468927
4100.0,2051,376.690976
1100.0,1144,393.181108
4000.0,1442,526.218968
4400.0,1870,552.279371
4800.0,2799,592.999033
4200.0,1921,735.099796
