# {"t_start": 1680811790.015966, "env_id": "TimePilotNoFrameskip-v4"} 
r,l,t
600.0,996,18.438532
4900.0,2855,55.837026
4500.0,2562,155.310864
4000.0,1421,174.86564
4500.0,2269,207.859117
4000.0,1707,231.388535
4300.0,1890,326.225739
4600.0,2478,361.560155
3800.0,1024,376.222933
700.0,1404,396.694026
4000.0,1394,528.704715
800.0,1082,543.599846
4100.0,1743,568.143608
3900.0,2149,600.298623
700.0,1034,728.966108
