# {"t_start": 1680811789.9877777, "env_id": "TimePilotNoFrameskip-v4"} 
r,l,t
500.0,1231,21.653502
7800.0,3060,61.597741
8100.0,2860,165.505786
4100.0,1554,187.404434
600.0,705,197.708234
5100.0,2816,237.159968
4400.0,1987,333.612198
700.0,1848,359.889577
800.0,1069,375.135166
7800.0,2423,522.763266
4000.0,1376,541.583831
1000.0,975,555.295671
1000.0,1544,577.206941
800.0,1058,593.057612
4500.0,2052,737.042911
