# {"t_start": 1680811789.9976435, "env_id": "TimePilotNoFrameskip-v4"} 
r,l,t
700.0,1175,20.872704
700.0,1081,35.403703
4500.0,2213,63.69694
700.0,1246,80.033751
700.0,1368,164.159594
8100.0,2250,196.276707
4000.0,1421,216.615773
4500.0,2240,315.830508
4400.0,2106,346.027903
4300.0,1888,372.736851
4600.0,2050,515.286957
4300.0,1640,537.868743
4000.0,1231,555.146111
4300.0,2348,589.207224
4200.0,2396,738.358336
