# {"t_start": 1680811790.0043795, "env_id": "TimePilotNoFrameskip-v4"} 
r,l,t
4400.0,1984,31.829714
700.0,1238,47.80724
4100.0,1811,71.056932
400.0,1175,86.503436
500.0,862,163.934757
4800.0,2261,196.233797
4000.0,2053,225.291509
900.0,1161,241.180435
4500.0,2084,339.174999
300.0,1040,353.944752
3900.0,1129,369.785197
4100.0,1904,397.790264
4500.0,2020,538.300779
4700.0,2429,572.688018
600.0,898,585.735998
4600.0,2215,732.459332
