# {"t_start": 1680811790.00956, "env_id": "TimePilotNoFrameskip-v4"} 
r,l,t
800.0,1560,25.927625
1000.0,1034,40.158871
4000.0,1466,58.369008
800.0,1062,72.081695
5100.0,3312,183.142373
800.0,1131,199.891438
5100.0,2282,231.732226
4800.0,2124,329.962482
800.0,1695,354.110815
4200.0,1439,374.494322
4300.0,1716,399.9786
4800.0,2241,543.276057
3900.0,1376,562.654128
800.0,1138,578.753368
4200.0,1995,722.758842
