# {"t_start": 1680811790.012289, "env_id": "TimePilotNoFrameskip-v4"} 
r,l,t
800.0,1137,20.357605
7600.0,2597,54.317774
3900.0,1387,72.257381
800.0,1553,158.699612
4200.0,2316,191.410267
4700.0,2296,224.114344
4400.0,2115,321.941009
4200.0,1903,349.106112
8400.0,2715,387.889217
4300.0,1704,525.023007
4500.0,1791,549.938794
4000.0,1317,568.438927
700.0,1407,589.086888
4100.0,1738,728.702307
