# {"t_start": 1680811789.9449158, "env_id": "TimePilotNoFrameskip-v4"} 
r,l,t
4400.0,2068,33.035289
700.0,1689,54.697881
4600.0,1919,79.753457
7900.0,2952,186.268517
4700.0,2144,217.312353
1100.0,1461,237.312809
1000.0,1484,326.554688
4500.0,2038,355.655488
4700.0,2250,387.732001
900.0,1404,520.703849
8200.0,2804,559.958721
4400.0,2082,590.28817
300.0,931,718.223626
3900.0,1497,739.623065
