# {"t_start": 1680811789.977621, "env_id": "TimePilotNoFrameskip-v4"} 
r,l,t
4200.0,1491,25.000176
4500.0,2235,54.22455
900.0,1170,69.170962
3900.0,1493,154.800422
4600.0,2483,189.692167
3900.0,1545,212.227024
4300.0,1762,236.372814
4800.0,2037,333.455759
4200.0,1527,355.262105
4200.0,1909,382.472152
4100.0,1425,515.89786
4000.0,1953,542.874346
800.0,1041,557.482594
800.0,1323,576.226187
1100.0,1455,598.189078
