# {"t_start": 1680811789.955053, "env_id": "TimePilotNoFrameskip-v4"} 
r,l,t
4400.0,1845,29.933788
4100.0,1415,48.336363
800.0,1537,67.917115
900.0,1955,159.79823
900.0,1297,177.611229
4300.0,1651,201.998827
8100.0,2889,242.024802
4300.0,2140,340.888583
4100.0,1591,363.41871
4200.0,2739,515.831464
3800.0,1380,534.772632
4100.0,1522,556.150809
4400.0,2177,587.615186
4600.0,2689,741.066347
