# {"t_start": 1680811789.9735284, "env_id": "TimePilotNoFrameskip-v4"} 
r,l,t
4200.0,1733,28.354612
7900.0,1911,53.192581
900.0,1042,66.428511
1100.0,2074,159.887118
4300.0,2370,193.558885
4200.0,1832,219.705939
3900.0,1058,234.202939
4100.0,1436,322.597002
5000.0,2688,360.897192
4400.0,2154,392.000793
4200.0,2031,533.325004
3900.0,1177,549.661574
4700.0,2711,588.809656
800.0,1058,718.753143
1000.0,1185,735.622098
