# {"t_start": 1680811789.982786, "env_id": "TimePilotNoFrameskip-v4"} 
r,l,t
4300.0,1958,31.465276
4500.0,1505,50.85938
3800.0,1231,66.550746
4400.0,2657,168.078353
4700.0,2377,202.593693
4600.0,2210,233.275978
4000.0,1192,318.067935
4100.0,1689,342.186954
4700.0,2960,384.452548
7700.0,1944,525.051851
4200.0,1629,547.648449
4300.0,2024,576.368999
3900.0,2079,721.470458
