# {"t_start": 1680811789.9689083, "env_id": "TimePilotNoFrameskip-v4"} 
r,l,t
1200.0,1298,22.534123
3800.0,1182,38.586448
4000.0,1593,58.590851
4800.0,1968,84.316431
900.0,1635,172.517496
4100.0,1561,194.971595
4500.0,2059,224.091612
4500.0,2495,327.398139
4700.0,3050,370.824791
4300.0,2018,400.849536
3800.0,1386,532.189844
4200.0,1862,558.188279
800.0,1477,579.121489
4200.0,2021,723.48209
3800.0,1334,742.487136
