# {"t_start": 1680811790.0008345, "env_id": "TimePilotNoFrameskip-v4"} 
r,l,t
1600.0,1601,26.470848
8000.0,2706,61.817231
4400.0,1596,82.704592
700.0,1120,163.470061
4400.0,2437,198.490471
4500.0,1801,223.77659
3900.0,1099,238.838297
4200.0,2352,340.578266
4000.0,1473,361.445752
600.0,1152,378.000962
1000.0,1169,394.954525
900.0,1269,525.393152
4400.0,2181,555.79085
4400.0,2432,591.19882
4500.0,1934,733.55096
