# {"t_start": 1680811790.0057511, "env_id": "TimePilotNoFrameskip-v4"} 
r,l,t
4000.0,1215,21.407308
4000.0,1329,39.430852
4700.0,2403,69.865254
900.0,1291,86.919528
600.0,837,164.009248
8200.0,2204,195.510231
800.0,1792,220.963397
4300.0,1659,312.104659
4100.0,1954,339.944999
4100.0,1790,365.425929
3900.0,1436,385.930312
1000.0,1602,521.750602
400.0,857,533.448246
4400.0,1662,556.685785
900.0,1095,572.105156
3800.0,1111,588.443844
1100.0,1655,726.887037
