# {"t_start": 1680777801.3167543, "env_id": "FreewayNoFrameskip-v4"} 
r,l,t
0.0,2046,23.148922
0.0,2046,46.351139
0.0,2043,69.008669
0.0,2043,90.431814
0.0,2046,111.88395
0.0,2042,132.301984

