# {"t_start": 1680777801.4113908, "env_id": "FreewayNoFrameskip-v4"} 
r,l,t
0.0,2044,22.978381
0.0,2043,46.072676
0.0,2046,68.838243
0.0,2043,90.250732
0.0,2048,111.789412
0.0,2048,132.381721

