# {"t_start": 1680777801.7816281, "env_id": "FreewayNoFrameskip-v4"} 
r,l,t
0.0,2041,22.504246
0.0,2047,45.744789
0.0,2046,68.50678
0.0,2041,89.849103
0.0,2045,111.309557
0.0,2045,131.804347

