# {"t_start": 1680777801.7960393, "env_id": "FreewayNoFrameskip-v4"} 
r,l,t
0.0,2044,22.594371
0.0,2041,45.614299
0.0,2044,68.338129
0.0,2047,89.866419
0.0,2045,111.329416
0.0,2048,131.907664

