# {"t_start": 1680777801.846199, "env_id": "FreewayNoFrameskip-v4"} 
r,l,t
0.0,2047,22.658084
0.0,2047,45.87091
0.0,2046,68.627117
0.0,2043,90.032529
0.0,2041,111.356079
0.0,2044,131.823547
08
