# {"t_start": 1680777801.896459, "env_id": "FreewayNoFrameskip-v4"} 
r,l,t
0.0,2047,22.611451
0.0,2043,45.699521
0.0,2045,68.429229
0.0,2042,89.814026
0.0,2041,111.11897
0.0,2044,131.626027
6
