# {"t_start": 1680777801.9401958, "env_id": "FreewayNoFrameskip-v4"} 
r,l,t
0.0,2044,22.451419
0.0,2048,45.724706
0.0,2043,68.385436
0.0,2043,89.810758
0.0,2042,111.154711
0.0,2048,131.728679
