# {"t_start": 1680777801.9686162, "env_id": "FreewayNoFrameskip-v4"} 
r,l,t
0.0,2044,22.423393
0.0,2041,45.442108
0.0,2045,68.192704
0.0,2046,89.693958
0.0,2047,111.199983
0.0,2043,131.651833

