# {"t_start": 1680777801.3965693, "env_id": "FreewayNoFrameskip-v4"} 
r,l,t
0.0,2045,23.034141
0.0,2042,46.090565
0.0,2043,68.764763
0.0,2048,90.352112
0.0,2041,111.654845
0.0,2042,132.092598
0.0,2047,147.022238
