# {"t_start": 1680777801.4317207, "env_id": "FreewayNoFrameskip-v4"} 
r,l,t
0.0,2047,23.071567
0.0,2044,46.202932
0.0,2047,68.991087
0.0,2046,90.485148
0.0,2042,111.816296
0.0,2048,132.420835
