# {"t_start": 1680777801.5488806, "env_id": "FreewayNoFrameskip-v4"} 
r,l,t
0.0,2041,22.736854
0.0,2041,45.774834
0.0,2044,68.489191
0.0,2043,89.943621
0.0,2044,111.369267
0.0,2044,131.855593
0.0,2043,146.732466

