# {"t_start": 1680777801.5261493, "env_id": "FreewayNoFrameskip-v4"} 
r,l,t
0.0,2046,22.940395
0.0,2043,46.031412
0.0,2045,68.760234
0.0,2043,90.185434
0.0,2042,111.524178
0.0,2047,132.093362

