# {"t_start": 1680777801.5657623, "env_id": "FreewayNoFrameskip-v4"} 
r,l,t
0.0,2043,22.791214
0.0,2043,45.885248
0.0,2048,68.723166
0.0,2047,90.251252
0.0,2048,111.771496
0.0,2046,132.317427

