# {"t_start": 1680777801.6058993, "env_id": "FreewayNoFrameskip-v4"} 
r,l,t
0.0,2045,22.826026
0.0,2045,45.988955
0.0,2047,68.781831
0.0,2045,90.235074
0.0,2045,111.681978
0.0,2043,132.134386

