# {"t_start": 1680777801.706966, "env_id": "FreewayNoFrameskip-v4"} 
r,l,t
0.0,2042,22.618648
0.0,2041,45.654012
0.0,2041,68.282997
0.0,2046,89.820286
0.0,2042,111.186739
0.0,2045,131.69575
0.0,2044,146.605599
56
