# {"t_start": 1680777801.7468164, "env_id": "FreewayNoFrameskip-v4"} 
r,l,t
0.0,2047,22.759874
0.0,2042,45.810174
0.0,2042,68.455333
0.0,2042,89.837374
0.0,2042,111.217809
0.0,2047,131.771935
0.0,2045,146.649257

