# {"t_start": 1681397802.579587, "env_id": "MsPacmanNoFrameskip-v4"} 
r,l,t
1720.0,818,10.046942
2790.0,854,20.205061
1720.0,818,30.183469
2790.0,856,40.655157
1900.0,803,50.427281
1580.0,818,60.324321
