# {"t_start": 1681397802.5171344, "env_id": "MsPacmanNoFrameskip-v4"} 
r,l,t
1720.0,812,9.964579
1580.0,811,19.509842
2790.0,854,29.988145
2790.0,853,40.492408
2790.0,854,50.954799
1720.0,815,60.814029
