# {"t_start": 1681397802.7857306, "env_id": "MsPacmanNoFrameskip-v4"} 
r,l,t
2790.0,857,10.42533
1580.0,813,19.951563
1580.0,815,29.910853
1900.0,802,39.607336
1580.0,811,49.39163
2790.0,854,59.876776
