# {"t_start": 1681397802.8530896, "env_id": "MsPacmanNoFrameskip-v4"} 
r,l,t
1900.0,804,9.4809
1900.0,808,18.985794
2790.0,853,29.388527
1720.0,814,39.354901
1720.0,813,49.220514
1580.0,818,59.229545
1900.0,805,68.84608
