# {"t_start": 1681397802.8573034, "env_id": "MsPacmanNoFrameskip-v4"} 
r,l,t
1580.0,814,9.689651
2790.0,851,19.780997
1900.0,805,29.487084
1580.0,816,39.501724
2790.0,857,50.051118
2790.0,853,60.419371
