# {"t_start": 1681397802.9695778, "env_id": "MsPacmanNoFrameskip-v4"} 
r,l,t
1720.0,812,9.516502
1720.0,814,19.132775
1580.0,812,28.880791
1720.0,815,38.849839
1900.0,804,48.653464
1900.0,803,58.50319
1720.0,813,68.209009
