# {"t_start": 1681397802.9732096, "env_id": "MsPacmanNoFrameskip-v4"} 
r,l,t
1720.0,812,9.513181
1580.0,813,19.099729
2790.0,854,29.590217
1720.0,816,39.555443
1900.0,808,49.314686
2790.0,852,59.738624
