# {"t_start": 1681397803.034875, "env_id": "MsPacmanNoFrameskip-v4"} 
r,l,t
2790.0,857,10.17728
2790.0,853,20.183196
1720.0,818,30.182019
2790.0,853,40.653738
1900.0,806,50.495417
1900.0,804,60.16157
