# {"t_start": 1681397802.5296254, "env_id": "MsPacmanNoFrameskip-v4"} 
r,l,t
2790.0,856,10.650444
1900.0,803,20.020977
1580.0,815,29.915301
1900.0,803,39.632694
2790.0,852,50.149055
1580.0,817,60.04701
