# {"t_start": 1681397802.5482225, "env_id": "MsPacmanNoFrameskip-v4"} 
r,l,t
1900.0,803,9.755696
1580.0,813,19.366802
2790.0,858,29.897477
1900.0,808,39.712992
1580.0,818,49.680198
1580.0,816,59.656647
