# {"t_start": 1681397802.5821145, "env_id": "MsPacmanNoFrameskip-v4"} 
r,l,t
1900.0,806,9.787384
1900.0,805,19.225832
2790.0,857,29.716909
1580.0,815,39.701504
1580.0,815,49.595058
1580.0,813,59.533783
