# {"t_start": 1681397802.6635294, "env_id": "MsPacmanNoFrameskip-v4"} 
r,l,t
1580.0,812,9.820682
1580.0,811,19.363379
1720.0,812,29.122727
1580.0,816,39.106246
1900.0,803,48.90339
1900.0,805,58.77305
1900.0,804,68.361826
