# {"t_start": 1681397802.7978947, "env_id": "MsPacmanNoFrameskip-v4"} 
r,l,t
2790.0,857,10.413664
1580.0,812,19.90719
1580.0,812,29.804169
1720.0,813,39.696473
1580.0,812,49.551568
1900.0,807,59.360186
