# {"t_start": 1681397802.7535498, "env_id": "MsPacmanNoFrameskip-v4"} 
r,l,t
1720.0,812,9.729856
1720.0,818,19.426479
1720.0,817,29.245409
1720.0,812,39.144296
1900.0,806,49.001384
2790.0,855,59.511014
