# {"t_start": 1681397802.821801, "env_id": "MsPacmanNoFrameskip-v4"} 
r,l,t
1580.0,814,9.724785
1580.0,811,19.247263
1580.0,814,29.061008
1900.0,807,38.858758
1900.0,805,48.699134
1580.0,818,58.784912
2790.0,853,68.991694
