# {"t_start": 1681397802.7826753, "env_id": "MsPacmanNoFrameskip-v4"} 
r,l,t
1900.0,808,9.628216
1900.0,808,19.140146
2790.0,856,29.610265
1580.0,813,39.541287
1580.0,811,49.349854
1580.0,814,59.300195
1720.0,812,69.030144
